entity_id,state,last_changed
sensor.shelly_plug_sg3_wk_waschmaschine_wk_waschmaschine_leistung,0.0,2026-05-26T07:00:00.000Z
sensor.shelly_plug_sg3_wk_waschmaschine_wk_waschmaschine_leistung,1.1,2026-05-27T08:32:51.341Z
sensor.shelly_plug_sg3_wk_waschmaschine_wk_waschmaschine_leistung,3.2,2026-05-27T08:32:52.378Z
sensor.shelly_plug_sg3_wk_waschmaschine_wk_waschmaschine_leistung,9.4,2026-05-27T08:32:55.464Z
sensor.shelly_plug_sg3_wk_waschmaschine_wk_waschmaschine_leistung,5.6,2026-05-27T08:32:56.490Z
sensor.shelly_plug_sg3_wk_waschmaschine_wk_waschmaschine_leistung,5.7,2026-05-27T08:32:59.972Z
sensor.shelly_plug_sg3_wk_waschmaschine_wk_waschmaschine_leistung,16.4,2026-05-27T08:34:44.420Z
sensor.shelly_plug_sg3_wk_waschmaschine_wk_waschmaschine_leistung,25.7,2026-05-27T08:34:45.451Z
sensor.shelly_plug_sg3_wk_waschmaschine_wk_waschmaschine_leistung,27.0,2026-05-27T08:34:46.470Z
sensor.shelly_plug_sg3_wk_waschmaschine_wk_waschmaschine_leistung,20.4,2026-05-27T08:34:48.527Z
sensor.shelly_plug_sg3_wk_waschmaschine_wk_waschmaschine_leistung,17.1,2026-05-27T08:34:52.647Z
sensor.shelly_plug_sg3_wk_waschmaschine_wk_waschmaschine_leistung,30.4,2026-05-27T08:34:53.673Z
sensor.shelly_plug_sg3_wk_waschmaschine_wk_waschmaschine_leistung,33.3,2026-05-27T08:34:54.692Z
sensor.shelly_plug_sg3_wk_waschmaschine_wk_waschmaschine_leistung,27.0,2026-05-27T08:34:55.732Z
sensor.shelly_plug_sg3_wk_waschmaschine_wk_waschmaschine_leistung,30.1,2026-05-27T08:34:56.749Z
sensor.shelly_plug_sg3_wk_waschmaschine_wk_waschmaschine_leistung,33.5,2026-05-27T08:34:57.785Z
sensor.shelly_plug_sg3_wk_waschmaschine_wk_waschmaschine_leistung,26.9,2026-05-27T08:34:58.813Z
sensor.shelly_plug_sg3_wk_waschmaschine_wk_waschmaschine_leistung,29.3,2026-05-27T08:34:59.844Z
sensor.shelly_plug_sg3_wk_waschmaschine_wk_waschmaschine_leistung,37.2,2026-05-27T08:35:00.876Z
sensor.shelly_plug_sg3_wk_waschmaschine_wk_waschmaschine_leistung,34.4,2026-05-27T08:35:01.889Z
sensor.shelly_plug_sg3_wk_waschmaschine_wk_waschmaschine_leistung,13.9,2026-05-27T08:35:02.927Z
sensor.shelly_plug_sg3_wk_waschmaschine_wk_waschmaschine_leistung,5.1,2026-05-27T08:35:03.955Z
sensor.shelly_plug_sg3_wk_waschmaschine_wk_waschmaschine_leistung,3.9,2026-05-27T08:35:04.975Z
sensor.shelly_plug_sg3_wk_waschmaschine_wk_waschmaschine_leistung,8.3,2026-05-27T08:35:07.030Z
sensor.shelly_plug_sg3_wk_waschmaschine_wk_waschmaschine_leistung,11.2,2026-05-27T08:35:10.119Z
sensor.shelly_plug_sg3_wk_waschmaschine_wk_waschmaschine_leistung,10.0,2026-05-27T08:35:15.254Z
sensor.shelly_plug_sg3_wk_waschmaschine_wk_waschmaschine_leistung,3.9,2026-05-27T08:35:16.281Z
sensor.shelly_plug_sg3_wk_waschmaschine_wk_waschmaschine_leistung,5.5,2026-05-27T08:35:18.337Z
sensor.shelly_plug_sg3_wk_waschmaschine_wk_waschmaschine_leistung,8.3,2026-05-27T08:35:19.365Z
sensor.shelly_plug_sg3_wk_waschmaschine_wk_waschmaschine_leistung,9.8,2026-05-27T08:35:21.423Z
sensor.shelly_plug_sg3_wk_waschmaschine_wk_waschmaschine_leistung,11.2,2026-05-27T08:35:22.458Z
sensor.shelly_plug_sg3_wk_waschmaschine_wk_waschmaschine_leistung,30.4,2026-05-27T08:35:25.543Z
sensor.shelly_plug_sg3_wk_waschmaschine_wk_waschmaschine_leistung,43.5,2026-05-27T08:35:26.571Z
sensor.shelly_plug_sg3_wk_waschmaschine_wk_waschmaschine_leistung,36.0,2026-05-27T08:35:27.599Z
sensor.shelly_plug_sg3_wk_waschmaschine_wk_waschmaschine_leistung,44.5,2026-05-27T08:35:28.633Z
sensor.shelly_plug_sg3_wk_waschmaschine_wk_waschmaschine_leistung,35.1,2026-05-27T08:35:29.658Z
sensor.shelly_plug_sg3_wk_waschmaschine_wk_waschmaschine_leistung,28.5,2026-05-27T08:35:30.684Z
sensor.shelly_plug_sg3_wk_waschmaschine_wk_waschmaschine_leistung,33.3,2026-05-27T08:35:31.702Z
sensor.shelly_plug_sg3_wk_waschmaschine_wk_waschmaschine_leistung,39.6,2026-05-27T08:35:32.743Z
sensor.shelly_plug_sg3_wk_waschmaschine_wk_waschmaschine_leistung,35.6,2026-05-27T08:35:33.760Z
sensor.shelly_plug_sg3_wk_waschmaschine_wk_waschmaschine_leistung,38.5,2026-05-27T08:35:34.789Z
sensor.shelly_plug_sg3_wk_waschmaschine_wk_waschmaschine_leistung,28.5,2026-05-27T08:35:35.825Z
sensor.shelly_plug_sg3_wk_waschmaschine_wk_waschmaschine_leistung,12.4,2026-05-27T08:35:36.855Z
sensor.shelly_plug_sg3_wk_waschmaschine_wk_waschmaschine_leistung,36.5,2026-05-27T08:35:37.885Z
sensor.shelly_plug_sg3_wk_waschmaschine_wk_waschmaschine_leistung,33.4,2026-05-27T08:35:38.902Z
sensor.shelly_plug_sg3_wk_waschmaschine_wk_waschmaschine_leistung,41.8,2026-05-27T08:35:39.938Z
sensor.shelly_plug_sg3_wk_waschmaschine_wk_waschmaschine_leistung,31.8,2026-05-27T08:35:40.966Z
sensor.shelly_plug_sg3_wk_waschmaschine_wk_waschmaschine_leistung,25.9,2026-05-27T08:35:41.996Z
sensor.shelly_plug_sg3_wk_waschmaschine_wk_waschmaschine_leistung,40.3,2026-05-27T08:35:43.022Z
sensor.shelly_plug_sg3_wk_waschmaschine_wk_waschmaschine_leistung,47.3,2026-05-27T08:35:44.051Z
sensor.shelly_plug_sg3_wk_waschmaschine_wk_waschmaschine_leistung,39.2,2026-05-27T08:35:45.079Z
sensor.shelly_plug_sg3_wk_waschmaschine_wk_waschmaschine_leistung,41.6,2026-05-27T08:35:46.100Z
sensor.shelly_plug_sg3_wk_waschmaschine_wk_waschmaschine_leistung,31.5,2026-05-27T08:35:47.138Z
sensor.shelly_plug_sg3_wk_waschmaschine_wk_waschmaschine_leistung,16.7,2026-05-27T08:35:48.166Z
sensor.shelly_plug_sg3_wk_waschmaschine_wk_waschmaschine_leistung,47.8,2026-05-27T08:35:49.192Z
sensor.shelly_plug_sg3_wk_waschmaschine_wk_waschmaschine_leistung,53.0,2026-05-27T08:35:51.239Z
sensor.shelly_plug_sg3_wk_waschmaschine_wk_waschmaschine_leistung,50.0,2026-05-27T08:35:52.267Z
sensor.shelly_plug_sg3_wk_waschmaschine_wk_waschmaschine_leistung,23.0,2026-05-27T08:35:53.305Z
sensor.shelly_plug_sg3_wk_waschmaschine_wk_waschmaschine_leistung,49.7,2026-05-27T08:35:54.334Z
sensor.shelly_plug_sg3_wk_waschmaschine_wk_waschmaschine_leistung,46.8,2026-05-27T08:35:56.380Z
sensor.shelly_plug_sg3_wk_waschmaschine_wk_waschmaschine_leistung,52.0,2026-05-27T08:35:57.408Z
sensor.shelly_plug_sg3_wk_waschmaschine_wk_waschmaschine_leistung,34.5,2026-05-27T08:35:58.446Z
sensor.shelly_plug_sg3_wk_waschmaschine_wk_waschmaschine_leistung,11.5,2026-05-27T08:35:59.474Z
sensor.shelly_plug_sg3_wk_waschmaschine_wk_waschmaschine_leistung,52.1,2026-05-27T08:36:00.502Z
sensor.shelly_plug_sg3_wk_waschmaschine_wk_waschmaschine_leistung,42.5,2026-05-27T08:36:01.531Z
sensor.shelly_plug_sg3_wk_waschmaschine_wk_waschmaschine_leistung,48.3,2026-05-27T08:36:02.559Z
sensor.shelly_plug_sg3_wk_waschmaschine_wk_waschmaschine_leistung,19.0,2026-05-27T08:36:03.587Z
sensor.shelly_plug_sg3_wk_waschmaschine_wk_waschmaschine_leistung,3.6,2026-05-27T08:36:04.615Z
sensor.shelly_plug_sg3_wk_waschmaschine_wk_waschmaschine_leistung,7.5,2026-05-27T08:36:06.671Z
sensor.shelly_plug_sg3_wk_waschmaschine_wk_waschmaschine_leistung,62.7,2026-05-27T08:36:07.699Z
sensor.shelly_plug_sg3_wk_waschmaschine_wk_waschmaschine_leistung,58.4,2026-05-27T08:36:08.727Z
sensor.shelly_plug_sg3_wk_waschmaschine_wk_waschmaschine_leistung,44.9,2026-05-27T08:36:10.787Z
sensor.shelly_plug_sg3_wk_waschmaschine_wk_waschmaschine_leistung,3.7,2026-05-27T08:36:11.814Z
sensor.shelly_plug_sg3_wk_waschmaschine_wk_waschmaschine_leistung,53.1,2026-05-27T08:36:14.896Z
sensor.shelly_plug_sg3_wk_waschmaschine_wk_waschmaschine_leistung,57.3,2026-05-27T08:36:15.926Z
sensor.shelly_plug_sg3_wk_waschmaschine_wk_waschmaschine_leistung,46.9,2026-05-27T08:36:16.953Z
sensor.shelly_plug_sg3_wk_waschmaschine_wk_waschmaschine_leistung,60.1,2026-05-27T08:36:17.981Z
sensor.shelly_plug_sg3_wk_waschmaschine_wk_waschmaschine_leistung,3.9,2026-05-27T08:36:19.010Z
sensor.shelly_plug_sg3_wk_waschmaschine_wk_waschmaschine_leistung,11.6,2026-05-27T08:36:22.096Z
sensor.shelly_plug_sg3_wk_waschmaschine_wk_waschmaschine_leistung,65.3,2026-05-27T08:36:23.121Z
sensor.shelly_plug_sg3_wk_waschmaschine_wk_waschmaschine_leistung,57.6,2026-05-27T08:36:24.149Z
sensor.shelly_plug_sg3_wk_waschmaschine_wk_waschmaschine_leistung,65.0,2026-05-27T08:36:25.180Z
sensor.shelly_plug_sg3_wk_waschmaschine_wk_waschmaschine_leistung,15.7,2026-05-27T08:36:27.234Z
sensor.shelly_plug_sg3_wk_waschmaschine_wk_waschmaschine_leistung,47.5,2026-05-27T08:36:28.264Z
sensor.shelly_plug_sg3_wk_waschmaschine_wk_waschmaschine_leistung,81.7,2026-05-27T08:36:29.290Z
sensor.shelly_plug_sg3_wk_waschmaschine_wk_waschmaschine_leistung,76.7,2026-05-27T08:36:30.321Z
sensor.shelly_plug_sg3_wk_waschmaschine_wk_waschmaschine_leistung,72.7,2026-05-27T08:36:31.337Z
sensor.shelly_plug_sg3_wk_waschmaschine_wk_waschmaschine_leistung,63.1,2026-05-27T08:36:33.411Z
sensor.shelly_plug_sg3_wk_waschmaschine_wk_waschmaschine_leistung,75.4,2026-05-27T08:36:34.431Z
sensor.shelly_plug_sg3_wk_waschmaschine_wk_waschmaschine_leistung,70.2,2026-05-27T08:36:36.487Z
sensor.shelly_plug_sg3_wk_waschmaschine_wk_waschmaschine_leistung,66.2,2026-05-27T08:36:37.505Z
sensor.shelly_plug_sg3_wk_waschmaschine_wk_waschmaschine_leistung,21.6,2026-05-27T08:36:38.543Z
sensor.shelly_plug_sg3_wk_waschmaschine_wk_waschmaschine_leistung,91.0,2026-05-27T08:36:39.571Z
sensor.shelly_plug_sg3_wk_waschmaschine_wk_waschmaschine_leistung,81.1,2026-05-27T08:36:40.603Z
sensor.shelly_plug_sg3_wk_waschmaschine_wk_waschmaschine_leistung,89.4,2026-05-27T08:36:41.628Z
sensor.shelly_plug_sg3_wk_waschmaschine_wk_waschmaschine_leistung,79.2,2026-05-27T08:36:42.657Z
sensor.shelly_plug_sg3_wk_waschmaschine_wk_waschmaschine_leistung,84.7,2026-05-27T08:36:43.687Z
sensor.shelly_plug_sg3_wk_waschmaschine_wk_waschmaschine_leistung,72.3,2026-05-27T08:36:44.713Z
sensor.shelly_plug_sg3_wk_waschmaschine_wk_waschmaschine_leistung,89.8,2026-05-27T08:36:45.742Z
sensor.shelly_plug_sg3_wk_waschmaschine_wk_waschmaschine_leistung,81.8,2026-05-27T08:36:46.770Z
sensor.shelly_plug_sg3_wk_waschmaschine_wk_waschmaschine_leistung,14.8,2026-05-27T08:36:47.798Z
sensor.shelly_plug_sg3_wk_waschmaschine_wk_waschmaschine_leistung,5.5,2026-05-27T08:36:48.827Z
sensor.shelly_plug_sg3_wk_waschmaschine_wk_waschmaschine_leistung,55.4,2026-05-27T08:36:49.857Z
sensor.shelly_plug_sg3_wk_waschmaschine_wk_waschmaschine_leistung,113.5,2026-05-27T08:36:50.883Z
sensor.shelly_plug_sg3_wk_waschmaschine_wk_waschmaschine_leistung,36.5,2026-05-27T08:36:51.911Z
sensor.shelly_plug_sg3_wk_waschmaschine_wk_waschmaschine_leistung,8.5,2026-05-27T08:36:52.941Z
sensor.shelly_plug_sg3_wk_waschmaschine_wk_waschmaschine_leistung,12.9,2026-05-27T08:36:54.996Z
sensor.shelly_plug_sg3_wk_waschmaschine_wk_waschmaschine_leistung,69.4,2026-05-27T08:36:56.024Z
sensor.shelly_plug_sg3_wk_waschmaschine_wk_waschmaschine_leistung,103.3,2026-05-27T08:36:57.052Z
sensor.shelly_plug_sg3_wk_waschmaschine_wk_waschmaschine_leistung,88.4,2026-05-27T08:36:58.082Z
sensor.shelly_plug_sg3_wk_waschmaschine_wk_waschmaschine_leistung,69.3,2026-05-27T08:36:59.109Z
sensor.shelly_plug_sg3_wk_waschmaschine_wk_waschmaschine_leistung,10.3,2026-05-27T08:37:00.137Z
sensor.shelly_plug_sg3_wk_waschmaschine_wk_waschmaschine_leistung,8.6,2026-05-27T08:37:01.156Z
sensor.shelly_plug_sg3_wk_waschmaschine_wk_waschmaschine_leistung,43.5,2026-05-27T08:37:03.221Z
sensor.shelly_plug_sg3_wk_waschmaschine_wk_waschmaschine_leistung,107.0,2026-05-27T08:37:04.249Z
sensor.shelly_plug_sg3_wk_waschmaschine_wk_waschmaschine_leistung,99.3,2026-05-27T08:37:05.277Z
sensor.shelly_plug_sg3_wk_waschmaschine_wk_waschmaschine_leistung,93.1,2026-05-27T08:37:06.305Z
sensor.shelly_plug_sg3_wk_waschmaschine_wk_waschmaschine_leistung,33.3,2026-05-27T08:37:07.334Z
sensor.shelly_plug_sg3_wk_waschmaschine_wk_waschmaschine_leistung,8.4,2026-05-27T08:37:08.362Z
sensor.shelly_plug_sg3_wk_waschmaschine_wk_waschmaschine_leistung,5.4,2026-05-27T08:37:09.380Z
sensor.shelly_plug_sg3_wk_waschmaschine_wk_waschmaschine_leistung,9.7,2026-05-27T08:37:10.420Z
sensor.shelly_plug_sg3_wk_waschmaschine_wk_waschmaschine_leistung,65.5,2026-05-27T08:37:11.446Z
sensor.shelly_plug_sg3_wk_waschmaschine_wk_waschmaschine_leistung,96.2,2026-05-27T08:37:12.474Z
sensor.shelly_plug_sg3_wk_waschmaschine_wk_waschmaschine_leistung,83.0,2026-05-27T08:37:13.504Z
sensor.shelly_plug_sg3_wk_waschmaschine_wk_waschmaschine_leistung,64.0,2026-05-27T08:37:14.533Z
sensor.shelly_plug_sg3_wk_waschmaschine_wk_waschmaschine_leistung,5.4,2026-05-27T08:37:15.559Z
sensor.shelly_plug_sg3_wk_waschmaschine_wk_waschmaschine_leistung,3.7,2026-05-27T08:37:16.587Z
sensor.shelly_plug_sg3_wk_waschmaschine_wk_waschmaschine_leistung,42.4,2026-05-27T08:37:18.643Z
sensor.shelly_plug_sg3_wk_waschmaschine_wk_waschmaschine_leistung,112.1,2026-05-27T08:37:19.672Z
sensor.shelly_plug_sg3_wk_waschmaschine_wk_waschmaschine_leistung,96.1,2026-05-27T08:37:20.705Z
sensor.shelly_plug_sg3_wk_waschmaschine_wk_waschmaschine_leistung,20.7,2026-05-27T08:37:22.755Z
sensor.shelly_plug_sg3_wk_waschmaschine_wk_waschmaschine_leistung,3.7,2026-05-27T08:37:23.784Z
sensor.shelly_plug_sg3_wk_waschmaschine_wk_waschmaschine_leistung,11.4,2026-05-27T08:37:25.839Z
sensor.shelly_plug_sg3_wk_waschmaschine_wk_waschmaschine_leistung,71.1,2026-05-27T08:37:26.869Z
sensor.shelly_plug_sg3_wk_waschmaschine_wk_waschmaschine_leistung,90.3,2026-05-27T08:37:27.899Z
sensor.shelly_plug_sg3_wk_waschmaschine_wk_waschmaschine_leistung,80.5,2026-05-27T08:37:28.927Z
sensor.shelly_plug_sg3_wk_waschmaschine_wk_waschmaschine_leistung,60.7,2026-05-27T08:37:29.952Z
sensor.shelly_plug_sg3_wk_waschmaschine_wk_waschmaschine_leistung,3.6,2026-05-27T08:37:30.980Z
sensor.shelly_plug_sg3_wk_waschmaschine_wk_waschmaschine_leistung,46.1,2026-05-27T08:37:34.064Z
sensor.shelly_plug_sg3_wk_waschmaschine_wk_waschmaschine_leistung,97.5,2026-05-27T08:37:35.093Z
sensor.shelly_plug_sg3_wk_waschmaschine_wk_waschmaschine_leistung,3.7,2026-05-27T08:37:38.179Z
sensor.shelly_plug_sg3_wk_waschmaschine_wk_waschmaschine_leistung,13.7,2026-05-27T08:37:41.260Z
sensor.shelly_plug_sg3_wk_waschmaschine_wk_waschmaschine_leistung,92.2,2026-05-27T08:37:42.292Z
sensor.shelly_plug_sg3_wk_waschmaschine_wk_waschmaschine_leistung,57.2,2026-05-27T08:37:45.373Z
sensor.shelly_plug_sg3_wk_waschmaschine_wk_waschmaschine_leistung,3.9,2026-05-27T08:37:46.401Z
sensor.shelly_plug_sg3_wk_waschmaschine_wk_waschmaschine_leistung,122.9,2026-05-27T08:37:49.487Z
sensor.shelly_plug_sg3_wk_waschmaschine_wk_waschmaschine_leistung,96.5,2026-05-27T08:37:50.513Z
sensor.shelly_plug_sg3_wk_waschmaschine_wk_waschmaschine_leistung,3.7,2026-05-27T08:37:53.596Z
sensor.shelly_plug_sg3_wk_waschmaschine_wk_waschmaschine_leistung,72.9,2026-05-27T08:37:56.680Z
sensor.shelly_plug_sg3_wk_waschmaschine_wk_waschmaschine_leistung,102.2,2026-05-27T08:37:57.709Z
sensor.shelly_plug_sg3_wk_waschmaschine_wk_waschmaschine_leistung,89.5,2026-05-27T08:37:58.737Z
sensor.shelly_plug_sg3_wk_waschmaschine_wk_waschmaschine_leistung,98.8,2026-05-27T08:37:59.765Z
sensor.shelly_plug_sg3_wk_waschmaschine_wk_waschmaschine_leistung,4.7,2026-05-27T08:38:00.795Z
sensor.shelly_plug_sg3_wk_waschmaschine_wk_waschmaschine_leistung,3.6,2026-05-27T08:38:02.840Z
sensor.shelly_plug_sg3_wk_waschmaschine_wk_waschmaschine_leistung,53.7,2026-05-27T08:38:03.877Z
sensor.shelly_plug_sg3_wk_waschmaschine_wk_waschmaschine_leistung,110.9,2026-05-27T08:38:04.905Z
sensor.shelly_plug_sg3_wk_waschmaschine_wk_waschmaschine_leistung,96.8,2026-05-27T08:38:05.933Z
sensor.shelly_plug_sg3_wk_waschmaschine_wk_waschmaschine_leistung,12.9,2026-05-27T08:38:07.989Z
sensor.shelly_plug_sg3_wk_waschmaschine_wk_waschmaschine_leistung,3.7,2026-05-27T08:38:09.019Z
sensor.shelly_plug_sg3_wk_waschmaschine_wk_waschmaschine_leistung,18.3,2026-05-27T08:38:11.074Z
sensor.shelly_plug_sg3_wk_waschmaschine_wk_waschmaschine_leistung,80.5,2026-05-27T08:38:12.102Z
sensor.shelly_plug_sg3_wk_waschmaschine_wk_waschmaschine_leistung,97.4,2026-05-27T08:38:13.130Z
sensor.shelly_plug_sg3_wk_waschmaschine_wk_waschmaschine_leistung,86.9,2026-05-27T08:38:14.161Z
sensor.shelly_plug_sg3_wk_waschmaschine_wk_waschmaschine_leistung,51.5,2026-05-27T08:38:15.189Z
sensor.shelly_plug_sg3_wk_waschmaschine_wk_waschmaschine_leistung,4.7,2026-05-27T08:38:16.215Z
sensor.shelly_plug_sg3_wk_waschmaschine_wk_waschmaschine_leistung,54.2,2026-05-27T08:38:19.299Z
sensor.shelly_plug_sg3_wk_waschmaschine_wk_waschmaschine_leistung,118.4,2026-05-27T08:38:20.327Z
sensor.shelly_plug_sg3_wk_waschmaschine_wk_waschmaschine_leistung,103.6,2026-05-27T08:38:21.358Z
sensor.shelly_plug_sg3_wk_waschmaschine_wk_waschmaschine_leistung,89.7,2026-05-27T08:38:22.386Z
sensor.shelly_plug_sg3_wk_waschmaschine_wk_waschmaschine_leistung,11.4,2026-05-27T08:38:23.412Z
sensor.shelly_plug_sg3_wk_waschmaschine_wk_waschmaschine_leistung,3.6,2026-05-27T08:38:24.439Z
sensor.shelly_plug_sg3_wk_waschmaschine_wk_waschmaschine_leistung,20.8,2026-05-27T08:38:26.500Z
sensor.shelly_plug_sg3_wk_waschmaschine_wk_waschmaschine_leistung,82.5,2026-05-27T08:38:27.526Z
sensor.shelly_plug_sg3_wk_waschmaschine_wk_waschmaschine_leistung,97.7,2026-05-27T08:38:28.553Z
sensor.shelly_plug_sg3_wk_waschmaschine_wk_waschmaschine_leistung,48.9,2026-05-27T08:38:30.608Z
sensor.shelly_plug_sg3_wk_waschmaschine_wk_waschmaschine_leistung,4.6,2026-05-27T08:38:31.638Z
sensor.shelly_plug_sg3_wk_waschmaschine_wk_waschmaschine_leistung,3.6,2026-05-27T08:38:32.655Z
sensor.shelly_plug_sg3_wk_waschmaschine_wk_waschmaschine_leistung,61.0,2026-05-27T08:38:34.721Z
sensor.shelly_plug_sg3_wk_waschmaschine_wk_waschmaschine_leistung,116.1,2026-05-27T08:38:35.749Z
sensor.shelly_plug_sg3_wk_waschmaschine_wk_waschmaschine_leistung,97.4,2026-05-27T08:38:36.777Z
sensor.shelly_plug_sg3_wk_waschmaschine_wk_waschmaschine_leistung,87.2,2026-05-27T08:38:37.806Z
sensor.shelly_plug_sg3_wk_waschmaschine_wk_waschmaschine_leistung,8.4,2026-05-27T08:38:38.834Z
sensor.shelly_plug_sg3_wk_waschmaschine_wk_waschmaschine_leistung,3.6,2026-05-27T08:38:39.862Z
sensor.shelly_plug_sg3_wk_waschmaschine_wk_waschmaschine_leistung,22.9,2026-05-27T08:38:41.919Z
sensor.shelly_plug_sg3_wk_waschmaschine_wk_waschmaschine_leistung,87.5,2026-05-27T08:38:42.946Z
sensor.shelly_plug_sg3_wk_waschmaschine_wk_waschmaschine_leistung,92.7,2026-05-27T08:38:44.994Z
sensor.shelly_plug_sg3_wk_waschmaschine_wk_waschmaschine_leistung,45.3,2026-05-27T08:38:46.033Z
sensor.shelly_plug_sg3_wk_waschmaschine_wk_waschmaschine_leistung,3.7,2026-05-27T08:38:47.059Z
sensor.shelly_plug_sg3_wk_waschmaschine_wk_waschmaschine_leistung,4.9,2026-05-27T08:38:49.110Z
sensor.shelly_plug_sg3_wk_waschmaschine_wk_waschmaschine_leistung,61.1,2026-05-27T08:38:50.144Z
sensor.shelly_plug_sg3_wk_waschmaschine_wk_waschmaschine_leistung,106.9,2026-05-27T08:38:51.173Z
sensor.shelly_plug_sg3_wk_waschmaschine_wk_waschmaschine_leistung,91.9,2026-05-27T08:38:52.201Z
sensor.shelly_plug_sg3_wk_waschmaschine_wk_waschmaschine_leistung,3.7,2026-05-27T08:38:54.258Z
sensor.shelly_plug_sg3_wk_waschmaschine_wk_waschmaschine_leistung,25.6,2026-05-27T08:38:57.340Z
sensor.shelly_plug_sg3_wk_waschmaschine_wk_waschmaschine_leistung,90.6,2026-05-27T08:38:58.369Z
sensor.shelly_plug_sg3_wk_waschmaschine_wk_waschmaschine_leistung,99.0,2026-05-27T08:38:59.398Z
sensor.shelly_plug_sg3_wk_waschmaschine_wk_waschmaschine_leistung,87.2,2026-05-27T08:39:00.427Z
sensor.shelly_plug_sg3_wk_waschmaschine_wk_waschmaschine_leistung,41.0,2026-05-27T08:39:01.454Z
sensor.shelly_plug_sg3_wk_waschmaschine_wk_waschmaschine_leistung,4.1,2026-05-27T08:39:02.482Z
sensor.shelly_plug_sg3_wk_waschmaschine_wk_waschmaschine_leistung,5.7,2026-05-27T08:39:04.528Z
sensor.shelly_plug_sg3_wk_waschmaschine_wk_waschmaschine_leistung,125.5,2026-05-27T08:39:05.568Z
sensor.shelly_plug_sg3_wk_waschmaschine_wk_waschmaschine_leistung,88.0,2026-05-27T08:39:06.594Z
sensor.shelly_plug_sg3_wk_waschmaschine_wk_waschmaschine_leistung,100.9,2026-05-27T08:39:07.624Z
sensor.shelly_plug_sg3_wk_waschmaschine_wk_waschmaschine_leistung,88.2,2026-05-27T08:39:08.650Z
sensor.shelly_plug_sg3_wk_waschmaschine_wk_waschmaschine_leistung,3.7,2026-05-27T08:39:09.678Z
sensor.shelly_plug_sg3_wk_waschmaschine_wk_waschmaschine_leistung,87.1,2026-05-27T08:39:12.762Z
sensor.shelly_plug_sg3_wk_waschmaschine_wk_waschmaschine_leistung,95.3,2026-05-27T08:39:13.790Z
sensor.shelly_plug_sg3_wk_waschmaschine_wk_waschmaschine_leistung,90.5,2026-05-27T08:39:14.810Z
sensor.shelly_plug_sg3_wk_waschmaschine_wk_waschmaschine_leistung,4.3,2026-05-27T08:39:16.875Z
sensor.shelly_plug_sg3_wk_waschmaschine_wk_waschmaschine_leistung,72.5,2026-05-27T08:39:19.959Z
sensor.shelly_plug_sg3_wk_waschmaschine_wk_waschmaschine_leistung,121.6,2026-05-27T08:39:20.990Z
sensor.shelly_plug_sg3_wk_waschmaschine_wk_waschmaschine_leistung,101.3,2026-05-27T08:39:22.018Z
sensor.shelly_plug_sg3_wk_waschmaschine_wk_waschmaschine_leistung,5.8,2026-05-27T08:39:24.073Z
sensor.shelly_plug_sg3_wk_waschmaschine_wk_waschmaschine_leistung,3.6,2026-05-27T08:39:25.101Z
sensor.shelly_plug_sg3_wk_waschmaschine_wk_waschmaschine_leistung,30.0,2026-05-27T08:39:27.158Z
sensor.shelly_plug_sg3_wk_waschmaschine_wk_waschmaschine_leistung,86.5,2026-05-27T08:39:28.184Z
sensor.shelly_plug_sg3_wk_waschmaschine_wk_waschmaschine_leistung,93.5,2026-05-27T08:39:29.214Z
sensor.shelly_plug_sg3_wk_waschmaschine_wk_waschmaschine_leistung,31.1,2026-05-27T08:39:31.268Z
sensor.shelly_plug_sg3_wk_waschmaschine_wk_waschmaschine_leistung,3.8,2026-05-27T08:39:32.296Z
sensor.shelly_plug_sg3_wk_waschmaschine_wk_waschmaschine_leistung,7.7,2026-05-27T08:39:34.353Z
sensor.shelly_plug_sg3_wk_waschmaschine_wk_waschmaschine_leistung,73.5,2026-05-27T08:39:35.380Z
sensor.shelly_plug_sg3_wk_waschmaschine_wk_waschmaschine_leistung,110.2,2026-05-27T08:39:36.409Z
sensor.shelly_plug_sg3_wk_waschmaschine_wk_waschmaschine_leistung,92.8,2026-05-27T08:39:37.437Z
sensor.shelly_plug_sg3_wk_waschmaschine_wk_waschmaschine_leistung,64.5,2026-05-27T08:39:38.466Z
sensor.shelly_plug_sg3_wk_waschmaschine_wk_waschmaschine_leistung,4.8,2026-05-27T08:39:39.499Z
sensor.shelly_plug_sg3_wk_waschmaschine_wk_waschmaschine_leistung,3.6,2026-05-27T08:39:40.513Z
sensor.shelly_plug_sg3_wk_waschmaschine_wk_waschmaschine_leistung,34.8,2026-05-27T08:39:42.579Z
sensor.shelly_plug_sg3_wk_waschmaschine_wk_waschmaschine_leistung,95.4,2026-05-27T08:39:43.607Z
sensor.shelly_plug_sg3_wk_waschmaschine_wk_waschmaschine_leistung,102.1,2026-05-27T08:39:44.626Z
sensor.shelly_plug_sg3_wk_waschmaschine_wk_waschmaschine_leistung,91.5,2026-05-27T08:39:45.663Z
sensor.shelly_plug_sg3_wk_waschmaschine_wk_waschmaschine_leistung,28.3,2026-05-27T08:39:46.691Z
sensor.shelly_plug_sg3_wk_waschmaschine_wk_waschmaschine_leistung,4.2,2026-05-27T08:39:47.719Z
sensor.shelly_plug_sg3_wk_waschmaschine_wk_waschmaschine_leistung,746.4,2026-05-27T08:39:49.777Z
sensor.shelly_plug_sg3_wk_waschmaschine_wk_waschmaschine_leistung,2357.5,2026-05-27T08:39:50.803Z
sensor.shelly_plug_sg3_wk_waschmaschine_wk_waschmaschine_leistung,2277.4,2026-05-27T08:40:00.032Z
sensor.shelly_plug_sg3_wk_waschmaschine_wk_waschmaschine_leistung,2181.0,2026-05-27T08:40:03.167Z
sensor.shelly_plug_sg3_wk_waschmaschine_wk_waschmaschine_leistung,2304.9,2026-05-27T08:40:20.641Z
sensor.shelly_plug_sg3_wk_waschmaschine_wk_waschmaschine_leistung,2175.0,2026-05-27T08:40:32.977Z
sensor.shelly_plug_sg3_wk_waschmaschine_wk_waschmaschine_leistung,2286.6,2026-05-27T08:40:49.410Z
sensor.shelly_plug_sg3_wk_waschmaschine_wk_waschmaschine_leistung,2266.9,2026-05-27T08:41:00.034Z
sensor.shelly_plug_sg3_wk_waschmaschine_wk_waschmaschine_leistung,2169.6,2026-05-27T08:41:01.746Z
sensor.shelly_plug_sg3_wk_waschmaschine_wk_waschmaschine_leistung,2279.7,2026-05-27T08:41:18.190Z
sensor.shelly_plug_sg3_wk_waschmaschine_wk_waschmaschine_leistung,2179.8,2026-05-27T08:42:00.026Z
sensor.shelly_plug_sg3_wk_waschmaschine_wk_waschmaschine_leistung,2192.9,2026-05-27T08:43:00.034Z
sensor.shelly_plug_sg3_wk_waschmaschine_wk_waschmaschine_leistung,2257.4,2026-05-27T08:44:00.027Z
sensor.shelly_plug_sg3_wk_waschmaschine_wk_waschmaschine_leistung,2269.6,2026-05-27T08:45:00.025Z
sensor.shelly_plug_sg3_wk_waschmaschine_wk_waschmaschine_leistung,2226.3,2026-05-27T08:46:00.022Z
sensor.shelly_plug_sg3_wk_waschmaschine_wk_waschmaschine_leistung,2268.1,2026-05-27T08:47:00.021Z
sensor.shelly_plug_sg3_wk_waschmaschine_wk_waschmaschine_leistung,1055.9,2026-05-27T08:47:34.388Z
sensor.shelly_plug_sg3_wk_waschmaschine_wk_waschmaschine_leistung,91.1,2026-05-27T08:47:35.416Z
sensor.shelly_plug_sg3_wk_waschmaschine_wk_waschmaschine_leistung,78.6,2026-05-27T08:47:36.447Z
sensor.shelly_plug_sg3_wk_waschmaschine_wk_waschmaschine_leistung,71.9,2026-05-27T08:47:37.473Z
sensor.shelly_plug_sg3_wk_waschmaschine_wk_waschmaschine_leistung,51.7,2026-05-27T08:47:38.501Z
sensor.shelly_plug_sg3_wk_waschmaschine_wk_waschmaschine_leistung,40.7,2026-05-27T08:47:39.529Z
sensor.shelly_plug_sg3_wk_waschmaschine_wk_waschmaschine_leistung,26.7,2026-05-27T08:47:40.557Z
sensor.shelly_plug_sg3_wk_waschmaschine_wk_waschmaschine_leistung,30.2,2026-05-27T08:47:42.604Z
sensor.shelly_plug_sg3_wk_waschmaschine_wk_waschmaschine_leistung,44.7,2026-05-27T08:47:43.644Z
sensor.shelly_plug_sg3_wk_waschmaschine_wk_waschmaschine_leistung,81.4,2026-05-27T08:47:44.670Z
sensor.shelly_plug_sg3_wk_waschmaschine_wk_waschmaschine_leistung,77.2,2026-05-27T08:47:46.717Z
sensor.shelly_plug_sg3_wk_waschmaschine_wk_waschmaschine_leistung,85.3,2026-05-27T08:47:47.745Z
sensor.shelly_plug_sg3_wk_waschmaschine_wk_waschmaschine_leistung,80.6,2026-05-27T08:47:48.773Z
sensor.shelly_plug_sg3_wk_waschmaschine_wk_waschmaschine_leistung,88.6,2026-05-27T08:47:49.811Z
sensor.shelly_plug_sg3_wk_waschmaschine_wk_waschmaschine_leistung,83.4,2026-05-27T08:47:53.922Z
sensor.shelly_plug_sg3_wk_waschmaschine_wk_waschmaschine_leistung,51.9,2026-05-27T08:47:54.954Z
sensor.shelly_plug_sg3_wk_waschmaschine_wk_waschmaschine_leistung,4.3,2026-05-27T08:47:55.981Z
sensor.shelly_plug_sg3_wk_waschmaschine_wk_waschmaschine_leistung,18.8,2026-05-27T08:47:58.035Z
sensor.shelly_plug_sg3_wk_waschmaschine_wk_waschmaschine_leistung,103.4,2026-05-27T08:47:59.064Z
sensor.shelly_plug_sg3_wk_waschmaschine_wk_waschmaschine_leistung,96.7,2026-05-27T08:48:07.286Z
sensor.shelly_plug_sg3_wk_waschmaschine_wk_waschmaschine_leistung,80.0,2026-05-27T08:48:09.342Z
sensor.shelly_plug_sg3_wk_waschmaschine_wk_waschmaschine_leistung,68.3,2026-05-27T08:48:11.398Z
sensor.shelly_plug_sg3_wk_waschmaschine_wk_waschmaschine_leistung,44.6,2026-05-27T08:48:12.426Z
sensor.shelly_plug_sg3_wk_waschmaschine_wk_waschmaschine_leistung,46.9,2026-05-27T08:48:13.447Z
sensor.shelly_plug_sg3_wk_waschmaschine_wk_waschmaschine_leistung,42.9,2026-05-27T08:48:14.473Z
sensor.shelly_plug_sg3_wk_waschmaschine_wk_waschmaschine_leistung,51.0,2026-05-27T08:48:16.538Z
sensor.shelly_plug_sg3_wk_waschmaschine_wk_waschmaschine_leistung,64.7,2026-05-27T08:48:17.567Z
sensor.shelly_plug_sg3_wk_waschmaschine_wk_waschmaschine_leistung,81.2,2026-05-27T08:48:18.595Z
sensor.shelly_plug_sg3_wk_waschmaschine_wk_waschmaschine_leistung,93.4,2026-05-27T08:48:20.652Z
sensor.shelly_plug_sg3_wk_waschmaschine_wk_waschmaschine_leistung,99.0,2026-05-27T08:48:23.735Z
sensor.shelly_plug_sg3_wk_waschmaschine_wk_waschmaschine_leistung,93.2,2026-05-27T08:48:24.763Z
sensor.shelly_plug_sg3_wk_waschmaschine_wk_waschmaschine_leistung,98.0,2026-05-27T08:48:25.784Z
sensor.shelly_plug_sg3_wk_waschmaschine_wk_waschmaschine_leistung,45.3,2026-05-27T08:48:27.850Z
sensor.shelly_plug_sg3_wk_waschmaschine_wk_waschmaschine_leistung,3.9,2026-05-27T08:48:28.877Z
sensor.shelly_plug_sg3_wk_waschmaschine_wk_waschmaschine_leistung,91.7,2026-05-27T08:48:30.932Z
sensor.shelly_plug_sg3_wk_waschmaschine_wk_waschmaschine_leistung,101.1,2026-05-27T08:48:36.074Z
sensor.shelly_plug_sg3_wk_waschmaschine_wk_waschmaschine_leistung,95.0,2026-05-27T08:48:39.157Z
sensor.shelly_plug_sg3_wk_waschmaschine_wk_waschmaschine_leistung,89.2,2026-05-27T08:48:40.184Z
sensor.shelly_plug_sg3_wk_waschmaschine_wk_waschmaschine_leistung,83.9,2026-05-27T08:48:41.217Z
sensor.shelly_plug_sg3_wk_waschmaschine_wk_waschmaschine_leistung,66.9,2026-05-27T08:48:42.241Z
sensor.shelly_plug_sg3_wk_waschmaschine_wk_waschmaschine_leistung,58.5,2026-05-27T08:48:43.269Z
sensor.shelly_plug_sg3_wk_waschmaschine_wk_waschmaschine_leistung,50.8,2026-05-27T08:48:44.321Z
sensor.shelly_plug_sg3_wk_waschmaschine_wk_waschmaschine_leistung,36.2,2026-05-27T08:48:45.317Z
sensor.shelly_plug_sg3_wk_waschmaschine_wk_waschmaschine_leistung,28.5,2026-05-27T08:48:46.353Z
sensor.shelly_plug_sg3_wk_waschmaschine_wk_waschmaschine_leistung,26.8,2026-05-27T08:48:47.373Z
sensor.shelly_plug_sg3_wk_waschmaschine_wk_waschmaschine_leistung,35.9,2026-05-27T08:48:48.410Z
sensor.shelly_plug_sg3_wk_waschmaschine_wk_waschmaschine_leistung,2292.5,2026-05-27T08:48:49.439Z
sensor.shelly_plug_sg3_wk_waschmaschine_wk_waschmaschine_leistung,2275.7,2026-05-27T08:49:00.015Z
sensor.shelly_plug_sg3_wk_waschmaschine_wk_waschmaschine_leistung,1087.2,2026-05-27T08:49:52.139Z
sensor.shelly_plug_sg3_wk_waschmaschine_wk_waschmaschine_leistung,44.2,2026-05-27T08:49:53.166Z
sensor.shelly_plug_sg3_wk_waschmaschine_wk_waschmaschine_leistung,30.4,2026-05-27T08:49:54.194Z
sensor.shelly_plug_sg3_wk_waschmaschine_wk_waschmaschine_leistung,67.3,2026-05-27T08:49:55.222Z
sensor.shelly_plug_sg3_wk_waschmaschine_wk_waschmaschine_leistung,83.3,2026-05-27T08:49:56.250Z
sensor.shelly_plug_sg3_wk_waschmaschine_wk_waschmaschine_leistung,91.3,2026-05-27T08:49:57.280Z
sensor.shelly_plug_sg3_wk_waschmaschine_wk_waschmaschine_leistung,85.9,2026-05-27T08:49:58.309Z
sensor.shelly_plug_sg3_wk_waschmaschine_wk_waschmaschine_leistung,85.0,2026-05-27T08:50:00.014Z
sensor.shelly_plug_sg3_wk_waschmaschine_wk_waschmaschine_leistung,81.4,2026-05-27T08:50:00.353Z
sensor.shelly_plug_sg3_wk_waschmaschine_wk_waschmaschine_leistung,86.5,2026-05-27T08:50:01.384Z
sensor.shelly_plug_sg3_wk_waschmaschine_wk_waschmaschine_leistung,91.8,2026-05-27T08:50:02.420Z
sensor.shelly_plug_sg3_wk_waschmaschine_wk_waschmaschine_leistung,81.6,2026-05-27T08:50:03.448Z
sensor.shelly_plug_sg3_wk_waschmaschine_wk_waschmaschine_leistung,88.0,2026-05-27T08:50:04.476Z
sensor.shelly_plug_sg3_wk_waschmaschine_wk_waschmaschine_leistung,65.8,2026-05-27T08:50:06.535Z
sensor.shelly_plug_sg3_wk_waschmaschine_wk_waschmaschine_leistung,5.6,2026-05-27T08:50:07.561Z
sensor.shelly_plug_sg3_wk_waschmaschine_wk_waschmaschine_leistung,3.9,2026-05-27T08:50:08.582Z
sensor.shelly_plug_sg3_wk_waschmaschine_wk_waschmaschine_leistung,81.5,2026-05-27T08:50:09.617Z
sensor.shelly_plug_sg3_wk_waschmaschine_wk_waschmaschine_leistung,115.2,2026-05-27T08:50:10.646Z
sensor.shelly_plug_sg3_wk_waschmaschine_wk_waschmaschine_leistung,106.8,2026-05-27T08:50:12.702Z
sensor.shelly_plug_sg3_wk_waschmaschine_wk_waschmaschine_leistung,100.4,2026-05-27T08:50:15.786Z
sensor.shelly_plug_sg3_wk_waschmaschine_wk_waschmaschine_leistung,107.5,2026-05-27T08:50:17.844Z
sensor.shelly_plug_sg3_wk_waschmaschine_wk_waschmaschine_leistung,100.2,2026-05-27T08:50:19.897Z
sensor.shelly_plug_sg3_wk_waschmaschine_wk_waschmaschine_leistung,90.4,2026-05-27T08:50:20.926Z
sensor.shelly_plug_sg3_wk_waschmaschine_wk_waschmaschine_leistung,72.3,2026-05-27T08:50:21.954Z
sensor.shelly_plug_sg3_wk_waschmaschine_wk_waschmaschine_leistung,57.2,2026-05-27T08:50:24.010Z
sensor.shelly_plug_sg3_wk_waschmaschine_wk_waschmaschine_leistung,35.7,2026-05-27T08:50:25.040Z
sensor.shelly_plug_sg3_wk_waschmaschine_wk_waschmaschine_leistung,39.2,2026-05-27T08:50:26.058Z
sensor.shelly_plug_sg3_wk_waschmaschine_wk_waschmaschine_leistung,72.1,2026-05-27T08:50:27.095Z
sensor.shelly_plug_sg3_wk_waschmaschine_wk_waschmaschine_leistung,61.2,2026-05-27T08:50:28.123Z
sensor.shelly_plug_sg3_wk_waschmaschine_wk_waschmaschine_leistung,83.5,2026-05-27T08:50:30.182Z
sensor.shelly_plug_sg3_wk_waschmaschine_wk_waschmaschine_leistung,94.1,2026-05-27T08:50:31.208Z
sensor.shelly_plug_sg3_wk_waschmaschine_wk_waschmaschine_leistung,100.2,2026-05-27T08:50:35.320Z
sensor.shelly_plug_sg3_wk_waschmaschine_wk_waschmaschine_leistung,91.6,2026-05-27T08:50:36.348Z
sensor.shelly_plug_sg3_wk_waschmaschine_wk_waschmaschine_leistung,67.2,2026-05-27T08:50:39.432Z
sensor.shelly_plug_sg3_wk_waschmaschine_wk_waschmaschine_leistung,4.3,2026-05-27T08:50:40.461Z
sensor.shelly_plug_sg3_wk_waschmaschine_wk_waschmaschine_leistung,14.5,2026-05-27T08:50:41.489Z
sensor.shelly_plug_sg3_wk_waschmaschine_wk_waschmaschine_leistung,70.2,2026-05-27T08:50:42.520Z
sensor.shelly_plug_sg3_wk_waschmaschine_wk_waschmaschine_leistung,98.8,2026-05-27T08:50:43.548Z
sensor.shelly_plug_sg3_wk_waschmaschine_wk_waschmaschine_leistung,88.2,2026-05-27T08:50:52.797Z
sensor.shelly_plug_sg3_wk_waschmaschine_wk_waschmaschine_leistung,80.7,2026-05-27T08:50:53.825Z
sensor.shelly_plug_sg3_wk_waschmaschine_wk_waschmaschine_leistung,69.1,2026-05-27T08:50:54.853Z
sensor.shelly_plug_sg3_wk_waschmaschine_wk_waschmaschine_leistung,56.2,2026-05-27T08:50:55.883Z
sensor.shelly_plug_sg3_wk_waschmaschine_wk_waschmaschine_leistung,40.4,2026-05-27T08:50:56.910Z
sensor.shelly_plug_sg3_wk_waschmaschine_wk_waschmaschine_leistung,33.4,2026-05-27T08:50:57.938Z
sensor.shelly_plug_sg3_wk_waschmaschine_wk_waschmaschine_leistung,29.9,2026-05-27T08:50:58.957Z
sensor.shelly_plug_sg3_wk_waschmaschine_wk_waschmaschine_leistung,41.0,2026-05-27T08:51:00.028Z
sensor.shelly_plug_sg3_wk_waschmaschine_wk_waschmaschine_leistung,56.2,2026-05-27T08:51:01.054Z
sensor.shelly_plug_sg3_wk_waschmaschine_wk_waschmaschine_leistung,82.3,2026-05-27T08:51:02.083Z
sensor.shelly_plug_sg3_wk_waschmaschine_wk_waschmaschine_leistung,88.1,2026-05-27T08:51:06.194Z
sensor.shelly_plug_sg3_wk_waschmaschine_wk_waschmaschine_leistung,82.4,2026-05-27T08:51:11.334Z
sensor.shelly_plug_sg3_wk_waschmaschine_wk_waschmaschine_leistung,11.0,2026-05-27T08:51:13.392Z
sensor.shelly_plug_sg3_wk_waschmaschine_wk_waschmaschine_leistung,4.1,2026-05-27T08:51:14.420Z
sensor.shelly_plug_sg3_wk_waschmaschine_wk_waschmaschine_leistung,56.7,2026-05-27T08:51:15.448Z
sensor.shelly_plug_sg3_wk_waschmaschine_wk_waschmaschine_leistung,121.0,2026-05-27T08:51:16.475Z
sensor.shelly_plug_sg3_wk_waschmaschine_wk_waschmaschine_leistung,100.8,2026-05-27T08:51:17.503Z
sensor.shelly_plug_sg3_wk_waschmaschine_wk_waschmaschine_leistung,111.2,2026-05-27T08:51:19.562Z
sensor.shelly_plug_sg3_wk_waschmaschine_wk_waschmaschine_leistung,100.5,2026-05-27T08:51:24.700Z
sensor.shelly_plug_sg3_wk_waschmaschine_wk_waschmaschine_leistung,89.9,2026-05-27T08:51:26.756Z
sensor.shelly_plug_sg3_wk_waschmaschine_wk_waschmaschine_leistung,82.4,2026-05-27T08:51:27.783Z
sensor.shelly_plug_sg3_wk_waschmaschine_wk_waschmaschine_leistung,58.2,2026-05-27T08:51:28.813Z
sensor.shelly_plug_sg3_wk_waschmaschine_wk_waschmaschine_leistung,42.9,2026-05-27T08:51:30.867Z
sensor.shelly_plug_sg3_wk_waschmaschine_wk_waschmaschine_leistung,36.2,2026-05-27T08:51:31.896Z
sensor.shelly_plug_sg3_wk_waschmaschine_wk_waschmaschine_leistung,42.4,2026-05-27T08:51:32.925Z
sensor.shelly_plug_sg3_wk_waschmaschine_wk_waschmaschine_leistung,62.0,2026-05-27T08:51:33.952Z
sensor.shelly_plug_sg3_wk_waschmaschine_wk_waschmaschine_leistung,81.1,2026-05-27T08:51:36.008Z
sensor.shelly_plug_sg3_wk_waschmaschine_wk_waschmaschine_leistung,90.4,2026-05-27T08:51:38.065Z
sensor.shelly_plug_sg3_wk_waschmaschine_wk_waschmaschine_leistung,97.9,2026-05-27T08:51:41.140Z
sensor.shelly_plug_sg3_wk_waschmaschine_wk_waschmaschine_leistung,90.0,2026-05-27T08:51:44.232Z
sensor.shelly_plug_sg3_wk_waschmaschine_wk_waschmaschine_leistung,94.9,2026-05-27T08:51:45.251Z
sensor.shelly_plug_sg3_wk_waschmaschine_wk_waschmaschine_leistung,32.0,2026-05-27T08:51:46.290Z
sensor.shelly_plug_sg3_wk_waschmaschine_wk_waschmaschine_leistung,3.7,2026-05-27T08:51:47.317Z
sensor.shelly_plug_sg3_wk_waschmaschine_wk_waschmaschine_leistung,36.4,2026-05-27T08:51:48.347Z
sensor.shelly_plug_sg3_wk_waschmaschine_wk_waschmaschine_leistung,84.1,2026-05-27T08:51:49.373Z
sensor.shelly_plug_sg3_wk_waschmaschine_wk_waschmaschine_leistung,92.8,2026-05-27T08:51:50.404Z
sensor.shelly_plug_sg3_wk_waschmaschine_wk_waschmaschine_leistung,102.0,2026-05-27T08:51:55.541Z
sensor.shelly_plug_sg3_wk_waschmaschine_wk_waschmaschine_leistung,92.8,2026-05-27T08:51:56.569Z
sensor.shelly_plug_sg3_wk_waschmaschine_wk_waschmaschine_leistung,84.4,2026-05-27T08:51:58.626Z
sensor.shelly_plug_sg3_wk_waschmaschine_wk_waschmaschine_leistung,82.5,2026-05-27T08:52:00.005Z
sensor.shelly_plug_sg3_wk_waschmaschine_wk_waschmaschine_leistung,69.8,2026-05-27T08:52:00.682Z
sensor.shelly_plug_sg3_wk_waschmaschine_wk_waschmaschine_leistung,50.0,2026-05-27T08:52:01.710Z
sensor.shelly_plug_sg3_wk_waschmaschine_wk_waschmaschine_leistung,40.1,2026-05-27T08:52:02.744Z
sensor.shelly_plug_sg3_wk_waschmaschine_wk_waschmaschine_leistung,36.8,2026-05-27T08:52:03.761Z
sensor.shelly_plug_sg3_wk_waschmaschine_wk_waschmaschine_leistung,44.4,2026-05-27T08:52:05.814Z
sensor.shelly_plug_sg3_wk_waschmaschine_wk_waschmaschine_leistung,46.8,2026-05-27T08:52:06.851Z
sensor.shelly_plug_sg3_wk_waschmaschine_wk_waschmaschine_leistung,60.7,2026-05-27T08:52:07.879Z
sensor.shelly_plug_sg3_wk_waschmaschine_wk_waschmaschine_leistung,92.9,2026-05-27T08:52:08.911Z
sensor.shelly_plug_sg3_wk_waschmaschine_wk_waschmaschine_leistung,76.2,2026-05-27T08:52:09.936Z
sensor.shelly_plug_sg3_wk_waschmaschine_wk_waschmaschine_leistung,86.7,2026-05-27T08:52:10.964Z
sensor.shelly_plug_sg3_wk_waschmaschine_wk_waschmaschine_leistung,91.4,2026-05-27T08:52:13.013Z
sensor.shelly_plug_sg3_wk_waschmaschine_wk_waschmaschine_leistung,96.7,2026-05-27T08:52:14.039Z
sensor.shelly_plug_sg3_wk_waschmaschine_wk_waschmaschine_leistung,88.8,2026-05-27T08:52:16.095Z
sensor.shelly_plug_sg3_wk_waschmaschine_wk_waschmaschine_leistung,18.8,2026-05-27T08:52:19.189Z
sensor.shelly_plug_sg3_wk_waschmaschine_wk_waschmaschine_leistung,3.6,2026-05-27T08:52:20.217Z
sensor.shelly_plug_sg3_wk_waschmaschine_wk_waschmaschine_leistung,46.4,2026-05-27T08:52:21.245Z
sensor.shelly_plug_sg3_wk_waschmaschine_wk_waschmaschine_leistung,110.8,2026-05-27T08:52:22.274Z
sensor.shelly_plug_sg3_wk_waschmaschine_wk_waschmaschine_leistung,98.9,2026-05-27T08:52:24.330Z
sensor.shelly_plug_sg3_wk_waschmaschine_wk_waschmaschine_leistung,107.4,2026-05-27T08:52:25.359Z
sensor.shelly_plug_sg3_wk_waschmaschine_wk_waschmaschine_leistung,99.6,2026-05-27T08:52:28.441Z
sensor.shelly_plug_sg3_wk_waschmaschine_wk_waschmaschine_leistung,1915.3,2026-05-27T08:52:32.556Z
sensor.shelly_plug_sg3_wk_waschmaschine_wk_waschmaschine_leistung,2301.9,2026-05-27T08:52:33.591Z
sensor.shelly_plug_sg3_wk_waschmaschine_wk_waschmaschine_leistung,2281.6,2026-05-27T08:53:00.004Z
sensor.shelly_plug_sg3_wk_waschmaschine_wk_waschmaschine_leistung,1866.4,2026-05-27T08:53:04.418Z
sensor.shelly_plug_sg3_wk_waschmaschine_wk_waschmaschine_leistung,138.9,2026-05-27T08:53:05.450Z
sensor.shelly_plug_sg3_wk_waschmaschine_wk_waschmaschine_leistung,79.3,2026-05-27T08:53:06.477Z
sensor.shelly_plug_sg3_wk_waschmaschine_wk_waschmaschine_leistung,70.3,2026-05-27T08:53:07.503Z
sensor.shelly_plug_sg3_wk_waschmaschine_wk_waschmaschine_leistung,63.0,2026-05-27T08:53:08.531Z
sensor.shelly_plug_sg3_wk_waschmaschine_wk_waschmaschine_leistung,47.2,2026-05-27T08:53:09.559Z
sensor.shelly_plug_sg3_wk_waschmaschine_wk_waschmaschine_leistung,44.5,2026-05-27T08:53:10.579Z
sensor.shelly_plug_sg3_wk_waschmaschine_wk_waschmaschine_leistung,41.5,2026-05-27T08:53:11.616Z
sensor.shelly_plug_sg3_wk_waschmaschine_wk_waschmaschine_leistung,29.1,2026-05-27T08:53:12.647Z
sensor.shelly_plug_sg3_wk_waschmaschine_wk_waschmaschine_leistung,45.0,2026-05-27T08:53:13.663Z
sensor.shelly_plug_sg3_wk_waschmaschine_wk_waschmaschine_leistung,57.7,2026-05-27T08:53:14.700Z
sensor.shelly_plug_sg3_wk_waschmaschine_wk_waschmaschine_leistung,75.4,2026-05-27T08:53:15.729Z
sensor.shelly_plug_sg3_wk_waschmaschine_wk_waschmaschine_leistung,84.4,2026-05-27T08:53:16.760Z
sensor.shelly_plug_sg3_wk_waschmaschine_wk_waschmaschine_leistung,93.5,2026-05-27T08:53:17.785Z
sensor.shelly_plug_sg3_wk_waschmaschine_wk_waschmaschine_leistung,84.5,2026-05-27T08:53:18.814Z
sensor.shelly_plug_sg3_wk_waschmaschine_wk_waschmaschine_leistung,33.4,2026-05-27T08:53:26.009Z
sensor.shelly_plug_sg3_wk_waschmaschine_wk_waschmaschine_leistung,4.4,2026-05-27T08:53:27.037Z
sensor.shelly_plug_sg3_wk_waschmaschine_wk_waschmaschine_leistung,115.1,2026-05-27T08:53:29.095Z
sensor.shelly_plug_sg3_wk_waschmaschine_wk_waschmaschine_leistung,107.3,2026-05-27T08:53:30.121Z
sensor.shelly_plug_sg3_wk_waschmaschine_wk_waschmaschine_leistung,99.9,2026-05-27T08:53:31.150Z
sensor.shelly_plug_sg3_wk_waschmaschine_wk_waschmaschine_leistung,109.9,2026-05-27T08:53:32.180Z
sensor.shelly_plug_sg3_wk_waschmaschine_wk_waschmaschine_leistung,101.9,2026-05-27T08:53:35.262Z
sensor.shelly_plug_sg3_wk_waschmaschine_wk_waschmaschine_leistung,95.1,2026-05-27T08:53:39.374Z
sensor.shelly_plug_sg3_wk_waschmaschine_wk_waschmaschine_leistung,69.9,2026-05-27T08:53:40.402Z
sensor.shelly_plug_sg3_wk_waschmaschine_wk_waschmaschine_leistung,63.5,2026-05-27T08:53:41.434Z
sensor.shelly_plug_sg3_wk_waschmaschine_wk_waschmaschine_leistung,58.4,2026-05-27T08:53:42.449Z
sensor.shelly_plug_sg3_wk_waschmaschine_wk_waschmaschine_leistung,47.1,2026-05-27T08:53:43.486Z
sensor.shelly_plug_sg3_wk_waschmaschine_wk_waschmaschine_leistung,58.8,2026-05-27T08:53:44.515Z
sensor.shelly_plug_sg3_wk_waschmaschine_wk_waschmaschine_leistung,52.0,2026-05-27T08:53:45.543Z
sensor.shelly_plug_sg3_wk_waschmaschine_wk_waschmaschine_leistung,55.4,2026-05-27T08:53:46.562Z
sensor.shelly_plug_sg3_wk_waschmaschine_wk_waschmaschine_leistung,64.0,2026-05-27T08:53:47.600Z
sensor.shelly_plug_sg3_wk_waschmaschine_wk_waschmaschine_leistung,82.0,2026-05-27T08:53:48.628Z
sensor.shelly_plug_sg3_wk_waschmaschine_wk_waschmaschine_leistung,75.7,2026-05-27T08:53:49.662Z
sensor.shelly_plug_sg3_wk_waschmaschine_wk_waschmaschine_leistung,100.4,2026-05-27T08:53:50.686Z
sensor.shelly_plug_sg3_wk_waschmaschine_wk_waschmaschine_leistung,89.1,2026-05-27T08:53:51.718Z
sensor.shelly_plug_sg3_wk_waschmaschine_wk_waschmaschine_leistung,105.0,2026-05-27T08:53:52.741Z
sensor.shelly_plug_sg3_wk_waschmaschine_wk_waschmaschine_leistung,96.4,2026-05-27T08:53:53.769Z
sensor.shelly_plug_sg3_wk_waschmaschine_wk_waschmaschine_leistung,87.6,2026-05-27T08:53:57.882Z
sensor.shelly_plug_sg3_wk_waschmaschine_wk_waschmaschine_leistung,26.0,2026-05-27T08:53:58.909Z
sensor.shelly_plug_sg3_wk_waschmaschine_wk_waschmaschine_leistung,3.6,2026-05-27T08:53:59.937Z
sensor.shelly_plug_sg3_wk_waschmaschine_wk_waschmaschine_leistung,38.5,2026-05-27T08:54:00.965Z
sensor.shelly_plug_sg3_wk_waschmaschine_wk_waschmaschine_leistung,84.5,2026-05-27T08:54:01.993Z
sensor.shelly_plug_sg3_wk_waschmaschine_wk_waschmaschine_leistung,96.0,2026-05-27T08:54:03.021Z
sensor.shelly_plug_sg3_wk_waschmaschine_wk_waschmaschine_leistung,102.1,2026-05-27T08:54:05.081Z
sensor.shelly_plug_sg3_wk_waschmaschine_wk_waschmaschine_leistung,96.6,2026-05-27T08:54:06.096Z
sensor.shelly_plug_sg3_wk_waschmaschine_wk_waschmaschine_leistung,102.5,2026-05-27T08:54:09.180Z
sensor.shelly_plug_sg3_wk_waschmaschine_wk_waschmaschine_leistung,94.7,2026-05-27T08:54:11.245Z
sensor.shelly_plug_sg3_wk_waschmaschine_wk_waschmaschine_leistung,87.7,2026-05-27T08:54:12.275Z
sensor.shelly_plug_sg3_wk_waschmaschine_wk_waschmaschine_leistung,76.7,2026-05-27T08:54:13.302Z
sensor.shelly_plug_sg3_wk_waschmaschine_wk_waschmaschine_leistung,49.4,2026-05-27T08:54:14.332Z
sensor.shelly_plug_sg3_wk_waschmaschine_wk_waschmaschine_leistung,43.5,2026-05-27T08:54:15.362Z
sensor.shelly_plug_sg3_wk_waschmaschine_wk_waschmaschine_leistung,45.8,2026-05-27T08:54:16.379Z
sensor.shelly_plug_sg3_wk_waschmaschine_wk_waschmaschine_leistung,48.8,2026-05-27T08:54:17.406Z
sensor.shelly_plug_sg3_wk_waschmaschine_wk_waschmaschine_leistung,40.6,2026-05-27T08:54:18.435Z
sensor.shelly_plug_sg3_wk_waschmaschine_wk_waschmaschine_leistung,45.2,2026-05-27T08:54:19.462Z
sensor.shelly_plug_sg3_wk_waschmaschine_wk_waschmaschine_leistung,51.1,2026-05-27T08:54:20.499Z
sensor.shelly_plug_sg3_wk_waschmaschine_wk_waschmaschine_leistung,69.6,2026-05-27T08:54:21.528Z
sensor.shelly_plug_sg3_wk_waschmaschine_wk_waschmaschine_leistung,81.9,2026-05-27T08:54:22.556Z
sensor.shelly_plug_sg3_wk_waschmaschine_wk_waschmaschine_leistung,87.3,2026-05-27T08:54:23.575Z
sensor.shelly_plug_sg3_wk_waschmaschine_wk_waschmaschine_leistung,50.7,2026-05-27T08:54:31.808Z
sensor.shelly_plug_sg3_wk_waschmaschine_wk_waschmaschine_leistung,4.8,2026-05-27T08:54:32.836Z
sensor.shelly_plug_sg3_wk_waschmaschine_wk_waschmaschine_leistung,17.1,2026-05-27T08:54:33.864Z
sensor.shelly_plug_sg3_wk_waschmaschine_wk_waschmaschine_leistung,98.7,2026-05-27T08:54:34.894Z
sensor.shelly_plug_sg3_wk_waschmaschine_wk_waschmaschine_leistung,104.2,2026-05-27T08:54:42.079Z
sensor.shelly_plug_sg3_wk_waschmaschine_wk_waschmaschine_leistung,89.7,2026-05-27T08:54:45.171Z
sensor.shelly_plug_sg3_wk_waschmaschine_wk_waschmaschine_leistung,79.0,2026-05-27T08:54:46.200Z
sensor.shelly_plug_sg3_wk_waschmaschine_wk_waschmaschine_leistung,66.6,2026-05-27T08:54:47.230Z
sensor.shelly_plug_sg3_wk_waschmaschine_wk_waschmaschine_leistung,50.6,2026-05-27T08:54:48.256Z
sensor.shelly_plug_sg3_wk_waschmaschine_wk_waschmaschine_leistung,34.0,2026-05-27T08:54:49.286Z
sensor.shelly_plug_sg3_wk_waschmaschine_wk_waschmaschine_leistung,31.2,2026-05-27T08:54:51.331Z
sensor.shelly_plug_sg3_wk_waschmaschine_wk_waschmaschine_leistung,51.8,2026-05-27T08:54:52.368Z
sensor.shelly_plug_sg3_wk_waschmaschine_wk_waschmaschine_leistung,87.2,2026-05-27T08:54:53.399Z
sensor.shelly_plug_sg3_wk_waschmaschine_wk_waschmaschine_leistung,71.6,2026-05-27T08:54:54.425Z
sensor.shelly_plug_sg3_wk_waschmaschine_wk_waschmaschine_leistung,84.1,2026-05-27T08:54:55.453Z
sensor.shelly_plug_sg3_wk_waschmaschine_wk_waschmaschine_leistung,89.4,2026-05-27T08:54:56.483Z
sensor.shelly_plug_sg3_wk_waschmaschine_wk_waschmaschine_leistung,94.7,2026-05-27T08:54:57.509Z
sensor.shelly_plug_sg3_wk_waschmaschine_wk_waschmaschine_leistung,93.4,2026-05-27T08:55:00.001Z
sensor.shelly_plug_sg3_wk_waschmaschine_wk_waschmaschine_leistung,52.6,2026-05-27T08:55:04.705Z
sensor.shelly_plug_sg3_wk_waschmaschine_wk_waschmaschine_leistung,3.9,2026-05-27T08:55:05.733Z
sensor.shelly_plug_sg3_wk_waschmaschine_wk_waschmaschine_leistung,23.8,2026-05-27T08:55:06.761Z
sensor.shelly_plug_sg3_wk_waschmaschine_wk_waschmaschine_leistung,86.8,2026-05-27T08:55:07.790Z
sensor.shelly_plug_sg3_wk_waschmaschine_wk_waschmaschine_leistung,95.5,2026-05-27T08:55:08.818Z
sensor.shelly_plug_sg3_wk_waschmaschine_wk_waschmaschine_leistung,100.4,2026-05-27T08:55:12.922Z
sensor.shelly_plug_sg3_wk_waschmaschine_wk_waschmaschine_leistung,93.6,2026-05-27T08:55:16.013Z
sensor.shelly_plug_sg3_wk_waschmaschine_wk_waschmaschine_leistung,87.3,2026-05-27T08:55:17.042Z
sensor.shelly_plug_sg3_wk_waschmaschine_wk_waschmaschine_leistung,63.4,2026-05-27T08:55:20.125Z
sensor.shelly_plug_sg3_wk_waschmaschine_wk_waschmaschine_leistung,47.1,2026-05-27T08:55:21.156Z
sensor.shelly_plug_sg3_wk_waschmaschine_wk_waschmaschine_leistung,37.4,2026-05-27T08:55:22.182Z
sensor.shelly_plug_sg3_wk_waschmaschine_wk_waschmaschine_leistung,32.0,2026-05-27T08:55:23.210Z
sensor.shelly_plug_sg3_wk_waschmaschine_wk_waschmaschine_leistung,36.6,2026-05-27T08:55:24.231Z
sensor.shelly_plug_sg3_wk_waschmaschine_wk_waschmaschine_leistung,54.7,2026-05-27T08:55:25.267Z
sensor.shelly_plug_sg3_wk_waschmaschine_wk_waschmaschine_leistung,73.2,2026-05-27T08:55:26.295Z
sensor.shelly_plug_sg3_wk_waschmaschine_wk_waschmaschine_leistung,66.8,2026-05-27T08:55:27.323Z
sensor.shelly_plug_sg3_wk_waschmaschine_wk_waschmaschine_leistung,79.7,2026-05-27T08:55:28.352Z
sensor.shelly_plug_sg3_wk_waschmaschine_wk_waschmaschine_leistung,84.3,2026-05-27T08:55:29.371Z
sensor.shelly_plug_sg3_wk_waschmaschine_wk_waschmaschine_leistung,89.2,2026-05-27T08:55:34.513Z
sensor.shelly_plug_sg3_wk_waschmaschine_wk_waschmaschine_leistung,84.2,2026-05-27T08:55:36.569Z
sensor.shelly_plug_sg3_wk_waschmaschine_wk_waschmaschine_leistung,71.4,2026-05-27T08:55:37.604Z
sensor.shelly_plug_sg3_wk_waschmaschine_wk_waschmaschine_leistung,6.5,2026-05-27T08:55:38.632Z
sensor.shelly_plug_sg3_wk_waschmaschine_wk_waschmaschine_leistung,73.3,2026-05-27T08:55:40.689Z
sensor.shelly_plug_sg3_wk_waschmaschine_wk_waschmaschine_leistung,123.3,2026-05-27T08:55:41.716Z
sensor.shelly_plug_sg3_wk_waschmaschine_wk_waschmaschine_leistung,104.8,2026-05-27T08:55:42.745Z
sensor.shelly_plug_sg3_wk_waschmaschine_wk_waschmaschine_leistung,99.3,2026-05-27T08:55:43.764Z
sensor.shelly_plug_sg3_wk_waschmaschine_wk_waschmaschine_leistung,104.3,2026-05-27T08:55:44.792Z
sensor.shelly_plug_sg3_wk_waschmaschine_wk_waschmaschine_leistung,110.2,2026-05-27T08:55:45.820Z
sensor.shelly_plug_sg3_wk_waschmaschine_wk_waschmaschine_leistung,102.2,2026-05-27T08:55:46.848Z
sensor.shelly_plug_sg3_wk_waschmaschine_wk_waschmaschine_leistung,109.9,2026-05-27T08:55:48.906Z
sensor.shelly_plug_sg3_wk_waschmaschine_wk_waschmaschine_leistung,92.7,2026-05-27T08:55:49.944Z
sensor.shelly_plug_sg3_wk_waschmaschine_wk_waschmaschine_leistung,86.9,2026-05-27T08:55:53.025Z
sensor.shelly_plug_sg3_wk_waschmaschine_wk_waschmaschine_leistung,54.0,2026-05-27T08:55:54.053Z
sensor.shelly_plug_sg3_wk_waschmaschine_wk_waschmaschine_leistung,44.6,2026-05-27T08:55:55.082Z
sensor.shelly_plug_sg3_wk_waschmaschine_wk_waschmaschine_leistung,40.1,2026-05-27T08:55:56.101Z
sensor.shelly_plug_sg3_wk_waschmaschine_wk_waschmaschine_leistung,35.2,2026-05-27T08:55:57.138Z
sensor.shelly_plug_sg3_wk_waschmaschine_wk_waschmaschine_leistung,52.0,2026-05-27T08:55:58.169Z
sensor.shelly_plug_sg3_wk_waschmaschine_wk_waschmaschine_leistung,57.2,2026-05-27T08:55:59.195Z
sensor.shelly_plug_sg3_wk_waschmaschine_wk_waschmaschine_leistung,75.3,2026-05-27T08:56:00.225Z
sensor.shelly_plug_sg3_wk_waschmaschine_wk_waschmaschine_leistung,80.8,2026-05-27T08:56:01.251Z
sensor.shelly_plug_sg3_wk_waschmaschine_wk_waschmaschine_leistung,86.0,2026-05-27T08:56:02.279Z
sensor.shelly_plug_sg3_wk_waschmaschine_wk_waschmaschine_leistung,98.9,2026-05-27T08:56:03.309Z
sensor.shelly_plug_sg3_wk_waschmaschine_wk_waschmaschine_leistung,89.4,2026-05-27T08:56:06.393Z
sensor.shelly_plug_sg3_wk_waschmaschine_wk_waschmaschine_leistung,93.9,2026-05-27T08:56:07.411Z
sensor.shelly_plug_sg3_wk_waschmaschine_wk_waschmaschine_leistung,70.0,2026-05-27T08:56:10.504Z
sensor.shelly_plug_sg3_wk_waschmaschine_wk_waschmaschine_leistung,3.6,2026-05-27T08:56:11.534Z
sensor.shelly_plug_sg3_wk_waschmaschine_wk_waschmaschine_leistung,9.0,2026-05-27T08:56:12.563Z
sensor.shelly_plug_sg3_wk_waschmaschine_wk_waschmaschine_leistung,68.5,2026-05-27T08:56:13.589Z
sensor.shelly_plug_sg3_wk_waschmaschine_wk_waschmaschine_leistung,98.7,2026-05-27T08:56:14.617Z
sensor.shelly_plug_sg3_wk_waschmaschine_wk_waschmaschine_leistung,91.8,2026-05-27T08:56:15.646Z
sensor.shelly_plug_sg3_wk_waschmaschine_wk_waschmaschine_leistung,99.6,2026-05-27T08:56:17.701Z
sensor.shelly_plug_sg3_wk_waschmaschine_wk_waschmaschine_leistung,93.9,2026-05-27T08:56:21.804Z
sensor.shelly_plug_sg3_wk_waschmaschine_wk_waschmaschine_leistung,84.8,2026-05-27T08:56:24.889Z
sensor.shelly_plug_sg3_wk_waschmaschine_wk_waschmaschine_leistung,52.1,2026-05-27T08:56:25.926Z
sensor.shelly_plug_sg3_wk_waschmaschine_wk_waschmaschine_leistung,44.5,2026-05-27T08:56:26.956Z
sensor.shelly_plug_sg3_wk_waschmaschine_wk_waschmaschine_leistung,40.2,2026-05-27T08:56:29.000Z
sensor.shelly_plug_sg3_wk_waschmaschine_wk_waschmaschine_leistung,37.5,2026-05-27T08:56:30.037Z
sensor.shelly_plug_sg3_wk_waschmaschine_wk_waschmaschine_leistung,45.6,2026-05-27T08:56:31.065Z
sensor.shelly_plug_sg3_wk_waschmaschine_wk_waschmaschine_leistung,54.2,2026-05-27T08:56:32.094Z
sensor.shelly_plug_sg3_wk_waschmaschine_wk_waschmaschine_leistung,73.4,2026-05-27T08:56:33.124Z
sensor.shelly_plug_sg3_wk_waschmaschine_wk_waschmaschine_leistung,78.9,2026-05-27T08:56:34.150Z
sensor.shelly_plug_sg3_wk_waschmaschine_wk_waschmaschine_leistung,84.2,2026-05-27T08:56:36.207Z
sensor.shelly_plug_sg3_wk_waschmaschine_wk_waschmaschine_leistung,89.3,2026-05-27T08:56:37.237Z
sensor.shelly_plug_sg3_wk_waschmaschine_wk_waschmaschine_leistung,84.7,2026-05-27T08:56:40.309Z
sensor.shelly_plug_sg3_wk_waschmaschine_wk_waschmaschine_leistung,4.2,2026-05-27T08:56:44.430Z
sensor.shelly_plug_sg3_wk_waschmaschine_wk_waschmaschine_leistung,52.6,2026-05-27T08:56:46.486Z
sensor.shelly_plug_sg3_wk_waschmaschine_wk_waschmaschine_leistung,108.8,2026-05-27T08:56:47.515Z
sensor.shelly_plug_sg3_wk_waschmaschine_wk_waschmaschine_leistung,100.5,2026-05-27T08:56:48.543Z
sensor.shelly_plug_sg3_wk_waschmaschine_wk_waschmaschine_leistung,113.9,2026-05-27T08:56:49.575Z
sensor.shelly_plug_sg3_wk_waschmaschine_wk_waschmaschine_leistung,96.4,2026-05-27T08:56:50.599Z
sensor.shelly_plug_sg3_wk_waschmaschine_wk_waschmaschine_leistung,104.5,2026-05-27T08:56:51.628Z
sensor.shelly_plug_sg3_wk_waschmaschine_wk_waschmaschine_leistung,111.9,2026-05-27T08:56:52.655Z
sensor.shelly_plug_sg3_wk_waschmaschine_wk_waschmaschine_leistung,100.5,2026-05-27T08:56:53.684Z
sensor.shelly_plug_sg3_wk_waschmaschine_wk_waschmaschine_leistung,93.7,2026-05-27T08:56:56.768Z
sensor.shelly_plug_sg3_wk_waschmaschine_wk_waschmaschine_leistung,84.5,2026-05-27T08:56:57.796Z
sensor.shelly_plug_sg3_wk_waschmaschine_wk_waschmaschine_leistung,78.4,2026-05-27T08:56:58.824Z
sensor.shelly_plug_sg3_wk_waschmaschine_wk_waschmaschine_leistung,64.0,2026-05-27T08:56:59.853Z
sensor.shelly_plug_sg3_wk_waschmaschine_wk_waschmaschine_leistung,42.5,2026-05-27T08:57:00.883Z
sensor.shelly_plug_sg3_wk_waschmaschine_wk_waschmaschine_leistung,28.8,2026-05-27T08:57:01.909Z
sensor.shelly_plug_sg3_wk_waschmaschine_wk_waschmaschine_leistung,43.3,2026-05-27T08:57:02.938Z
sensor.shelly_plug_sg3_wk_waschmaschine_wk_waschmaschine_leistung,49.2,2026-05-27T08:57:03.966Z
sensor.shelly_plug_sg3_wk_waschmaschine_wk_waschmaschine_leistung,71.6,2026-05-27T08:57:04.994Z
sensor.shelly_plug_sg3_wk_waschmaschine_wk_waschmaschine_leistung,81.6,2026-05-27T08:57:06.025Z
sensor.shelly_plug_sg3_wk_waschmaschine_wk_waschmaschine_leistung,74.9,2026-05-27T08:57:07.051Z
sensor.shelly_plug_sg3_wk_waschmaschine_wk_waschmaschine_leistung,84.6,2026-05-27T08:57:08.079Z
sensor.shelly_plug_sg3_wk_waschmaschine_wk_waschmaschine_leistung,79.8,2026-05-27T08:57:09.108Z
sensor.shelly_plug_sg3_wk_waschmaschine_wk_waschmaschine_leistung,91.1,2026-05-27T08:57:10.137Z
sensor.shelly_plug_sg3_wk_waschmaschine_wk_waschmaschine_leistung,95.9,2026-05-27T08:57:11.155Z
sensor.shelly_plug_sg3_wk_waschmaschine_wk_waschmaschine_leistung,3.7,2026-05-27T08:57:17.338Z
sensor.shelly_plug_sg3_wk_waschmaschine_wk_waschmaschine_leistung,47.1,2026-05-27T08:57:19.389Z
sensor.shelly_plug_sg3_wk_waschmaschine_wk_waschmaschine_leistung,95.4,2026-05-27T08:57:20.417Z
sensor.shelly_plug_sg3_wk_waschmaschine_wk_waschmaschine_leistung,107.6,2026-05-27T08:57:22.473Z
sensor.shelly_plug_sg3_wk_waschmaschine_wk_waschmaschine_leistung,92.9,2026-05-27T08:57:23.500Z
sensor.shelly_plug_sg3_wk_waschmaschine_wk_waschmaschine_leistung,99.1,2026-05-27T08:57:25.556Z
sensor.shelly_plug_sg3_wk_waschmaschine_wk_waschmaschine_leistung,94.0,2026-05-27T08:57:27.603Z
sensor.shelly_plug_sg3_wk_waschmaschine_wk_waschmaschine_leistung,87.1,2026-05-27T08:57:29.670Z
sensor.shelly_plug_sg3_wk_waschmaschine_wk_waschmaschine_leistung,57.6,2026-05-27T08:57:31.726Z
sensor.shelly_plug_sg3_wk_waschmaschine_wk_waschmaschine_leistung,47.7,2026-05-27T08:57:32.752Z
sensor.shelly_plug_sg3_wk_waschmaschine_wk_waschmaschine_leistung,33.5,2026-05-27T08:57:34.808Z
sensor.shelly_plug_sg3_wk_waschmaschine_wk_waschmaschine_leistung,30.5,2026-05-27T08:57:35.829Z
sensor.shelly_plug_sg3_wk_waschmaschine_wk_waschmaschine_leistung,34.3,2026-05-27T08:57:36.855Z
sensor.shelly_plug_sg3_wk_waschmaschine_wk_waschmaschine_leistung,49.1,2026-05-27T08:57:37.892Z
sensor.shelly_plug_sg3_wk_waschmaschine_wk_waschmaschine_leistung,80.0,2026-05-27T08:57:38.920Z
sensor.shelly_plug_sg3_wk_waschmaschine_wk_waschmaschine_leistung,92.3,2026-05-27T08:57:39.951Z
sensor.shelly_plug_sg3_wk_waschmaschine_wk_waschmaschine_leistung,85.8,2026-05-27T08:57:40.977Z
sensor.shelly_plug_sg3_wk_waschmaschine_wk_waschmaschine_leistung,78.9,2026-05-27T08:57:49.192Z
sensor.shelly_plug_sg3_wk_waschmaschine_wk_waschmaschine_leistung,4.7,2026-05-27T08:57:50.229Z
sensor.shelly_plug_sg3_wk_waschmaschine_wk_waschmaschine_leistung,19.0,2026-05-27T08:57:52.286Z
sensor.shelly_plug_sg3_wk_waschmaschine_wk_waschmaschine_leistung,106.2,2026-05-27T08:57:53.314Z
sensor.shelly_plug_sg3_wk_waschmaschine_wk_waschmaschine_leistung,97.8,2026-05-27T08:57:55.370Z
sensor.shelly_plug_sg3_wk_waschmaschine_wk_waschmaschine_leistung,106.2,2026-05-27T08:57:57.427Z
sensor.shelly_plug_sg3_wk_waschmaschine_wk_waschmaschine_leistung,109.6,2026-05-27T08:57:59.990Z
sensor.shelly_plug_sg3_wk_waschmaschine_wk_waschmaschine_leistung,100.6,2026-05-27T08:58:01.531Z
sensor.shelly_plug_sg3_wk_waschmaschine_wk_waschmaschine_leistung,81.2,2026-05-27T08:58:02.567Z
sensor.shelly_plug_sg3_wk_waschmaschine_wk_waschmaschine_leistung,106.3,2026-05-27T08:58:03.595Z
sensor.shelly_plug_sg3_wk_waschmaschine_wk_waschmaschine_leistung,85.3,2026-05-27T08:58:04.623Z
sensor.shelly_plug_sg3_wk_waschmaschine_wk_waschmaschine_leistung,57.1,2026-05-27T08:58:05.653Z
sensor.shelly_plug_sg3_wk_waschmaschine_wk_waschmaschine_leistung,43.3,2026-05-27T08:58:07.710Z
sensor.shelly_plug_sg3_wk_waschmaschine_wk_waschmaschine_leistung,52.3,2026-05-27T08:58:10.792Z
sensor.shelly_plug_sg3_wk_waschmaschine_wk_waschmaschine_leistung,72.5,2026-05-27T08:58:11.820Z
sensor.shelly_plug_sg3_wk_waschmaschine_wk_waschmaschine_leistung,98.5,2026-05-27T08:58:13.878Z
sensor.shelly_plug_sg3_wk_waschmaschine_wk_waschmaschine_leistung,92.3,2026-05-27T08:58:14.905Z
sensor.shelly_plug_sg3_wk_waschmaschine_wk_waschmaschine_leistung,97.6,2026-05-27T08:58:15.933Z
sensor.shelly_plug_sg3_wk_waschmaschine_wk_waschmaschine_leistung,92.5,2026-05-27T08:58:16.953Z
sensor.shelly_plug_sg3_wk_waschmaschine_wk_waschmaschine_leistung,98.2,2026-05-27T08:58:17.980Z
sensor.shelly_plug_sg3_wk_waschmaschine_wk_waschmaschine_leistung,50.2,2026-05-27T08:58:22.100Z
sensor.shelly_plug_sg3_wk_waschmaschine_wk_waschmaschine_leistung,3.8,2026-05-27T08:58:23.129Z
sensor.shelly_plug_sg3_wk_waschmaschine_wk_waschmaschine_leistung,24.9,2026-05-27T08:58:25.185Z
sensor.shelly_plug_sg3_wk_waschmaschine_wk_waschmaschine_leistung,95.6,2026-05-27T08:58:26.216Z
sensor.shelly_plug_sg3_wk_waschmaschine_wk_waschmaschine_leistung,100.5,2026-05-27T08:58:28.262Z
sensor.shelly_plug_sg3_wk_waschmaschine_wk_waschmaschine_leistung,91.7,2026-05-27T08:58:35.458Z
sensor.shelly_plug_sg3_wk_waschmaschine_wk_waschmaschine_leistung,84.3,2026-05-27T08:58:36.493Z
sensor.shelly_plug_sg3_wk_waschmaschine_wk_waschmaschine_leistung,77.9,2026-05-27T08:58:37.525Z
sensor.shelly_plug_sg3_wk_waschmaschine_wk_waschmaschine_leistung,62.3,2026-05-27T08:58:38.550Z
sensor.shelly_plug_sg3_wk_waschmaschine_wk_waschmaschine_leistung,49.7,2026-05-27T08:58:39.578Z
sensor.shelly_plug_sg3_wk_waschmaschine_wk_waschmaschine_leistung,40.5,2026-05-27T08:58:41.634Z
sensor.shelly_plug_sg3_wk_waschmaschine_wk_waschmaschine_leistung,32.6,2026-05-27T08:58:42.663Z
sensor.shelly_plug_sg3_wk_waschmaschine_wk_waschmaschine_leistung,53.9,2026-05-27T08:58:44.718Z
sensor.shelly_plug_sg3_wk_waschmaschine_wk_waschmaschine_leistung,69.5,2026-05-27T08:58:45.746Z
sensor.shelly_plug_sg3_wk_waschmaschine_wk_waschmaschine_leistung,90.6,2026-05-27T08:58:46.777Z
sensor.shelly_plug_sg3_wk_waschmaschine_wk_waschmaschine_leistung,83.2,2026-05-27T08:58:47.805Z
sensor.shelly_plug_sg3_wk_waschmaschine_wk_waschmaschine_leistung,87.4,2026-05-27T08:58:49.849Z
sensor.shelly_plug_sg3_wk_waschmaschine_wk_waschmaschine_leistung,14.3,2026-05-27T08:58:57.053Z
sensor.shelly_plug_sg3_wk_waschmaschine_wk_waschmaschine_leistung,4.1,2026-05-27T08:58:58.081Z
sensor.shelly_plug_sg3_wk_waschmaschine_wk_waschmaschine_leistung,56.8,2026-05-27T08:58:59.110Z
sensor.shelly_plug_sg3_wk_waschmaschine_wk_waschmaschine_leistung,116.9,2026-05-27T08:59:00.139Z
sensor.shelly_plug_sg3_wk_waschmaschine_wk_waschmaschine_leistung,106.3,2026-05-27T08:59:01.167Z
sensor.shelly_plug_sg3_wk_waschmaschine_wk_waschmaschine_leistung,93.8,2026-05-27T08:59:09.389Z
sensor.shelly_plug_sg3_wk_waschmaschine_wk_waschmaschine_leistung,83.2,2026-05-27T08:59:10.420Z
sensor.shelly_plug_sg3_wk_waschmaschine_wk_waschmaschine_leistung,72.9,2026-05-27T08:59:11.446Z
sensor.shelly_plug_sg3_wk_waschmaschine_wk_waschmaschine_leistung,68.3,2026-05-27T08:59:12.465Z
sensor.shelly_plug_sg3_wk_waschmaschine_wk_waschmaschine_leistung,56.6,2026-05-27T08:59:13.503Z
sensor.shelly_plug_sg3_wk_waschmaschine_wk_waschmaschine_leistung,41.9,2026-05-27T08:59:14.531Z
sensor.shelly_plug_sg3_wk_waschmaschine_wk_waschmaschine_leistung,36.4,2026-05-27T08:59:15.550Z
sensor.shelly_plug_sg3_wk_waschmaschine_wk_waschmaschine_leistung,46.1,2026-05-27T08:59:16.578Z
sensor.shelly_plug_sg3_wk_waschmaschine_wk_waschmaschine_leistung,66.6,2026-05-27T08:59:17.615Z
sensor.shelly_plug_sg3_wk_waschmaschine_wk_waschmaschine_leistung,76.1,2026-05-27T08:59:19.672Z
sensor.shelly_plug_sg3_wk_waschmaschine_wk_waschmaschine_leistung,94.6,2026-05-27T08:59:20.700Z
sensor.shelly_plug_sg3_wk_waschmaschine_wk_waschmaschine_leistung,99.3,2026-05-27T08:59:24.803Z
sensor.shelly_plug_sg3_wk_waschmaschine_wk_waschmaschine_leistung,94.2,2026-05-27T08:59:25.831Z
sensor.shelly_plug_sg3_wk_waschmaschine_wk_waschmaschine_leistung,88.7,2026-05-27T08:59:27.896Z
sensor.shelly_plug_sg3_wk_waschmaschine_wk_waschmaschine_leistung,83.1,2026-05-27T08:59:28.917Z
sensor.shelly_plug_sg3_wk_waschmaschine_wk_waschmaschine_leistung,8.6,2026-05-27T08:59:29.951Z
sensor.shelly_plug_sg3_wk_waschmaschine_wk_waschmaschine_leistung,4.6,2026-05-27T08:59:30.979Z
sensor.shelly_plug_sg3_wk_waschmaschine_wk_waschmaschine_leistung,56.0,2026-05-27T08:59:32.008Z
sensor.shelly_plug_sg3_wk_waschmaschine_wk_waschmaschine_leistung,99.2,2026-05-27T08:59:33.037Z
sensor.shelly_plug_sg3_wk_waschmaschine_wk_waschmaschine_leistung,91.3,2026-05-27T08:59:34.065Z
sensor.shelly_plug_sg3_wk_waschmaschine_wk_waschmaschine_leistung,97.7,2026-05-27T08:59:36.124Z
sensor.shelly_plug_sg3_wk_waschmaschine_wk_waschmaschine_leistung,87.5,2026-05-27T08:59:42.289Z
sensor.shelly_plug_sg3_wk_waschmaschine_wk_waschmaschine_leistung,73.0,2026-05-27T08:59:44.345Z
sensor.shelly_plug_sg3_wk_waschmaschine_wk_waschmaschine_leistung,48.9,2026-05-27T08:59:45.372Z
sensor.shelly_plug_sg3_wk_waschmaschine_wk_waschmaschine_leistung,38.9,2026-05-27T08:59:46.401Z
sensor.shelly_plug_sg3_wk_waschmaschine_wk_waschmaschine_leistung,34.8,2026-05-27T08:59:47.420Z
sensor.shelly_plug_sg3_wk_waschmaschine_wk_waschmaschine_leistung,31.2,2026-05-27T08:59:48.457Z
sensor.shelly_plug_sg3_wk_waschmaschine_wk_waschmaschine_leistung,37.3,2026-05-27T08:59:49.486Z
sensor.shelly_plug_sg3_wk_waschmaschine_wk_waschmaschine_leistung,47.6,2026-05-27T08:59:50.514Z
sensor.shelly_plug_sg3_wk_waschmaschine_wk_waschmaschine_leistung,60.2,2026-05-27T08:59:51.543Z
sensor.shelly_plug_sg3_wk_waschmaschine_wk_waschmaschine_leistung,76.4,2026-05-27T08:59:52.573Z
sensor.shelly_plug_sg3_wk_waschmaschine_wk_waschmaschine_leistung,90.0,2026-05-27T08:59:53.599Z
sensor.shelly_plug_sg3_wk_waschmaschine_wk_waschmaschine_leistung,82.9,2026-05-27T08:59:54.627Z
sensor.shelly_plug_sg3_wk_waschmaschine_wk_waschmaschine_leistung,89.0,2026-05-27T08:59:56.682Z
sensor.shelly_plug_sg3_wk_waschmaschine_wk_waschmaschine_leistung,84.4,2026-05-27T08:59:59.757Z
sensor.shelly_plug_sg3_wk_waschmaschine_wk_waschmaschine_leistung,89.1,2026-05-27T09:00:00.785Z
sensor.shelly_plug_sg3_wk_waschmaschine_wk_waschmaschine_leistung,83.1,2026-05-27T09:00:01.825Z
sensor.shelly_plug_sg3_wk_waschmaschine_wk_waschmaschine_leistung,38.3,2026-05-27T09:00:02.857Z
sensor.shelly_plug_sg3_wk_waschmaschine_wk_waschmaschine_leistung,3.6,2026-05-27T09:00:03.879Z
sensor.shelly_plug_sg3_wk_waschmaschine_wk_waschmaschine_leistung,32.5,2026-05-27T09:00:04.908Z
sensor.shelly_plug_sg3_wk_waschmaschine_wk_waschmaschine_leistung,105.7,2026-05-27T09:00:05.936Z
sensor.shelly_plug_sg3_wk_waschmaschine_wk_waschmaschine_leistung,113.2,2026-05-27T09:00:13.122Z
sensor.shelly_plug_sg3_wk_waschmaschine_wk_waschmaschine_leistung,100.0,2026-05-27T09:00:14.159Z
sensor.shelly_plug_sg3_wk_waschmaschine_wk_waschmaschine_leistung,92.0,2026-05-27T09:00:15.189Z
sensor.shelly_plug_sg3_wk_waschmaschine_wk_waschmaschine_leistung,84.2,2026-05-27T09:00:17.244Z
sensor.shelly_plug_sg3_wk_waschmaschine_wk_waschmaschine_leistung,55.9,2026-05-27T09:00:18.272Z
sensor.shelly_plug_sg3_wk_waschmaschine_wk_waschmaschine_leistung,42.9,2026-05-27T09:00:20.328Z
sensor.shelly_plug_sg3_wk_waschmaschine_wk_waschmaschine_leistung,32.9,2026-05-27T09:00:22.383Z
sensor.shelly_plug_sg3_wk_waschmaschine_wk_waschmaschine_leistung,36.7,2026-05-27T09:00:23.404Z
sensor.shelly_plug_sg3_wk_waschmaschine_wk_waschmaschine_leistung,60.9,2026-05-27T09:00:24.440Z
sensor.shelly_plug_sg3_wk_waschmaschine_wk_waschmaschine_leistung,74.8,2026-05-27T09:00:25.469Z
sensor.shelly_plug_sg3_wk_waschmaschine_wk_waschmaschine_leistung,97.1,2026-05-27T09:00:26.498Z
sensor.shelly_plug_sg3_wk_waschmaschine_wk_waschmaschine_leistung,86.4,2026-05-27T09:00:27.527Z
sensor.shelly_plug_sg3_wk_waschmaschine_wk_waschmaschine_leistung,93.3,2026-05-27T09:00:28.555Z
sensor.shelly_plug_sg3_wk_waschmaschine_wk_waschmaschine_leistung,101.5,2026-05-27T09:00:30.612Z
sensor.shelly_plug_sg3_wk_waschmaschine_wk_waschmaschine_leistung,94.8,2026-05-27T09:00:31.637Z
sensor.shelly_plug_sg3_wk_waschmaschine_wk_waschmaschine_leistung,65.3,2026-05-27T09:00:35.749Z
sensor.shelly_plug_sg3_wk_waschmaschine_wk_waschmaschine_leistung,3.6,2026-05-27T09:00:36.777Z
sensor.shelly_plug_sg3_wk_waschmaschine_wk_waschmaschine_leistung,14.2,2026-05-27T09:00:37.806Z
sensor.shelly_plug_sg3_wk_waschmaschine_wk_waschmaschine_leistung,71.5,2026-05-27T09:00:38.835Z
sensor.shelly_plug_sg3_wk_waschmaschine_wk_waschmaschine_leistung,96.5,2026-05-27T09:00:39.862Z
sensor.shelly_plug_sg3_wk_waschmaschine_wk_waschmaschine_leistung,78.7,2026-05-27T09:00:50.142Z
sensor.shelly_plug_sg3_wk_waschmaschine_wk_waschmaschine_leistung,56.4,2026-05-27T09:00:51.169Z
sensor.shelly_plug_sg3_wk_waschmaschine_wk_waschmaschine_leistung,38.2,2026-05-27T09:00:52.197Z
sensor.shelly_plug_sg3_wk_waschmaschine_wk_waschmaschine_leistung,35.7,2026-05-27T09:00:53.217Z
sensor.shelly_plug_sg3_wk_waschmaschine_wk_waschmaschine_leistung,33.0,2026-05-27T09:00:54.256Z
sensor.shelly_plug_sg3_wk_waschmaschine_wk_waschmaschine_leistung,31.2,2026-05-27T09:00:55.273Z
sensor.shelly_plug_sg3_wk_waschmaschine_wk_waschmaschine_leistung,32.8,2026-05-27T09:00:56.301Z
sensor.shelly_plug_sg3_wk_waschmaschine_wk_waschmaschine_leistung,50.7,2026-05-27T09:00:57.341Z
sensor.shelly_plug_sg3_wk_waschmaschine_wk_waschmaschine_leistung,72.4,2026-05-27T09:00:58.367Z
sensor.shelly_plug_sg3_wk_waschmaschine_wk_waschmaschine_leistung,83.5,2026-05-27T09:00:59.395Z
sensor.shelly_plug_sg3_wk_waschmaschine_wk_waschmaschine_leistung,89.2,2026-05-27T09:01:02.483Z
sensor.shelly_plug_sg3_wk_waschmaschine_wk_waschmaschine_leistung,84.5,2026-05-27T09:01:07.610Z
sensor.shelly_plug_sg3_wk_waschmaschine_wk_waschmaschine_leistung,4.2,2026-05-27T09:01:09.675Z
sensor.shelly_plug_sg3_wk_waschmaschine_wk_waschmaschine_leistung,54.3,2026-05-27T09:01:11.731Z
sensor.shelly_plug_sg3_wk_waschmaschine_wk_waschmaschine_leistung,105.7,2026-05-27T09:01:12.785Z
sensor.shelly_plug_sg3_wk_waschmaschine_wk_waschmaschine_leistung,112.6,2026-05-27T09:01:13.792Z
sensor.shelly_plug_sg3_wk_waschmaschine_wk_waschmaschine_leistung,104.9,2026-05-27T09:01:14.820Z
sensor.shelly_plug_sg3_wk_waschmaschine_wk_waschmaschine_leistung,97.1,2026-05-27T09:01:20.990Z
sensor.shelly_plug_sg3_wk_waschmaschine_wk_waschmaschine_leistung,90.4,2026-05-27T09:01:22.016Z
sensor.shelly_plug_sg3_wk_waschmaschine_wk_waschmaschine_leistung,80.0,2026-05-27T09:01:23.044Z
sensor.shelly_plug_sg3_wk_waschmaschine_wk_waschmaschine_leistung,71.7,2026-05-27T09:01:24.074Z
sensor.shelly_plug_sg3_wk_waschmaschine_wk_waschmaschine_leistung,62.5,2026-05-27T09:01:25.101Z
sensor.shelly_plug_sg3_wk_waschmaschine_wk_waschmaschine_leistung,43.2,2026-05-27T09:01:26.129Z
sensor.shelly_plug_sg3_wk_waschmaschine_wk_waschmaschine_leistung,38.5,2026-05-27T09:01:27.148Z
sensor.shelly_plug_sg3_wk_waschmaschine_wk_waschmaschine_leistung,50.6,2026-05-27T09:01:30.242Z
sensor.shelly_plug_sg3_wk_waschmaschine_wk_waschmaschine_leistung,84.7,2026-05-27T09:01:31.270Z
sensor.shelly_plug_sg3_wk_waschmaschine_wk_waschmaschine_leistung,94.6,2026-05-27T09:01:34.354Z
sensor.shelly_plug_sg3_wk_waschmaschine_wk_waschmaschine_leistung,11.1,2026-05-27T09:01:41.553Z
sensor.shelly_plug_sg3_wk_waschmaschine_wk_waschmaschine_leistung,3.7,2026-05-27T09:01:42.578Z
sensor.shelly_plug_sg3_wk_waschmaschine_wk_waschmaschine_leistung,47.0,2026-05-27T09:01:44.635Z
sensor.shelly_plug_sg3_wk_waschmaschine_wk_waschmaschine_leistung,99.5,2026-05-27T09:01:45.663Z
sensor.shelly_plug_sg3_wk_waschmaschine_wk_waschmaschine_leistung,87.3,2026-05-27T09:01:46.691Z
sensor.shelly_plug_sg3_wk_waschmaschine_wk_waschmaschine_leistung,96.7,2026-05-27T09:01:47.719Z
sensor.shelly_plug_sg3_wk_waschmaschine_wk_waschmaschine_leistung,103.1,2026-05-27T09:01:49.775Z
sensor.shelly_plug_sg3_wk_waschmaschine_wk_waschmaschine_leistung,97.1,2026-05-27T09:01:51.833Z
sensor.shelly_plug_sg3_wk_waschmaschine_wk_waschmaschine_leistung,82.6,2026-05-27T09:01:53.887Z
sensor.shelly_plug_sg3_wk_waschmaschine_wk_waschmaschine_leistung,70.4,2026-05-27T09:01:56.971Z
sensor.shelly_plug_sg3_wk_waschmaschine_wk_waschmaschine_leistung,54.7,2026-05-27T09:01:57.999Z
sensor.shelly_plug_sg3_wk_waschmaschine_wk_waschmaschine_leistung,43.8,2026-05-27T09:01:59.028Z
sensor.shelly_plug_sg3_wk_waschmaschine_wk_waschmaschine_leistung,33.0,2026-05-27T09:02:00.067Z
sensor.shelly_plug_sg3_wk_waschmaschine_wk_waschmaschine_leistung,38.4,2026-05-27T09:02:01.094Z
sensor.shelly_plug_sg3_wk_waschmaschine_wk_waschmaschine_leistung,40.9,2026-05-27T09:02:02.114Z
sensor.shelly_plug_sg3_wk_waschmaschine_wk_waschmaschine_leistung,61.8,2026-05-27T09:02:03.150Z
sensor.shelly_plug_sg3_wk_waschmaschine_wk_waschmaschine_leistung,78.6,2026-05-27T09:02:04.178Z
sensor.shelly_plug_sg3_wk_waschmaschine_wk_waschmaschine_leistung,84.7,2026-05-27T09:02:05.206Z
sensor.shelly_plug_sg3_wk_waschmaschine_wk_waschmaschine_leistung,78.1,2026-05-27T09:02:06.240Z
sensor.shelly_plug_sg3_wk_waschmaschine_wk_waschmaschine_leistung,86.1,2026-05-27T09:02:07.263Z
sensor.shelly_plug_sg3_wk_waschmaschine_wk_waschmaschine_leistung,90.7,2026-05-27T09:02:09.310Z
sensor.shelly_plug_sg3_wk_waschmaschine_wk_waschmaschine_leistung,83.5,2026-05-27T09:02:11.366Z
sensor.shelly_plug_sg3_wk_waschmaschine_wk_waschmaschine_leistung,90.3,2026-05-27T09:02:12.395Z
sensor.shelly_plug_sg3_wk_waschmaschine_wk_waschmaschine_leistung,85.5,2026-05-27T09:02:13.423Z
sensor.shelly_plug_sg3_wk_waschmaschine_wk_waschmaschine_leistung,41.2,2026-05-27T09:02:14.462Z
sensor.shelly_plug_sg3_wk_waschmaschine_wk_waschmaschine_leistung,4.5,2026-05-27T09:02:15.490Z
sensor.shelly_plug_sg3_wk_waschmaschine_wk_waschmaschine_leistung,116.2,2026-05-27T09:02:17.547Z
sensor.shelly_plug_sg3_wk_waschmaschine_wk_waschmaschine_leistung,106.6,2026-05-27T09:02:18.572Z
sensor.shelly_plug_sg3_wk_waschmaschine_wk_waschmaschine_leistung,100.2,2026-05-27T09:02:26.795Z
sensor.shelly_plug_sg3_wk_waschmaschine_wk_waschmaschine_leistung,90.4,2026-05-27T09:02:27.823Z
sensor.shelly_plug_sg3_wk_waschmaschine_wk_waschmaschine_leistung,79.5,2026-05-27T09:02:28.854Z
sensor.shelly_plug_sg3_wk_waschmaschine_wk_waschmaschine_leistung,70.6,2026-05-27T09:02:29.880Z
sensor.shelly_plug_sg3_wk_waschmaschine_wk_waschmaschine_leistung,62.7,2026-05-27T09:02:31.939Z
sensor.shelly_plug_sg3_wk_waschmaschine_wk_waschmaschine_leistung,40.8,2026-05-27T09:02:32.964Z
sensor.shelly_plug_sg3_wk_waschmaschine_wk_waschmaschine_leistung,47.8,2026-05-27T09:02:33.993Z
sensor.shelly_plug_sg3_wk_waschmaschine_wk_waschmaschine_leistung,60.3,2026-05-27T09:02:36.048Z
sensor.shelly_plug_sg3_wk_waschmaschine_wk_waschmaschine_leistung,75.9,2026-05-27T09:02:37.077Z
sensor.shelly_plug_sg3_wk_waschmaschine_wk_waschmaschine_leistung,96.4,2026-05-27T09:02:38.105Z
sensor.shelly_plug_sg3_wk_waschmaschine_wk_waschmaschine_leistung,87.9,2026-05-27T09:02:39.133Z
sensor.shelly_plug_sg3_wk_waschmaschine_wk_waschmaschine_leistung,95.2,2026-05-27T09:02:40.162Z
sensor.shelly_plug_sg3_wk_waschmaschine_wk_waschmaschine_leistung,100.0,2026-05-27T09:02:42.210Z
sensor.shelly_plug_sg3_wk_waschmaschine_wk_waschmaschine_leistung,36.1,2026-05-27T09:02:47.358Z
sensor.shelly_plug_sg3_wk_waschmaschine_wk_waschmaschine_leistung,3.7,2026-05-27T09:02:48.386Z
sensor.shelly_plug_sg3_wk_waschmaschine_wk_waschmaschine_leistung,83.1,2026-05-27T09:02:50.443Z
sensor.shelly_plug_sg3_wk_waschmaschine_wk_waschmaschine_leistung,91.7,2026-05-27T09:02:51.476Z
sensor.shelly_plug_sg3_wk_waschmaschine_wk_waschmaschine_leistung,100.4,2026-05-27T09:02:53.528Z
sensor.shelly_plug_sg3_wk_waschmaschine_wk_waschmaschine_leistung,93.0,2026-05-27T09:02:54.555Z
sensor.shelly_plug_sg3_wk_waschmaschine_wk_waschmaschine_leistung,100.7,2026-05-27T09:02:55.583Z
sensor.shelly_plug_sg3_wk_waschmaschine_wk_waschmaschine_leistung,96.2,2026-05-27T09:03:00.042Z
sensor.shelly_plug_sg3_wk_waschmaschine_wk_waschmaschine_leistung,93.6,2026-05-27T09:03:00.723Z
sensor.shelly_plug_sg3_wk_waschmaschine_wk_waschmaschine_leistung,77.1,2026-05-27T09:03:01.752Z
sensor.shelly_plug_sg3_wk_waschmaschine_wk_waschmaschine_leistung,44.7,2026-05-27T09:03:04.835Z
sensor.shelly_plug_sg3_wk_waschmaschine_wk_waschmaschine_leistung,32.7,2026-05-27T09:03:05.863Z
sensor.shelly_plug_sg3_wk_waschmaschine_wk_waschmaschine_leistung,27.2,2026-05-27T09:03:06.892Z
sensor.shelly_plug_sg3_wk_waschmaschine_wk_waschmaschine_leistung,67.8,2026-05-27T09:03:08.948Z
sensor.shelly_plug_sg3_wk_waschmaschine_wk_waschmaschine_leistung,79.8,2026-05-27T09:03:09.976Z
sensor.shelly_plug_sg3_wk_waschmaschine_wk_waschmaschine_leistung,88.5,2026-05-27T09:03:12.036Z
sensor.shelly_plug_sg3_wk_waschmaschine_wk_waschmaschine_leistung,60.9,2026-05-27T09:03:20.256Z
sensor.shelly_plug_sg3_wk_waschmaschine_wk_waschmaschine_leistung,4.9,2026-05-27T09:03:21.284Z
sensor.shelly_plug_sg3_wk_waschmaschine_wk_waschmaschine_leistung,3.6,2026-05-27T09:03:22.303Z
sensor.shelly_plug_sg3_wk_waschmaschine_wk_waschmaschine_leistung,89.0,2026-05-27T09:03:23.340Z
sensor.shelly_plug_sg3_wk_waschmaschine_wk_waschmaschine_leistung,114.1,2026-05-27T09:03:24.369Z
sensor.shelly_plug_sg3_wk_waschmaschine_wk_waschmaschine_leistung,95.9,2026-05-27T09:03:25.396Z
sensor.shelly_plug_sg3_wk_waschmaschine_wk_waschmaschine_leistung,100.9,2026-05-27T09:03:26.416Z
sensor.shelly_plug_sg3_wk_waschmaschine_wk_waschmaschine_leistung,109.6,2026-05-27T09:03:28.474Z
sensor.shelly_plug_sg3_wk_waschmaschine_wk_waschmaschine_leistung,116.7,2026-05-27T09:03:31.565Z
sensor.shelly_plug_sg3_wk_waschmaschine_wk_waschmaschine_leistung,103.1,2026-05-27T09:03:32.593Z
sensor.shelly_plug_sg3_wk_waschmaschine_wk_waschmaschine_leistung,96.2,2026-05-27T09:03:33.612Z
sensor.shelly_plug_sg3_wk_waschmaschine_wk_waschmaschine_leistung,102.6,2026-05-27T09:03:34.644Z
sensor.shelly_plug_sg3_wk_waschmaschine_wk_waschmaschine_leistung,92.7,2026-05-27T09:03:35.678Z
sensor.shelly_plug_sg3_wk_waschmaschine_wk_waschmaschine_leistung,77.8,2026-05-27T09:03:36.706Z
sensor.shelly_plug_sg3_wk_waschmaschine_wk_waschmaschine_leistung,46.5,2026-05-27T09:03:37.734Z
sensor.shelly_plug_sg3_wk_waschmaschine_wk_waschmaschine_leistung,35.2,2026-05-27T09:03:39.791Z
sensor.shelly_plug_sg3_wk_waschmaschine_wk_waschmaschine_leistung,53.7,2026-05-27T09:03:41.846Z
sensor.shelly_plug_sg3_wk_waschmaschine_wk_waschmaschine_leistung,66.6,2026-05-27T09:03:42.875Z
sensor.shelly_plug_sg3_wk_waschmaschine_wk_waschmaschine_leistung,84.2,2026-05-27T09:03:43.904Z
sensor.shelly_plug_sg3_wk_waschmaschine_wk_waschmaschine_leistung,92.9,2026-05-27T09:03:46.987Z
sensor.shelly_plug_sg3_wk_waschmaschine_wk_waschmaschine_leistung,102.3,2026-05-27T09:03:50.074Z
sensor.shelly_plug_sg3_wk_waschmaschine_wk_waschmaschine_leistung,97.1,2026-05-27T09:03:51.090Z
sensor.shelly_plug_sg3_wk_waschmaschine_wk_waschmaschine_leistung,16.8,2026-05-27T09:03:55.214Z
sensor.shelly_plug_sg3_wk_waschmaschine_wk_waschmaschine_leistung,3.8,2026-05-27T09:03:56.240Z
sensor.shelly_plug_sg3_wk_waschmaschine_wk_waschmaschine_leistung,42.2,2026-05-27T09:03:57.271Z
sensor.shelly_plug_sg3_wk_waschmaschine_wk_waschmaschine_leistung,96.6,2026-05-27T09:03:58.297Z
sensor.shelly_plug_sg3_wk_waschmaschine_wk_waschmaschine_leistung,95.0,2026-05-27T09:04:00.040Z
sensor.shelly_plug_sg3_wk_waschmaschine_wk_waschmaschine_leistung,105.0,2026-05-27T09:04:05.492Z
sensor.shelly_plug_sg3_wk_waschmaschine_wk_waschmaschine_leistung,88.9,2026-05-27T09:04:06.523Z
sensor.shelly_plug_sg3_wk_waschmaschine_wk_waschmaschine_leistung,83.4,2026-05-27T09:04:08.577Z
sensor.shelly_plug_sg3_wk_waschmaschine_wk_waschmaschine_leistung,72.6,2026-05-27T09:04:09.607Z
sensor.shelly_plug_sg3_wk_waschmaschine_wk_waschmaschine_leistung,56.1,2026-05-27T09:04:10.635Z
sensor.shelly_plug_sg3_wk_waschmaschine_wk_waschmaschine_leistung,49.8,2026-05-27T09:04:11.662Z
sensor.shelly_plug_sg3_wk_waschmaschine_wk_waschmaschine_leistung,47.1,2026-05-27T09:04:12.681Z
sensor.shelly_plug_sg3_wk_waschmaschine_wk_waschmaschine_leistung,32.2,2026-05-27T09:04:13.718Z
sensor.shelly_plug_sg3_wk_waschmaschine_wk_waschmaschine_leistung,39.8,2026-05-27T09:04:14.746Z
sensor.shelly_plug_sg3_wk_waschmaschine_wk_waschmaschine_leistung,57.5,2026-05-27T09:04:15.774Z
sensor.shelly_plug_sg3_wk_waschmaschine_wk_waschmaschine_leistung,71.7,2026-05-27T09:04:16.804Z
sensor.shelly_plug_sg3_wk_waschmaschine_wk_waschmaschine_leistung,79.2,2026-05-27T09:04:17.833Z
sensor.shelly_plug_sg3_wk_waschmaschine_wk_waschmaschine_leistung,86.3,2026-05-27T09:04:19.886Z
sensor.shelly_plug_sg3_wk_waschmaschine_wk_waschmaschine_leistung,94.3,2026-05-27T09:04:22.970Z
sensor.shelly_plug_sg3_wk_waschmaschine_wk_waschmaschine_leistung,88.4,2026-05-27T09:04:23.999Z
sensor.shelly_plug_sg3_wk_waschmaschine_wk_waschmaschine_leistung,94.9,2026-05-27T09:04:27.085Z
sensor.shelly_plug_sg3_wk_waschmaschine_wk_waschmaschine_leistung,4.8,2026-05-27T09:04:28.111Z
sensor.shelly_plug_sg3_wk_waschmaschine_wk_waschmaschine_leistung,3.7,2026-05-27T09:04:29.130Z
sensor.shelly_plug_sg3_wk_waschmaschine_wk_waschmaschine_leistung,15.1,2026-05-27T09:04:30.169Z
sensor.shelly_plug_sg3_wk_waschmaschine_wk_waschmaschine_leistung,94.4,2026-05-27T09:04:31.198Z
sensor.shelly_plug_sg3_wk_waschmaschine_wk_waschmaschine_leistung,117.5,2026-05-27T09:04:32.224Z
sensor.shelly_plug_sg3_wk_waschmaschine_wk_waschmaschine_leistung,102.0,2026-05-27T09:04:33.252Z
sensor.shelly_plug_sg3_wk_waschmaschine_wk_waschmaschine_leistung,110.4,2026-05-27T09:04:34.281Z
sensor.shelly_plug_sg3_wk_waschmaschine_wk_waschmaschine_leistung,95.2,2026-05-27T09:04:39.425Z
sensor.shelly_plug_sg3_wk_waschmaschine_wk_waschmaschine_leistung,103.0,2026-05-27T09:04:40.449Z
sensor.shelly_plug_sg3_wk_waschmaschine_wk_waschmaschine_leistung,86.5,2026-05-27T09:04:41.477Z
sensor.shelly_plug_sg3_wk_waschmaschine_wk_waschmaschine_leistung,78.5,2026-05-27T09:04:42.504Z
sensor.shelly_plug_sg3_wk_waschmaschine_wk_waschmaschine_leistung,72.9,2026-05-27T09:04:43.537Z
sensor.shelly_plug_sg3_wk_waschmaschine_wk_waschmaschine_leistung,50.0,2026-05-27T09:04:44.574Z
sensor.shelly_plug_sg3_wk_waschmaschine_wk_waschmaschine_leistung,37.6,2026-05-27T09:04:45.589Z
sensor.shelly_plug_sg3_wk_waschmaschine_wk_waschmaschine_leistung,54.2,2026-05-27T09:04:47.645Z
sensor.shelly_plug_sg3_wk_waschmaschine_wk_waschmaschine_leistung,57.1,2026-05-27T09:04:48.664Z
sensor.shelly_plug_sg3_wk_waschmaschine_wk_waschmaschine_leistung,80.6,2026-05-27T09:04:50.730Z
sensor.shelly_plug_sg3_wk_waschmaschine_wk_waschmaschine_leistung,88.4,2026-05-27T09:04:52.788Z
sensor.shelly_plug_sg3_wk_waschmaschine_wk_waschmaschine_leistung,93.8,2026-05-27T09:04:53.819Z
sensor.shelly_plug_sg3_wk_waschmaschine_wk_waschmaschine_leistung,101.6,2026-05-27T09:04:55.871Z
sensor.shelly_plug_sg3_wk_waschmaschine_wk_waschmaschine_leistung,96.4,2026-05-27T09:04:56.890Z
sensor.shelly_plug_sg3_wk_waschmaschine_wk_waschmaschine_leistung,97.7,2026-05-27T09:05:00.041Z
sensor.shelly_plug_sg3_wk_waschmaschine_wk_waschmaschine_leistung,4.0,2026-05-27T09:05:01.013Z
sensor.shelly_plug_sg3_wk_waschmaschine_wk_waschmaschine_leistung,21.8,2026-05-27T09:05:03.068Z
sensor.shelly_plug_sg3_wk_waschmaschine_wk_waschmaschine_leistung,88.2,2026-05-27T09:05:04.095Z
sensor.shelly_plug_sg3_wk_waschmaschine_wk_waschmaschine_leistung,98.1,2026-05-27T09:05:05.126Z
sensor.shelly_plug_sg3_wk_waschmaschine_wk_waschmaschine_leistung,103.7,2026-05-27T09:05:12.319Z
sensor.shelly_plug_sg3_wk_waschmaschine_wk_waschmaschine_leistung,95.6,2026-05-27T09:05:13.347Z
sensor.shelly_plug_sg3_wk_waschmaschine_wk_waschmaschine_leistung,87.0,2026-05-27T09:05:14.375Z
sensor.shelly_plug_sg3_wk_waschmaschine_wk_waschmaschine_leistung,74.7,2026-05-27T09:05:15.404Z
sensor.shelly_plug_sg3_wk_waschmaschine_wk_waschmaschine_leistung,62.0,2026-05-27T09:05:16.434Z
sensor.shelly_plug_sg3_wk_waschmaschine_wk_waschmaschine_leistung,52.5,2026-05-27T09:05:17.460Z
sensor.shelly_plug_sg3_wk_waschmaschine_wk_waschmaschine_leistung,33.5,2026-05-27T09:05:19.516Z
sensor.shelly_plug_sg3_wk_waschmaschine_wk_waschmaschine_leistung,36.2,2026-05-27T09:05:20.535Z
sensor.shelly_plug_sg3_wk_waschmaschine_wk_waschmaschine_leistung,48.4,2026-05-27T09:05:21.573Z
sensor.shelly_plug_sg3_wk_waschmaschine_wk_waschmaschine_leistung,74.2,2026-05-27T09:05:22.600Z
sensor.shelly_plug_sg3_wk_waschmaschine_wk_waschmaschine_leistung,81.6,2026-05-27T09:05:23.628Z
sensor.shelly_plug_sg3_wk_waschmaschine_wk_waschmaschine_leistung,93.4,2026-05-27T09:05:24.659Z
sensor.shelly_plug_sg3_wk_waschmaschine_wk_waschmaschine_leistung,84.0,2026-05-27T09:05:25.685Z
sensor.shelly_plug_sg3_wk_waschmaschine_wk_waschmaschine_leistung,90.0,2026-05-27T09:05:26.713Z
sensor.shelly_plug_sg3_wk_waschmaschine_wk_waschmaschine_leistung,7.5,2026-05-27T09:05:33.917Z
sensor.shelly_plug_sg3_wk_waschmaschine_wk_waschmaschine_leistung,3.9,2026-05-27T09:05:34.937Z
sensor.shelly_plug_sg3_wk_waschmaschine_wk_waschmaschine_leistung,5.5,2026-05-27T09:05:35.956Z
sensor.shelly_plug_sg3_wk_waschmaschine_wk_waschmaschine_leistung,120.6,2026-05-27T09:05:36.994Z
sensor.shelly_plug_sg3_wk_waschmaschine_wk_waschmaschine_leistung,108.4,2026-05-27T09:05:38.021Z
sensor.shelly_plug_sg3_wk_waschmaschine_wk_waschmaschine_leistung,96.6,2026-05-27T09:05:45.219Z
sensor.shelly_plug_sg3_wk_waschmaschine_wk_waschmaschine_leistung,90.6,2026-05-27T09:05:48.301Z
sensor.shelly_plug_sg3_wk_waschmaschine_wk_waschmaschine_leistung,71.4,2026-05-27T09:05:49.329Z
sensor.shelly_plug_sg3_wk_waschmaschine_wk_waschmaschine_leistung,60.1,2026-05-27T09:05:50.358Z
sensor.shelly_plug_sg3_wk_waschmaschine_wk_waschmaschine_leistung,50.9,2026-05-27T09:05:51.388Z
sensor.shelly_plug_sg3_wk_waschmaschine_wk_waschmaschine_leistung,44.2,2026-05-27T09:05:52.414Z
sensor.shelly_plug_sg3_wk_waschmaschine_wk_waschmaschine_leistung,49.4,2026-05-27T09:05:53.433Z
sensor.shelly_plug_sg3_wk_waschmaschine_wk_waschmaschine_leistung,60.7,2026-05-27T09:05:54.470Z
sensor.shelly_plug_sg3_wk_waschmaschine_wk_waschmaschine_leistung,65.5,2026-05-27T09:05:55.489Z
sensor.shelly_plug_sg3_wk_waschmaschine_wk_waschmaschine_leistung,73.3,2026-05-27T09:05:56.526Z
sensor.shelly_plug_sg3_wk_waschmaschine_wk_waschmaschine_leistung,87.5,2026-05-27T09:05:57.557Z
sensor.shelly_plug_sg3_wk_waschmaschine_wk_waschmaschine_leistung,94.1,2026-05-27T09:05:58.585Z
sensor.shelly_plug_sg3_wk_waschmaschine_wk_waschmaschine_leistung,103.2,2026-05-27T09:05:59.612Z
sensor.shelly_plug_sg3_wk_waschmaschine_wk_waschmaschine_leistung,97.1,2026-05-27T09:06:00.630Z
sensor.shelly_plug_sg3_wk_waschmaschine_wk_waschmaschine_leistung,87.4,2026-05-27T09:06:01.667Z
sensor.shelly_plug_sg3_wk_waschmaschine_wk_waschmaschine_leistung,97.7,2026-05-27T09:06:02.696Z
sensor.shelly_plug_sg3_wk_waschmaschine_wk_waschmaschine_leistung,91.8,2026-05-27T09:06:04.754Z
sensor.shelly_plug_sg3_wk_waschmaschine_wk_waschmaschine_leistung,5.4,2026-05-27T09:06:06.808Z
sensor.shelly_plug_sg3_wk_waschmaschine_wk_waschmaschine_leistung,3.7,2026-05-27T09:06:07.839Z
sensor.shelly_plug_sg3_wk_waschmaschine_wk_waschmaschine_leistung,7.9,2026-05-27T09:06:08.865Z
sensor.shelly_plug_sg3_wk_waschmaschine_wk_waschmaschine_leistung,107.9,2026-05-27T09:06:09.894Z
sensor.shelly_plug_sg3_wk_waschmaschine_wk_waschmaschine_leistung,88.3,2026-05-27T09:06:10.922Z
sensor.shelly_plug_sg3_wk_waschmaschine_wk_waschmaschine_leistung,105.0,2026-05-27T09:06:11.950Z
sensor.shelly_plug_sg3_wk_waschmaschine_wk_waschmaschine_leistung,92.7,2026-05-27T09:06:12.978Z
sensor.shelly_plug_sg3_wk_waschmaschine_wk_waschmaschine_leistung,102.0,2026-05-27T09:06:14.006Z
sensor.shelly_plug_sg3_wk_waschmaschine_wk_waschmaschine_leistung,94.4,2026-05-27T09:06:16.062Z
sensor.shelly_plug_sg3_wk_waschmaschine_wk_waschmaschine_leistung,73.2,2026-05-27T09:06:22.231Z
sensor.shelly_plug_sg3_wk_waschmaschine_wk_waschmaschine_leistung,59.3,2026-05-27T09:06:23.260Z
sensor.shelly_plug_sg3_wk_waschmaschine_wk_waschmaschine_leistung,34.5,2026-05-27T09:06:24.286Z
sensor.shelly_plug_sg3_wk_waschmaschine_wk_waschmaschine_leistung,29.3,2026-05-27T09:06:25.317Z
sensor.shelly_plug_sg3_wk_waschmaschine_wk_waschmaschine_leistung,32.0,2026-05-27T09:06:26.335Z
sensor.shelly_plug_sg3_wk_waschmaschine_wk_waschmaschine_leistung,46.6,2026-05-27T09:06:27.371Z
sensor.shelly_plug_sg3_wk_waschmaschine_wk_waschmaschine_leistung,78.6,2026-05-27T09:06:28.399Z
sensor.shelly_plug_sg3_wk_waschmaschine_wk_waschmaschine_leistung,84.8,2026-05-27T09:06:30.455Z
sensor.shelly_plug_sg3_wk_waschmaschine_wk_waschmaschine_leistung,90.5,2026-05-27T09:06:31.483Z
sensor.shelly_plug_sg3_wk_waschmaschine_wk_waschmaschine_leistung,97.2,2026-05-27T09:06:37.653Z
sensor.shelly_plug_sg3_wk_waschmaschine_wk_waschmaschine_leistung,83.3,2026-05-27T09:06:38.678Z
sensor.shelly_plug_sg3_wk_waschmaschine_wk_waschmaschine_leistung,36.2,2026-05-27T09:06:39.707Z
sensor.shelly_plug_sg3_wk_waschmaschine_wk_waschmaschine_leistung,3.8,2026-05-27T09:06:40.735Z
sensor.shelly_plug_sg3_wk_waschmaschine_wk_waschmaschine_leistung,106.7,2026-05-27T09:06:42.792Z
sensor.shelly_plug_sg3_wk_waschmaschine_wk_waschmaschine_leistung,113.1,2026-05-27T09:06:44.838Z
sensor.shelly_plug_sg3_wk_waschmaschine_wk_waschmaschine_leistung,103.5,2026-05-27T09:06:46.894Z
sensor.shelly_plug_sg3_wk_waschmaschine_wk_waschmaschine_leistung,112.3,2026-05-27T09:06:47.922Z
sensor.shelly_plug_sg3_wk_waschmaschine_wk_waschmaschine_leistung,101.8,2026-05-27T09:06:51.016Z
sensor.shelly_plug_sg3_wk_waschmaschine_wk_waschmaschine_leistung,96.3,2026-05-27T09:06:53.062Z
sensor.shelly_plug_sg3_wk_waschmaschine_wk_waschmaschine_leistung,80.7,2026-05-27T09:06:54.102Z
sensor.shelly_plug_sg3_wk_waschmaschine_wk_waschmaschine_leistung,65.4,2026-05-27T09:06:55.128Z
sensor.shelly_plug_sg3_wk_waschmaschine_wk_waschmaschine_leistung,73.2,2026-05-27T09:06:56.158Z
sensor.shelly_plug_sg3_wk_waschmaschine_wk_waschmaschine_leistung,37.5,2026-05-27T09:06:57.188Z
sensor.shelly_plug_sg3_wk_waschmaschine_wk_waschmaschine_leistung,40.7,2026-05-27T09:06:58.203Z
sensor.shelly_plug_sg3_wk_waschmaschine_wk_waschmaschine_leistung,36.0,2026-05-27T09:06:59.236Z
sensor.shelly_plug_sg3_wk_waschmaschine_wk_waschmaschine_leistung,56.9,2026-05-27T09:07:00.269Z
sensor.shelly_plug_sg3_wk_waschmaschine_wk_waschmaschine_leistung,62.3,2026-05-27T09:07:01.299Z
sensor.shelly_plug_sg3_wk_waschmaschine_wk_waschmaschine_leistung,71.4,2026-05-27T09:07:02.326Z
sensor.shelly_plug_sg3_wk_waschmaschine_wk_waschmaschine_leistung,81.7,2026-05-27T09:07:03.354Z
sensor.shelly_plug_sg3_wk_waschmaschine_wk_waschmaschine_leistung,90.2,2026-05-27T09:07:04.382Z
sensor.shelly_plug_sg3_wk_waschmaschine_wk_waschmaschine_leistung,97.0,2026-05-27T09:07:05.410Z
sensor.shelly_plug_sg3_wk_waschmaschine_wk_waschmaschine_leistung,103.0,2026-05-27T09:07:07.467Z
sensor.shelly_plug_sg3_wk_waschmaschine_wk_waschmaschine_leistung,93.0,2026-05-27T09:07:10.550Z
sensor.shelly_plug_sg3_wk_waschmaschine_wk_waschmaschine_leistung,24.9,2026-05-27T09:07:12.606Z
sensor.shelly_plug_sg3_wk_waschmaschine_wk_waschmaschine_leistung,3.7,2026-05-27T09:07:13.636Z
sensor.shelly_plug_sg3_wk_waschmaschine_wk_waschmaschine_leistung,91.9,2026-05-27T09:07:15.693Z
sensor.shelly_plug_sg3_wk_waschmaschine_wk_waschmaschine_leistung,102.1,2026-05-27T09:07:17.749Z
sensor.shelly_plug_sg3_wk_waschmaschine_wk_waschmaschine_leistung,96.5,2026-05-27T09:07:22.878Z
sensor.shelly_plug_sg3_wk_waschmaschine_wk_waschmaschine_leistung,91.2,2026-05-27T09:07:24.934Z
sensor.shelly_plug_sg3_wk_waschmaschine_wk_waschmaschine_leistung,83.1,2026-05-27T09:07:25.971Z
sensor.shelly_plug_sg3_wk_waschmaschine_wk_waschmaschine_leistung,72.3,2026-05-27T09:07:27.002Z
sensor.shelly_plug_sg3_wk_waschmaschine_wk_waschmaschine_leistung,64.8,2026-05-27T09:07:28.028Z
sensor.shelly_plug_sg3_wk_waschmaschine_wk_waschmaschine_leistung,58.4,2026-05-27T09:07:29.056Z
sensor.shelly_plug_sg3_wk_waschmaschine_wk_waschmaschine_leistung,45.2,2026-05-27T09:07:30.085Z
sensor.shelly_plug_sg3_wk_waschmaschine_wk_waschmaschine_leistung,33.2,2026-05-27T09:07:31.116Z
sensor.shelly_plug_sg3_wk_waschmaschine_wk_waschmaschine_leistung,50.4,2026-05-27T09:07:33.169Z
sensor.shelly_plug_sg3_wk_waschmaschine_wk_waschmaschine_leistung,72.0,2026-05-27T09:07:34.203Z
sensor.shelly_plug_sg3_wk_waschmaschine_wk_waschmaschine_leistung,78.8,2026-05-27T09:07:35.226Z
sensor.shelly_plug_sg3_wk_waschmaschine_wk_waschmaschine_leistung,83.3,2026-05-27T09:07:36.246Z
sensor.shelly_plug_sg3_wk_waschmaschine_wk_waschmaschine_leistung,87.8,2026-05-27T09:07:37.282Z
sensor.shelly_plug_sg3_wk_waschmaschine_wk_waschmaschine_leistung,83.3,2026-05-27T09:07:38.300Z
sensor.shelly_plug_sg3_wk_waschmaschine_wk_waschmaschine_leistung,88.0,2026-05-27T09:07:39.328Z
sensor.shelly_plug_sg3_wk_waschmaschine_wk_waschmaschine_leistung,93.1,2026-05-27T09:07:40.365Z
sensor.shelly_plug_sg3_wk_waschmaschine_wk_waschmaschine_leistung,87.0,2026-05-27T09:07:42.422Z
sensor.shelly_plug_sg3_wk_waschmaschine_wk_waschmaschine_leistung,56.2,2026-05-27T09:07:45.506Z
sensor.shelly_plug_sg3_wk_waschmaschine_wk_waschmaschine_leistung,4.4,2026-05-27T09:07:46.533Z
sensor.shelly_plug_sg3_wk_waschmaschine_wk_waschmaschine_leistung,16.2,2026-05-27T09:07:47.562Z
sensor.shelly_plug_sg3_wk_waschmaschine_wk_waschmaschine_leistung,98.2,2026-05-27T09:07:48.595Z
sensor.shelly_plug_sg3_wk_waschmaschine_wk_waschmaschine_leistung,111.2,2026-05-27T09:07:49.618Z
sensor.shelly_plug_sg3_wk_waschmaschine_wk_waschmaschine_leistung,103.6,2026-05-27T09:07:55.786Z
sensor.shelly_plug_sg3_wk_waschmaschine_wk_waschmaschine_leistung,111.0,2026-05-27T09:07:56.814Z
sensor.shelly_plug_sg3_wk_waschmaschine_wk_waschmaschine_leistung,101.8,2026-05-27T09:07:57.842Z
sensor.shelly_plug_sg3_wk_waschmaschine_wk_waschmaschine_leistung,95.2,2026-05-27T09:07:58.870Z
sensor.shelly_plug_sg3_wk_waschmaschine_wk_waschmaschine_leistung,73.8,2026-05-27T09:07:59.898Z
sensor.shelly_plug_sg3_wk_waschmaschine_wk_waschmaschine_leistung,68.8,2026-05-27T09:08:00.917Z
sensor.shelly_plug_sg3_wk_waschmaschine_wk_waschmaschine_leistung,54.0,2026-05-27T09:08:01.957Z
sensor.shelly_plug_sg3_wk_waschmaschine_wk_waschmaschine_leistung,48.4,2026-05-27T09:08:02.983Z
sensor.shelly_plug_sg3_wk_waschmaschine_wk_waschmaschine_leistung,37.7,2026-05-27T09:08:04.011Z
sensor.shelly_plug_sg3_wk_waschmaschine_wk_waschmaschine_leistung,30.6,2026-05-27T09:08:05.039Z
sensor.shelly_plug_sg3_wk_waschmaschine_wk_waschmaschine_leistung,67.3,2026-05-27T09:08:06.068Z
sensor.shelly_plug_sg3_wk_waschmaschine_wk_waschmaschine_leistung,74.6,2026-05-27T09:08:07.100Z
sensor.shelly_plug_sg3_wk_waschmaschine_wk_waschmaschine_leistung,91.3,2026-05-27T09:08:08.124Z
sensor.shelly_plug_sg3_wk_waschmaschine_wk_waschmaschine_leistung,81.9,2026-05-27T09:08:09.152Z
sensor.shelly_plug_sg3_wk_waschmaschine_wk_waschmaschine_leistung,93.8,2026-05-27T09:08:11.211Z
sensor.shelly_plug_sg3_wk_waschmaschine_wk_waschmaschine_leistung,100.6,2026-05-27T09:08:12.239Z
sensor.shelly_plug_sg3_wk_waschmaschine_wk_waschmaschine_leistung,49.9,2026-05-27T09:08:18.405Z
sensor.shelly_plug_sg3_wk_waschmaschine_wk_waschmaschine_leistung,3.9,2026-05-27T09:08:19.433Z
sensor.shelly_plug_sg3_wk_waschmaschine_wk_waschmaschine_leistung,22.0,2026-05-27T09:08:20.463Z
sensor.shelly_plug_sg3_wk_waschmaschine_wk_waschmaschine_leistung,84.5,2026-05-27T09:08:21.489Z
sensor.shelly_plug_sg3_wk_waschmaschine_wk_waschmaschine_leistung,102.2,2026-05-27T09:08:22.518Z
sensor.shelly_plug_sg3_wk_waschmaschine_wk_waschmaschine_leistung,93.1,2026-05-27T09:08:24.575Z
sensor.shelly_plug_sg3_wk_waschmaschine_wk_waschmaschine_leistung,100.9,2026-05-27T09:08:25.604Z
sensor.shelly_plug_sg3_wk_waschmaschine_wk_waschmaschine_leistung,107.2,2026-05-27T09:08:30.742Z
sensor.shelly_plug_sg3_wk_waschmaschine_wk_waschmaschine_leistung,87.4,2026-05-27T09:08:31.770Z
sensor.shelly_plug_sg3_wk_waschmaschine_wk_waschmaschine_leistung,67.8,2026-05-27T09:08:34.854Z
sensor.shelly_plug_sg3_wk_waschmaschine_wk_waschmaschine_leistung,48.4,2026-05-27T09:08:36.910Z
sensor.shelly_plug_sg3_wk_waschmaschine_wk_waschmaschine_leistung,37.9,2026-05-27T09:08:37.941Z
sensor.shelly_plug_sg3_wk_waschmaschine_wk_waschmaschine_leistung,33.1,2026-05-27T09:08:38.957Z
sensor.shelly_plug_sg3_wk_waschmaschine_wk_waschmaschine_leistung,51.6,2026-05-27T09:08:39.995Z
sensor.shelly_plug_sg3_wk_waschmaschine_wk_waschmaschine_leistung,61.8,2026-05-27T09:08:41.023Z
sensor.shelly_plug_sg3_wk_waschmaschine_wk_waschmaschine_leistung,81.0,2026-05-27T09:08:42.052Z
sensor.shelly_plug_sg3_wk_waschmaschine_wk_waschmaschine_leistung,88.6,2026-05-27T09:08:43.079Z
sensor.shelly_plug_sg3_wk_waschmaschine_wk_waschmaschine_leistung,82.0,2026-05-27T09:08:44.110Z
sensor.shelly_plug_sg3_wk_waschmaschine_wk_waschmaschine_leistung,89.3,2026-05-27T09:08:45.136Z
sensor.shelly_plug_sg3_wk_waschmaschine_wk_waschmaschine_leistung,94.3,2026-05-27T09:08:46.155Z
sensor.shelly_plug_sg3_wk_waschmaschine_wk_waschmaschine_leistung,85.9,2026-05-27T09:08:49.238Z
sensor.shelly_plug_sg3_wk_waschmaschine_wk_waschmaschine_leistung,3.6,2026-05-27T09:08:53.359Z
sensor.shelly_plug_sg3_wk_waschmaschine_wk_waschmaschine_leistung,46.9,2026-05-27T09:08:55.415Z
sensor.shelly_plug_sg3_wk_waschmaschine_wk_waschmaschine_leistung,117.6,2026-05-27T09:08:56.455Z
sensor.shelly_plug_sg3_wk_waschmaschine_wk_waschmaschine_leistung,103.0,2026-05-27T09:08:57.472Z
sensor.shelly_plug_sg3_wk_waschmaschine_wk_waschmaschine_leistung,108.8,2026-05-27T09:08:59.529Z
sensor.shelly_plug_sg3_wk_waschmaschine_wk_waschmaschine_leistung,102.1,2026-05-27T09:09:03.640Z
sensor.shelly_plug_sg3_wk_waschmaschine_wk_waschmaschine_leistung,92.9,2026-05-27T09:09:04.669Z
sensor.shelly_plug_sg3_wk_waschmaschine_wk_waschmaschine_leistung,101.7,2026-05-27T09:09:05.697Z
sensor.shelly_plug_sg3_wk_waschmaschine_wk_waschmaschine_leistung,84.5,2026-05-27T09:09:06.725Z
sensor.shelly_plug_sg3_wk_waschmaschine_wk_waschmaschine_leistung,70.3,2026-05-27T09:09:07.753Z
sensor.shelly_plug_sg3_wk_waschmaschine_wk_waschmaschine_leistung,64.7,2026-05-27T09:09:08.782Z
sensor.shelly_plug_sg3_wk_waschmaschine_wk_waschmaschine_leistung,55.7,2026-05-27T09:09:09.810Z
sensor.shelly_plug_sg3_wk_waschmaschine_wk_waschmaschine_leistung,39.3,2026-05-27T09:09:10.838Z
sensor.shelly_plug_sg3_wk_waschmaschine_wk_waschmaschine_leistung,46.2,2026-05-27T09:09:12.897Z
sensor.shelly_plug_sg3_wk_waschmaschine_wk_waschmaschine_leistung,64.8,2026-05-27T09:09:13.922Z
sensor.shelly_plug_sg3_wk_waschmaschine_wk_waschmaschine_leistung,73.3,2026-05-27T09:09:14.951Z
sensor.shelly_plug_sg3_wk_waschmaschine_wk_waschmaschine_leistung,83.7,2026-05-27T09:09:17.007Z
sensor.shelly_plug_sg3_wk_waschmaschine_wk_waschmaschine_leistung,97.2,2026-05-27T09:09:18.035Z
sensor.shelly_plug_sg3_wk_waschmaschine_wk_waschmaschine_leistung,102.2,2026-05-27T09:09:19.064Z
sensor.shelly_plug_sg3_wk_waschmaschine_wk_waschmaschine_leistung,90.2,2026-05-27T09:09:20.091Z
sensor.shelly_plug_sg3_wk_waschmaschine_wk_waschmaschine_leistung,95.0,2026-05-27T09:09:21.110Z
sensor.shelly_plug_sg3_wk_waschmaschine_wk_waschmaschine_leistung,99.7,2026-05-27T09:09:24.196Z
sensor.shelly_plug_sg3_wk_waschmaschine_wk_waschmaschine_leistung,3.8,2026-05-27T09:09:26.259Z
sensor.shelly_plug_sg3_wk_waschmaschine_wk_waschmaschine_leistung,26.0,2026-05-27T09:09:28.316Z
sensor.shelly_plug_sg3_wk_waschmaschine_wk_waschmaschine_leistung,103.1,2026-05-27T09:09:29.344Z
sensor.shelly_plug_sg3_wk_waschmaschine_wk_waschmaschine_leistung,87.6,2026-05-27T09:09:30.372Z
sensor.shelly_plug_sg3_wk_waschmaschine_wk_waschmaschine_leistung,98.5,2026-05-27T09:09:31.400Z
sensor.shelly_plug_sg3_wk_waschmaschine_wk_waschmaschine_leistung,106.3,2026-05-27T09:09:35.512Z
sensor.shelly_plug_sg3_wk_waschmaschine_wk_waschmaschine_leistung,97.0,2026-05-27T09:09:36.540Z
sensor.shelly_plug_sg3_wk_waschmaschine_wk_waschmaschine_leistung,91.0,2026-05-27T09:09:37.570Z
sensor.shelly_plug_sg3_wk_waschmaschine_wk_waschmaschine_leistung,98.2,2026-05-27T09:09:39.624Z
sensor.shelly_plug_sg3_wk_waschmaschine_wk_waschmaschine_leistung,90.4,2026-05-27T09:09:40.653Z
sensor.shelly_plug_sg3_wk_waschmaschine_wk_waschmaschine_leistung,66.9,2026-05-27T09:09:41.680Z
sensor.shelly_plug_sg3_wk_waschmaschine_wk_waschmaschine_leistung,53.8,2026-05-27T09:09:42.710Z
sensor.shelly_plug_sg3_wk_waschmaschine_wk_waschmaschine_leistung,32.7,2026-05-27T09:09:43.737Z
sensor.shelly_plug_sg3_wk_waschmaschine_wk_waschmaschine_leistung,37.0,2026-05-27T09:09:44.755Z
sensor.shelly_plug_sg3_wk_waschmaschine_wk_waschmaschine_leistung,45.2,2026-05-27T09:09:45.793Z
sensor.shelly_plug_sg3_wk_waschmaschine_wk_waschmaschine_leistung,57.5,2026-05-27T09:09:46.821Z
sensor.shelly_plug_sg3_wk_waschmaschine_wk_waschmaschine_leistung,81.6,2026-05-27T09:09:47.849Z
sensor.shelly_plug_sg3_wk_waschmaschine_wk_waschmaschine_leistung,91.0,2026-05-27T09:09:50.933Z
sensor.shelly_plug_sg3_wk_waschmaschine_wk_waschmaschine_leistung,85.9,2026-05-27T09:09:51.953Z
sensor.shelly_plug_sg3_wk_waschmaschine_wk_waschmaschine_leistung,91.3,2026-05-27T09:09:54.007Z
sensor.shelly_plug_sg3_wk_waschmaschine_wk_waschmaschine_leistung,96.2,2026-05-27T09:09:57.100Z
sensor.shelly_plug_sg3_wk_waschmaschine_wk_waschmaschine_leistung,75.5,2026-05-27T09:09:58.131Z
sensor.shelly_plug_sg3_wk_waschmaschine_wk_waschmaschine_leistung,7.8,2026-05-27T09:09:59.157Z
sensor.shelly_plug_sg3_wk_waschmaschine_wk_waschmaschine_leistung,4.3,2026-05-27T09:10:00.186Z
sensor.shelly_plug_sg3_wk_waschmaschine_wk_waschmaschine_leistung,22.2,2026-05-27T09:10:01.213Z
sensor.shelly_plug_sg3_wk_waschmaschine_wk_waschmaschine_leistung,111.8,2026-05-27T09:10:02.242Z
sensor.shelly_plug_sg3_wk_waschmaschine_wk_waschmaschine_leistung,105.7,2026-05-27T09:10:06.344Z
sensor.shelly_plug_sg3_wk_waschmaschine_wk_waschmaschine_leistung,99.7,2026-05-27T09:10:09.437Z
sensor.shelly_plug_sg3_wk_waschmaschine_wk_waschmaschine_leistung,94.4,2026-05-27T09:10:10.456Z
sensor.shelly_plug_sg3_wk_waschmaschine_wk_waschmaschine_leistung,105.0,2026-05-27T09:10:11.488Z
sensor.shelly_plug_sg3_wk_waschmaschine_wk_waschmaschine_leistung,89.6,2026-05-27T09:10:12.524Z
sensor.shelly_plug_sg3_wk_waschmaschine_wk_waschmaschine_leistung,61.2,2026-05-27T09:10:13.555Z
sensor.shelly_plug_sg3_wk_waschmaschine_wk_waschmaschine_leistung,36.3,2026-05-27T09:10:16.634Z
sensor.shelly_plug_sg3_wk_waschmaschine_wk_waschmaschine_leistung,45.9,2026-05-27T09:10:18.690Z
sensor.shelly_plug_sg3_wk_waschmaschine_wk_waschmaschine_leistung,78.0,2026-05-27T09:10:19.722Z
sensor.shelly_plug_sg3_wk_waschmaschine_wk_waschmaschine_leistung,84.9,2026-05-27T09:10:21.775Z
sensor.shelly_plug_sg3_wk_waschmaschine_wk_waschmaschine_leistung,89.9,2026-05-27T09:10:23.831Z
sensor.shelly_plug_sg3_wk_waschmaschine_wk_waschmaschine_leistung,96.0,2026-05-27T09:10:26.917Z
sensor.shelly_plug_sg3_wk_waschmaschine_wk_waschmaschine_leistung,101.2,2026-05-27T09:10:27.944Z
sensor.shelly_plug_sg3_wk_waschmaschine_wk_waschmaschine_leistung,92.4,2026-05-27T09:10:28.974Z
sensor.shelly_plug_sg3_wk_waschmaschine_wk_waschmaschine_leistung,79.7,2026-05-27T09:10:31.028Z
sensor.shelly_plug_sg3_wk_waschmaschine_wk_waschmaschine_leistung,5.6,2026-05-27T09:10:32.056Z
sensor.shelly_plug_sg3_wk_waschmaschine_wk_waschmaschine_leistung,3.6,2026-05-27T09:10:33.084Z
sensor.shelly_plug_sg3_wk_waschmaschine_wk_waschmaschine_leistung,7.6,2026-05-27T09:10:34.112Z
sensor.shelly_plug_sg3_wk_waschmaschine_wk_waschmaschine_leistung,104.7,2026-05-27T09:10:35.144Z
sensor.shelly_plug_sg3_wk_waschmaschine_wk_waschmaschine_leistung,99.5,2026-05-27T09:10:36.160Z
sensor.shelly_plug_sg3_wk_waschmaschine_wk_waschmaschine_leistung,94.3,2026-05-27T09:10:43.355Z
sensor.shelly_plug_sg3_wk_waschmaschine_wk_waschmaschine_leistung,86.6,2026-05-27T09:10:45.421Z
sensor.shelly_plug_sg3_wk_waschmaschine_wk_waschmaschine_leistung,78.0,2026-05-27T09:10:46.449Z
sensor.shelly_plug_sg3_wk_waschmaschine_wk_waschmaschine_leistung,62.3,2026-05-27T09:10:48.505Z
sensor.shelly_plug_sg3_wk_waschmaschine_wk_waschmaschine_leistung,34.4,2026-05-27T09:10:49.534Z
sensor.shelly_plug_sg3_wk_waschmaschine_wk_waschmaschine_leistung,30.1,2026-05-27T09:10:50.554Z
sensor.shelly_plug_sg3_wk_waschmaschine_wk_waschmaschine_leistung,49.7,2026-05-27T09:10:52.618Z
sensor.shelly_plug_sg3_wk_waschmaschine_wk_waschmaschine_leistung,71.0,2026-05-27T09:10:53.646Z
sensor.shelly_plug_sg3_wk_waschmaschine_wk_waschmaschine_leistung,83.1,2026-05-27T09:10:54.673Z
sensor.shelly_plug_sg3_wk_waschmaschine_wk_waschmaschine_leistung,91.3,2026-05-27T09:10:58.786Z
sensor.shelly_plug_sg3_wk_waschmaschine_wk_waschmaschine_leistung,88.5,2026-05-27T09:11:00.026Z
sensor.shelly_plug_sg3_wk_waschmaschine_wk_waschmaschine_leistung,83.7,2026-05-27T09:11:00.843Z
sensor.shelly_plug_sg3_wk_waschmaschine_wk_waschmaschine_leistung,77.5,2026-05-27T09:11:03.927Z
sensor.shelly_plug_sg3_wk_waschmaschine_wk_waschmaschine_leistung,31.4,2026-05-27T09:11:04.956Z
sensor.shelly_plug_sg3_wk_waschmaschine_wk_waschmaschine_leistung,4.2,2026-05-27T09:11:05.984Z
sensor.shelly_plug_sg3_wk_waschmaschine_wk_waschmaschine_leistung,36.7,2026-05-27T09:11:07.011Z
sensor.shelly_plug_sg3_wk_waschmaschine_wk_waschmaschine_leistung,115.4,2026-05-27T09:11:08.039Z
sensor.shelly_plug_sg3_wk_waschmaschine_wk_waschmaschine_leistung,102.1,2026-05-27T09:11:09.068Z
sensor.shelly_plug_sg3_wk_waschmaschine_wk_waschmaschine_leistung,110.6,2026-05-27T09:11:10.096Z
sensor.shelly_plug_sg3_wk_waschmaschine_wk_waschmaschine_leistung,103.2,2026-05-27T09:11:13.180Z
sensor.shelly_plug_sg3_wk_waschmaschine_wk_waschmaschine_leistung,84.5,2026-05-27T09:11:18.318Z
sensor.shelly_plug_sg3_wk_waschmaschine_wk_waschmaschine_leistung,68.4,2026-05-27T09:11:20.375Z
sensor.shelly_plug_sg3_wk_waschmaschine_wk_waschmaschine_leistung,51.2,2026-05-27T09:11:21.404Z
sensor.shelly_plug_sg3_wk_waschmaschine_wk_waschmaschine_leistung,42.8,2026-05-27T09:11:23.459Z
sensor.shelly_plug_sg3_wk_waschmaschine_wk_waschmaschine_leistung,33.5,2026-05-27T09:11:24.489Z
sensor.shelly_plug_sg3_wk_waschmaschine_wk_waschmaschine_leistung,54.5,2026-05-27T09:11:25.515Z
sensor.shelly_plug_sg3_wk_waschmaschine_wk_waschmaschine_leistung,83.7,2026-05-27T09:11:26.544Z
sensor.shelly_plug_sg3_wk_waschmaschine_wk_waschmaschine_leistung,76.9,2026-05-27T09:11:27.572Z
sensor.shelly_plug_sg3_wk_waschmaschine_wk_waschmaschine_leistung,81.5,2026-05-27T09:11:28.591Z
sensor.shelly_plug_sg3_wk_waschmaschine_wk_waschmaschine_leistung,104.1,2026-05-27T09:11:29.629Z
sensor.shelly_plug_sg3_wk_waschmaschine_wk_waschmaschine_leistung,88.7,2026-05-27T09:11:30.657Z
sensor.shelly_plug_sg3_wk_waschmaschine_wk_waschmaschine_leistung,103.5,2026-05-27T09:11:31.687Z
sensor.shelly_plug_sg3_wk_waschmaschine_wk_waschmaschine_leistung,97.7,2026-05-27T09:11:34.770Z
sensor.shelly_plug_sg3_wk_waschmaschine_wk_waschmaschine_leistung,90.0,2026-05-27T09:11:36.826Z
sensor.shelly_plug_sg3_wk_waschmaschine_wk_waschmaschine_leistung,29.6,2026-05-27T09:11:37.854Z
sensor.shelly_plug_sg3_wk_waschmaschine_wk_waschmaschine_leistung,3.8,2026-05-27T09:11:38.883Z
sensor.shelly_plug_sg3_wk_waschmaschine_wk_waschmaschine_leistung,38.8,2026-05-27T09:11:39.911Z
sensor.shelly_plug_sg3_wk_waschmaschine_wk_waschmaschine_leistung,97.0,2026-05-27T09:11:40.943Z
sensor.shelly_plug_sg3_wk_waschmaschine_wk_waschmaschine_leistung,105.6,2026-05-27T09:11:44.025Z
sensor.shelly_plug_sg3_wk_waschmaschine_wk_waschmaschine_leistung,94.2,2026-05-27T09:11:45.053Z
sensor.shelly_plug_sg3_wk_waschmaschine_wk_waschmaschine_leistung,99.8,2026-05-27T09:11:47.110Z
sensor.shelly_plug_sg3_wk_waschmaschine_wk_waschmaschine_leistung,107.2,2026-05-27T09:11:48.138Z
sensor.shelly_plug_sg3_wk_waschmaschine_wk_waschmaschine_leistung,101.2,2026-05-27T09:11:49.164Z
sensor.shelly_plug_sg3_wk_waschmaschine_wk_waschmaschine_leistung,95.1,2026-05-27T09:11:50.193Z
sensor.shelly_plug_sg3_wk_waschmaschine_wk_waschmaschine_leistung,87.1,2026-05-27T09:11:51.221Z
sensor.shelly_plug_sg3_wk_waschmaschine_wk_waschmaschine_leistung,73.6,2026-05-27T09:11:53.279Z
sensor.shelly_plug_sg3_wk_waschmaschine_wk_waschmaschine_leistung,47.1,2026-05-27T09:11:54.307Z
sensor.shelly_plug_sg3_wk_waschmaschine_wk_waschmaschine_leistung,42.1,2026-05-27T09:11:57.380Z
sensor.shelly_plug_sg3_wk_waschmaschine_wk_waschmaschine_leistung,50.9,2026-05-27T09:11:58.408Z
sensor.shelly_plug_sg3_wk_waschmaschine_wk_waschmaschine_leistung,63.3,2026-05-27T09:11:59.445Z
sensor.shelly_plug_sg3_wk_waschmaschine_wk_waschmaschine_leistung,71.1,2026-05-27T09:12:00.475Z
sensor.shelly_plug_sg3_wk_waschmaschine_wk_waschmaschine_leistung,75.0,2026-05-27T09:12:01.492Z
sensor.shelly_plug_sg3_wk_waschmaschine_wk_waschmaschine_leistung,88.9,2026-05-27T09:12:02.530Z
sensor.shelly_plug_sg3_wk_waschmaschine_wk_waschmaschine_leistung,83.9,2026-05-27T09:12:03.549Z
sensor.shelly_plug_sg3_wk_waschmaschine_wk_waschmaschine_leistung,90.8,2026-05-27T09:12:05.605Z
sensor.shelly_plug_sg3_wk_waschmaschine_wk_waschmaschine_leistung,85.3,2026-05-27T09:12:06.633Z
sensor.shelly_plug_sg3_wk_waschmaschine_wk_waschmaschine_leistung,92.0,2026-05-27T09:12:08.689Z
sensor.shelly_plug_sg3_wk_waschmaschine_wk_waschmaschine_leistung,83.7,2026-05-27T09:12:09.728Z
sensor.shelly_plug_sg3_wk_waschmaschine_wk_waschmaschine_leistung,63.4,2026-05-27T09:12:10.755Z
sensor.shelly_plug_sg3_wk_waschmaschine_wk_waschmaschine_leistung,5.3,2026-05-27T09:12:11.784Z
sensor.shelly_plug_sg3_wk_waschmaschine_wk_waschmaschine_leistung,9.8,2026-05-27T09:12:12.802Z
sensor.shelly_plug_sg3_wk_waschmaschine_wk_waschmaschine_leistung,87.6,2026-05-27T09:12:13.840Z
sensor.shelly_plug_sg3_wk_waschmaschine_wk_waschmaschine_leistung,123.8,2026-05-27T09:12:14.871Z
sensor.shelly_plug_sg3_wk_waschmaschine_wk_waschmaschine_leistung,112.9,2026-05-27T09:12:15.896Z
sensor.shelly_plug_sg3_wk_waschmaschine_wk_waschmaschine_leistung,104.1,2026-05-27T09:12:16.925Z
sensor.shelly_plug_sg3_wk_waschmaschine_wk_waschmaschine_leistung,109.9,2026-05-27T09:12:17.946Z
sensor.shelly_plug_sg3_wk_waschmaschine_wk_waschmaschine_leistung,101.4,2026-05-27T09:12:22.065Z
sensor.shelly_plug_sg3_wk_waschmaschine_wk_waschmaschine_leistung,85.5,2026-05-27T09:12:25.148Z
sensor.shelly_plug_sg3_wk_waschmaschine_wk_waschmaschine_leistung,66.0,2026-05-27T09:12:26.179Z
sensor.shelly_plug_sg3_wk_waschmaschine_wk_waschmaschine_leistung,46.1,2026-05-27T09:12:27.208Z
sensor.shelly_plug_sg3_wk_waschmaschine_wk_waschmaschine_leistung,52.1,2026-05-27T09:12:31.319Z
sensor.shelly_plug_sg3_wk_waschmaschine_wk_waschmaschine_leistung,67.4,2026-05-27T09:12:33.375Z
sensor.shelly_plug_sg3_wk_waschmaschine_wk_waschmaschine_leistung,79.7,2026-05-27T09:12:34.401Z
sensor.shelly_plug_sg3_wk_waschmaschine_wk_waschmaschine_leistung,90.2,2026-05-27T09:12:35.430Z
sensor.shelly_plug_sg3_wk_waschmaschine_wk_waschmaschine_leistung,100.3,2026-05-27T09:12:36.462Z
sensor.shelly_plug_sg3_wk_waschmaschine_wk_waschmaschine_leistung,95.2,2026-05-27T09:12:38.506Z
sensor.shelly_plug_sg3_wk_waschmaschine_wk_waschmaschine_leistung,55.3,2026-05-27T09:12:43.657Z
sensor.shelly_plug_sg3_wk_waschmaschine_wk_waschmaschine_leistung,3.7,2026-05-27T09:12:44.682Z
sensor.shelly_plug_sg3_wk_waschmaschine_wk_waschmaschine_leistung,14.4,2026-05-27T09:12:45.712Z
sensor.shelly_plug_sg3_wk_waschmaschine_wk_waschmaschine_leistung,78.7,2026-05-27T09:12:46.739Z
sensor.shelly_plug_sg3_wk_waschmaschine_wk_waschmaschine_leistung,106.1,2026-05-27T09:12:47.769Z
sensor.shelly_plug_sg3_wk_waschmaschine_wk_waschmaschine_leistung,93.2,2026-05-27T09:12:48.795Z
sensor.shelly_plug_sg3_wk_waschmaschine_wk_waschmaschine_leistung,99.1,2026-05-27T09:12:50.853Z
sensor.shelly_plug_sg3_wk_waschmaschine_wk_waschmaschine_leistung,93.3,2026-05-27T09:12:51.871Z
sensor.shelly_plug_sg3_wk_waschmaschine_wk_waschmaschine_leistung,103.4,2026-05-27T09:12:52.901Z
sensor.shelly_plug_sg3_wk_waschmaschine_wk_waschmaschine_leistung,97.0,2026-05-27T09:12:55.996Z
sensor.shelly_plug_sg3_wk_waschmaschine_wk_waschmaschine_leistung,90.8,2026-05-27T09:12:58.048Z
sensor.shelly_plug_sg3_wk_waschmaschine_wk_waschmaschine_leistung,81.7,2026-05-27T09:12:59.077Z
sensor.shelly_plug_sg3_wk_waschmaschine_wk_waschmaschine_leistung,66.4,2026-05-27T09:13:00.105Z
sensor.shelly_plug_sg3_wk_waschmaschine_wk_waschmaschine_leistung,62.9,2026-05-27T09:13:01.124Z
sensor.shelly_plug_sg3_wk_waschmaschine_wk_waschmaschine_leistung,48.6,2026-05-27T09:13:02.161Z
sensor.shelly_plug_sg3_wk_waschmaschine_wk_waschmaschine_leistung,33.9,2026-05-27T09:13:03.190Z
sensor.shelly_plug_sg3_wk_waschmaschine_wk_waschmaschine_leistung,47.9,2026-05-27T09:13:05.246Z
sensor.shelly_plug_sg3_wk_waschmaschine_wk_waschmaschine_leistung,61.3,2026-05-27T09:13:06.274Z
sensor.shelly_plug_sg3_wk_waschmaschine_wk_waschmaschine_leistung,78.0,2026-05-27T09:13:07.303Z
sensor.shelly_plug_sg3_wk_waschmaschine_wk_waschmaschine_leistung,86.4,2026-05-27T09:13:08.333Z
sensor.shelly_plug_sg3_wk_waschmaschine_wk_waschmaschine_leistung,92.6,2026-05-27T09:13:10.391Z
sensor.shelly_plug_sg3_wk_waschmaschine_wk_waschmaschine_leistung,87.8,2026-05-27T09:13:12.436Z
sensor.shelly_plug_sg3_wk_waschmaschine_wk_waschmaschine_leistung,93.4,2026-05-27T09:13:13.462Z
sensor.shelly_plug_sg3_wk_waschmaschine_wk_waschmaschine_leistung,85.4,2026-05-27T09:13:16.556Z
sensor.shelly_plug_sg3_wk_waschmaschine_wk_waschmaschine_leistung,39.3,2026-05-27T09:13:17.584Z
sensor.shelly_plug_sg3_wk_waschmaschine_wk_waschmaschine_leistung,4.4,2026-05-27T09:13:18.612Z
sensor.shelly_plug_sg3_wk_waschmaschine_wk_waschmaschine_leistung,31.4,2026-05-27T09:13:20.668Z
sensor.shelly_plug_sg3_wk_waschmaschine_wk_waschmaschine_leistung,107.2,2026-05-27T09:13:21.696Z
sensor.shelly_plug_sg3_wk_waschmaschine_wk_waschmaschine_leistung,113.4,2026-05-27T09:13:27.869Z
sensor.shelly_plug_sg3_wk_waschmaschine_wk_waschmaschine_leistung,105.2,2026-05-27T09:13:28.893Z
sensor.shelly_plug_sg3_wk_waschmaschine_wk_waschmaschine_leistung,99.8,2026-05-27T09:13:30.940Z
sensor.shelly_plug_sg3_wk_waschmaschine_wk_waschmaschine_leistung,73.9,2026-05-27T09:13:31.977Z
sensor.shelly_plug_sg3_wk_waschmaschine_wk_waschmaschine_leistung,66.7,2026-05-27T09:13:33.005Z
sensor.shelly_plug_sg3_wk_waschmaschine_wk_waschmaschine_leistung,62.0,2026-05-27T09:13:34.072Z
sensor.shelly_plug_sg3_wk_waschmaschine_wk_waschmaschine_leistung,53.5,2026-05-27T09:13:35.062Z
sensor.shelly_plug_sg3_wk_waschmaschine_wk_waschmaschine_leistung,46.4,2026-05-27T09:13:36.090Z
sensor.shelly_plug_sg3_wk_waschmaschine_wk_waschmaschine_leistung,55.6,2026-05-27T09:13:37.118Z
sensor.shelly_plug_sg3_wk_waschmaschine_wk_waschmaschine_leistung,49.2,2026-05-27T09:13:38.147Z
sensor.shelly_plug_sg3_wk_waschmaschine_wk_waschmaschine_leistung,81.6,2026-05-27T09:13:39.175Z
sensor.shelly_plug_sg3_wk_waschmaschine_wk_waschmaschine_leistung,93.1,2026-05-27T09:13:42.259Z
sensor.shelly_plug_sg3_wk_waschmaschine_wk_waschmaschine_leistung,100.8,2026-05-27T09:13:43.287Z
sensor.shelly_plug_sg3_wk_waschmaschine_wk_waschmaschine_leistung,111.6,2026-05-27T09:13:46.372Z
sensor.shelly_plug_sg3_wk_waschmaschine_wk_waschmaschine_leistung,97.4,2026-05-27T09:13:47.404Z
sensor.shelly_plug_sg3_wk_waschmaschine_wk_waschmaschine_leistung,90.1,2026-05-27T09:13:49.456Z
sensor.shelly_plug_sg3_wk_waschmaschine_wk_waschmaschine_leistung,33.5,2026-05-27T09:13:50.484Z
sensor.shelly_plug_sg3_wk_waschmaschine_wk_waschmaschine_leistung,3.8,2026-05-27T09:13:51.512Z
sensor.shelly_plug_sg3_wk_waschmaschine_wk_waschmaschine_leistung,85.6,2026-05-27T09:13:53.568Z
sensor.shelly_plug_sg3_wk_waschmaschine_wk_waschmaschine_leistung,99.7,2026-05-27T09:13:54.596Z
sensor.shelly_plug_sg3_wk_waschmaschine_wk_waschmaschine_leistung,96.7,2026-05-27T09:14:00.018Z
sensor.shelly_plug_sg3_wk_waschmaschine_wk_waschmaschine_leistung,87.8,2026-05-27T09:14:03.851Z
sensor.shelly_plug_sg3_wk_waschmaschine_wk_waschmaschine_leistung,70.9,2026-05-27T09:14:04.877Z
sensor.shelly_plug_sg3_wk_waschmaschine_wk_waschmaschine_leistung,64.0,2026-05-27T09:14:05.903Z
sensor.shelly_plug_sg3_wk_waschmaschine_wk_waschmaschine_leistung,56.8,2026-05-27T09:14:06.931Z
sensor.shelly_plug_sg3_wk_waschmaschine_wk_waschmaschine_leistung,43.4,2026-05-27T09:14:07.960Z
sensor.shelly_plug_sg3_wk_waschmaschine_wk_waschmaschine_leistung,31.9,2026-05-27T09:14:08.988Z
sensor.shelly_plug_sg3_wk_waschmaschine_wk_waschmaschine_leistung,26.9,2026-05-27T09:14:10.016Z
sensor.shelly_plug_sg3_wk_waschmaschine_wk_waschmaschine_leistung,58.1,2026-05-27T09:14:12.073Z
sensor.shelly_plug_sg3_wk_waschmaschine_wk_waschmaschine_leistung,71.6,2026-05-27T09:14:13.101Z
sensor.shelly_plug_sg3_wk_waschmaschine_wk_waschmaschine_leistung,86.2,2026-05-27T09:14:14.129Z
sensor.shelly_plug_sg3_wk_waschmaschine_wk_waschmaschine_leistung,97.3,2026-05-27T09:14:16.185Z
sensor.shelly_plug_sg3_wk_waschmaschine_wk_waschmaschine_leistung,87.9,2026-05-27T09:14:17.214Z
sensor.shelly_plug_sg3_wk_waschmaschine_wk_waschmaschine_leistung,92.3,2026-05-27T09:14:20.288Z
sensor.shelly_plug_sg3_wk_waschmaschine_wk_waschmaschine_leistung,58.8,2026-05-27T09:14:23.381Z
sensor.shelly_plug_sg3_wk_waschmaschine_wk_waschmaschine_leistung,4.7,2026-05-27T09:14:24.410Z
sensor.shelly_plug_sg3_wk_waschmaschine_wk_waschmaschine_leistung,3.6,2026-05-27T09:14:25.428Z
sensor.shelly_plug_sg3_wk_waschmaschine_wk_waschmaschine_leistung,90.0,2026-05-27T09:14:26.466Z
sensor.shelly_plug_sg3_wk_waschmaschine_wk_waschmaschine_leistung,114.6,2026-05-27T09:14:27.495Z
sensor.shelly_plug_sg3_wk_waschmaschine_wk_waschmaschine_leistung,104.1,2026-05-27T09:14:28.523Z
sensor.shelly_plug_sg3_wk_waschmaschine_wk_waschmaschine_leistung,115.1,2026-05-27T09:14:29.551Z
sensor.shelly_plug_sg3_wk_waschmaschine_wk_waschmaschine_leistung,108.6,2026-05-27T09:14:31.607Z
sensor.shelly_plug_sg3_wk_waschmaschine_wk_waschmaschine_leistung,81.3,2026-05-27T09:14:37.775Z
sensor.shelly_plug_sg3_wk_waschmaschine_wk_waschmaschine_leistung,63.8,2026-05-27T09:14:38.803Z
sensor.shelly_plug_sg3_wk_waschmaschine_wk_waschmaschine_leistung,76.8,2026-05-27T09:14:39.831Z
sensor.shelly_plug_sg3_wk_waschmaschine_wk_waschmaschine_leistung,55.1,2026-05-27T09:14:40.860Z
sensor.shelly_plug_sg3_wk_waschmaschine_wk_waschmaschine_leistung,44.6,2026-05-27T09:14:41.888Z
sensor.shelly_plug_sg3_wk_waschmaschine_wk_waschmaschine_leistung,36.7,2026-05-27T09:14:42.916Z
sensor.shelly_plug_sg3_wk_waschmaschine_wk_waschmaschine_leistung,45.9,2026-05-27T09:14:43.945Z
sensor.shelly_plug_sg3_wk_waschmaschine_wk_waschmaschine_leistung,68.2,2026-05-27T09:14:44.973Z
sensor.shelly_plug_sg3_wk_waschmaschine_wk_waschmaschine_leistung,79.7,2026-05-27T09:14:46.002Z
sensor.shelly_plug_sg3_wk_waschmaschine_wk_waschmaschine_leistung,86.0,2026-05-27T09:14:47.030Z
sensor.shelly_plug_sg3_wk_waschmaschine_wk_waschmaschine_leistung,93.2,2026-05-27T09:14:48.058Z
sensor.shelly_plug_sg3_wk_waschmaschine_wk_waschmaschine_leistung,99.9,2026-05-27T09:14:49.088Z
sensor.shelly_plug_sg3_wk_waschmaschine_wk_waschmaschine_leistung,91.2,2026-05-27T09:14:51.143Z
sensor.shelly_plug_sg3_wk_waschmaschine_wk_waschmaschine_leistung,99.9,2026-05-27T09:14:53.198Z
sensor.shelly_plug_sg3_wk_waschmaschine_wk_waschmaschine_leistung,57.9,2026-05-27T09:14:56.322Z
sensor.shelly_plug_sg3_wk_waschmaschine_wk_waschmaschine_leistung,4.1,2026-05-27T09:14:57.312Z
sensor.shelly_plug_sg3_wk_waschmaschine_wk_waschmaschine_leistung,77.2,2026-05-27T09:14:59.367Z
sensor.shelly_plug_sg3_wk_waschmaschine_wk_waschmaschine_leistung,98.1,2026-05-27T09:15:00.395Z
sensor.shelly_plug_sg3_wk_waschmaschine_wk_waschmaschine_leistung,103.5,2026-05-27T09:15:01.414Z
sensor.shelly_plug_sg3_wk_waschmaschine_wk_waschmaschine_leistung,95.8,2026-05-27T09:15:02.445Z
sensor.shelly_plug_sg3_wk_waschmaschine_wk_waschmaschine_leistung,101.7,2026-05-27T09:15:04.498Z
sensor.shelly_plug_sg3_wk_waschmaschine_wk_waschmaschine_leistung,96.4,2026-05-27T09:15:08.610Z
sensor.shelly_plug_sg3_wk_waschmaschine_wk_waschmaschine_leistung,87.8,2026-05-27T09:15:09.647Z
sensor.shelly_plug_sg3_wk_waschmaschine_wk_waschmaschine_leistung,79.1,2026-05-27T09:15:10.676Z
sensor.shelly_plug_sg3_wk_waschmaschine_wk_waschmaschine_leistung,71.0,2026-05-27T09:15:11.706Z
sensor.shelly_plug_sg3_wk_waschmaschine_wk_waschmaschine_leistung,57.4,2026-05-27T09:15:12.732Z
sensor.shelly_plug_sg3_wk_waschmaschine_wk_waschmaschine_leistung,46.0,2026-05-27T09:15:13.760Z
sensor.shelly_plug_sg3_wk_waschmaschine_wk_waschmaschine_leistung,37.1,2026-05-27T09:15:14.788Z
sensor.shelly_plug_sg3_wk_waschmaschine_wk_waschmaschine_leistung,34.2,2026-05-27T09:15:15.808Z
sensor.shelly_plug_sg3_wk_waschmaschine_wk_waschmaschine_leistung,45.8,2026-05-27T09:15:16.836Z
sensor.shelly_plug_sg3_wk_waschmaschine_wk_waschmaschine_leistung,64.8,2026-05-27T09:15:17.874Z
sensor.shelly_plug_sg3_wk_waschmaschine_wk_waschmaschine_leistung,83.6,2026-05-27T09:15:18.901Z
sensor.shelly_plug_sg3_wk_waschmaschine_wk_waschmaschine_leistung,96.2,2026-05-27T09:15:24.043Z
sensor.shelly_plug_sg3_wk_waschmaschine_wk_waschmaschine_leistung,86.0,2026-05-27T09:15:26.098Z
sensor.shelly_plug_sg3_wk_waschmaschine_wk_waschmaschine_leistung,91.6,2026-05-27T09:15:27.126Z
sensor.shelly_plug_sg3_wk_waschmaschine_wk_waschmaschine_leistung,83.4,2026-05-27T09:15:29.182Z
sensor.shelly_plug_sg3_wk_waschmaschine_wk_waschmaschine_leistung,9.6,2026-05-27T09:15:30.210Z
sensor.shelly_plug_sg3_wk_waschmaschine_wk_waschmaschine_leistung,3.9,2026-05-27T09:15:31.238Z
sensor.shelly_plug_sg3_wk_waschmaschine_wk_waschmaschine_leistung,63.9,2026-05-27T09:15:32.267Z
sensor.shelly_plug_sg3_wk_waschmaschine_wk_waschmaschine_leistung,136.1,2026-05-27T09:15:33.295Z
sensor.shelly_plug_sg3_wk_waschmaschine_wk_waschmaschine_leistung,104.6,2026-05-27T09:15:34.326Z
sensor.shelly_plug_sg3_wk_waschmaschine_wk_waschmaschine_leistung,111.6,2026-05-27T09:15:35.343Z
sensor.shelly_plug_sg3_wk_waschmaschine_wk_waschmaschine_leistung,104.5,2026-05-27T09:15:39.464Z
sensor.shelly_plug_sg3_wk_waschmaschine_wk_waschmaschine_leistung,82.2,2026-05-27T09:15:43.575Z
sensor.shelly_plug_sg3_wk_waschmaschine_wk_waschmaschine_leistung,72.8,2026-05-27T09:15:45.634Z
sensor.shelly_plug_sg3_wk_waschmaschine_wk_waschmaschine_leistung,59.4,2026-05-27T09:15:46.660Z
sensor.shelly_plug_sg3_wk_waschmaschine_wk_waschmaschine_leistung,40.0,2026-05-27T09:15:47.688Z
sensor.shelly_plug_sg3_wk_waschmaschine_wk_waschmaschine_leistung,35.4,2026-05-27T09:15:48.707Z
sensor.shelly_plug_sg3_wk_waschmaschine_wk_waschmaschine_leistung,58.0,2026-05-27T09:15:49.745Z
sensor.shelly_plug_sg3_wk_waschmaschine_wk_waschmaschine_leistung,79.0,2026-05-27T09:15:51.807Z
sensor.shelly_plug_sg3_wk_waschmaschine_wk_waschmaschine_leistung,96.1,2026-05-27T09:15:52.833Z
sensor.shelly_plug_sg3_wk_waschmaschine_wk_waschmaschine_leistung,85.1,2026-05-27T09:15:54.885Z
sensor.shelly_plug_sg3_wk_waschmaschine_wk_waschmaschine_leistung,102.4,2026-05-27T09:15:55.913Z
sensor.shelly_plug_sg3_wk_waschmaschine_wk_waschmaschine_leistung,96.7,2026-05-27T09:15:58.997Z
sensor.shelly_plug_sg3_wk_waschmaschine_wk_waschmaschine_leistung,87.2,2026-05-27T09:16:02.096Z
sensor.shelly_plug_sg3_wk_waschmaschine_wk_waschmaschine_leistung,6.4,2026-05-27T09:16:03.118Z
sensor.shelly_plug_sg3_wk_waschmaschine_wk_waschmaschine_leistung,59.4,2026-05-27T09:16:05.174Z
sensor.shelly_plug_sg3_wk_waschmaschine_wk_waschmaschine_leistung,101.5,2026-05-27T09:16:06.205Z
sensor.shelly_plug_sg3_wk_waschmaschine_wk_waschmaschine_leistung,110.9,2026-05-27T09:16:07.231Z
sensor.shelly_plug_sg3_wk_waschmaschine_wk_waschmaschine_leistung,96.5,2026-05-27T09:16:09.289Z
sensor.shelly_plug_sg3_wk_waschmaschine_wk_waschmaschine_leistung,103.4,2026-05-27T09:16:11.345Z
sensor.shelly_plug_sg3_wk_waschmaschine_wk_waschmaschine_leistung,91.8,2026-05-27T09:16:15.454Z
sensor.shelly_plug_sg3_wk_waschmaschine_wk_waschmaschine_leistung,74.6,2026-05-27T09:16:16.482Z
sensor.shelly_plug_sg3_wk_waschmaschine_wk_waschmaschine_leistung,58.2,2026-05-27T09:16:18.539Z
sensor.shelly_plug_sg3_wk_waschmaschine_wk_waschmaschine_leistung,49.8,2026-05-27T09:16:20.595Z
sensor.shelly_plug_sg3_wk_waschmaschine_wk_waschmaschine_leistung,37.3,2026-05-27T09:16:21.623Z
sensor.shelly_plug_sg3_wk_waschmaschine_wk_waschmaschine_leistung,27.6,2026-05-27T09:16:22.651Z
sensor.shelly_plug_sg3_wk_waschmaschine_wk_waschmaschine_leistung,38.3,2026-05-27T09:16:23.682Z
sensor.shelly_plug_sg3_wk_waschmaschine_wk_waschmaschine_leistung,67.0,2026-05-27T09:16:24.708Z
sensor.shelly_plug_sg3_wk_waschmaschine_wk_waschmaschine_leistung,89.5,2026-05-27T09:16:25.736Z
sensor.shelly_plug_sg3_wk_waschmaschine_wk_waschmaschine_leistung,81.5,2026-05-27T09:16:26.764Z
sensor.shelly_plug_sg3_wk_waschmaschine_wk_waschmaschine_leistung,91.6,2026-05-27T09:16:27.793Z
sensor.shelly_plug_sg3_wk_waschmaschine_wk_waschmaschine_leistung,86.6,2026-05-27T09:16:28.812Z
sensor.shelly_plug_sg3_wk_waschmaschine_wk_waschmaschine_leistung,95.2,2026-05-27T09:16:30.868Z
sensor.shelly_plug_sg3_wk_waschmaschine_wk_waschmaschine_leistung,89.7,2026-05-27T09:16:31.896Z
sensor.shelly_plug_sg3_wk_waschmaschine_wk_waschmaschine_leistung,95.3,2026-05-27T09:16:33.953Z
sensor.shelly_plug_sg3_wk_waschmaschine_wk_waschmaschine_leistung,84.7,2026-05-27T09:16:34.990Z
sensor.shelly_plug_sg3_wk_waschmaschine_wk_waschmaschine_leistung,35.8,2026-05-27T09:16:36.018Z
sensor.shelly_plug_sg3_wk_waschmaschine_wk_waschmaschine_leistung,3.6,2026-05-27T09:16:37.050Z
sensor.shelly_plug_sg3_wk_waschmaschine_wk_waschmaschine_leistung,31.3,2026-05-27T09:16:38.078Z
sensor.shelly_plug_sg3_wk_waschmaschine_wk_waschmaschine_leistung,115.5,2026-05-27T09:16:39.103Z
sensor.shelly_plug_sg3_wk_waschmaschine_wk_waschmaschine_leistung,108.2,2026-05-27T09:16:40.131Z
sensor.shelly_plug_sg3_wk_waschmaschine_wk_waschmaschine_leistung,94.7,2026-05-27T09:16:48.357Z
sensor.shelly_plug_sg3_wk_waschmaschine_wk_waschmaschine_leistung,61.2,2026-05-27T09:16:51.439Z
sensor.shelly_plug_sg3_wk_waschmaschine_wk_waschmaschine_leistung,49.6,2026-05-27T09:16:52.467Z
sensor.shelly_plug_sg3_wk_waschmaschine_wk_waschmaschine_leistung,43.0,2026-05-27T09:16:53.497Z
sensor.shelly_plug_sg3_wk_waschmaschine_wk_waschmaschine_leistung,54.5,2026-05-27T09:16:56.579Z
sensor.shelly_plug_sg3_wk_waschmaschine_wk_waschmaschine_leistung,59.7,2026-05-27T09:16:57.622Z
sensor.shelly_plug_sg3_wk_waschmaschine_wk_waschmaschine_leistung,89.4,2026-05-27T09:16:58.636Z
sensor.shelly_plug_sg3_wk_waschmaschine_wk_waschmaschine_leistung,83.8,2026-05-27T09:16:59.664Z
sensor.shelly_plug_sg3_wk_waschmaschine_wk_waschmaschine_leistung,92.4,2026-05-27T09:17:01.720Z
sensor.shelly_plug_sg3_wk_waschmaschine_wk_waschmaschine_leistung,99.9,2026-05-27T09:17:02.748Z
sensor.shelly_plug_sg3_wk_waschmaschine_wk_waschmaschine_leistung,93.4,2026-05-27T09:17:05.832Z
sensor.shelly_plug_sg3_wk_waschmaschine_wk_waschmaschine_leistung,98.2,2026-05-27T09:17:06.851Z
sensor.shelly_plug_sg3_wk_waschmaschine_wk_waschmaschine_leistung,77.8,2026-05-27T09:17:08.917Z
sensor.shelly_plug_sg3_wk_waschmaschine_wk_waschmaschine_leistung,3.6,2026-05-27T09:17:09.945Z
sensor.shelly_plug_sg3_wk_waschmaschine_wk_waschmaschine_leistung,8.4,2026-05-27T09:17:10.973Z
sensor.shelly_plug_sg3_wk_waschmaschine_wk_waschmaschine_leistung,64.1,2026-05-27T09:17:12.001Z
sensor.shelly_plug_sg3_wk_waschmaschine_wk_waschmaschine_leistung,94.2,2026-05-27T09:17:13.031Z
sensor.shelly_plug_sg3_wk_waschmaschine_wk_waschmaschine_leistung,102.3,2026-05-27T09:17:14.060Z
sensor.shelly_plug_sg3_wk_waschmaschine_wk_waschmaschine_leistung,94.9,2026-05-27T09:17:16.114Z
sensor.shelly_plug_sg3_wk_waschmaschine_wk_waschmaschine_leistung,99.7,2026-05-27T09:17:20.217Z
sensor.shelly_plug_sg3_wk_waschmaschine_wk_waschmaschine_leistung,94.0,2026-05-27T09:17:22.273Z
sensor.shelly_plug_sg3_wk_waschmaschine_wk_waschmaschine_leistung,82.9,2026-05-27T09:17:23.310Z
sensor.shelly_plug_sg3_wk_waschmaschine_wk_waschmaschine_leistung,88.0,2026-05-27T09:17:24.339Z
sensor.shelly_plug_sg3_wk_waschmaschine_wk_waschmaschine_leistung,65.5,2026-05-27T09:17:25.367Z
sensor.shelly_plug_sg3_wk_waschmaschine_wk_waschmaschine_leistung,53.6,2026-05-27T09:17:26.397Z
sensor.shelly_plug_sg3_wk_waschmaschine_wk_waschmaschine_leistung,40.5,2026-05-27T09:17:27.424Z
sensor.shelly_plug_sg3_wk_waschmaschine_wk_waschmaschine_leistung,33.4,2026-05-27T09:17:28.452Z
sensor.shelly_plug_sg3_wk_waschmaschine_wk_waschmaschine_leistung,35.3,2026-05-27T09:17:29.472Z
sensor.shelly_plug_sg3_wk_waschmaschine_wk_waschmaschine_leistung,43.1,2026-05-27T09:17:30.510Z
sensor.shelly_plug_sg3_wk_waschmaschine_wk_waschmaschine_leistung,70.5,2026-05-27T09:17:31.536Z
sensor.shelly_plug_sg3_wk_waschmaschine_wk_waschmaschine_leistung,78.9,2026-05-27T09:17:32.565Z
sensor.shelly_plug_sg3_wk_waschmaschine_wk_waschmaschine_leistung,83.4,2026-05-27T09:17:35.642Z
sensor.shelly_plug_sg3_wk_waschmaschine_wk_waschmaschine_leistung,89.5,2026-05-27T09:17:36.679Z
sensor.shelly_plug_sg3_wk_waschmaschine_wk_waschmaschine_leistung,99.4,2026-05-27T09:17:38.735Z
sensor.shelly_plug_sg3_wk_waschmaschine_wk_waschmaschine_leistung,90.3,2026-05-27T09:17:39.761Z
sensor.shelly_plug_sg3_wk_waschmaschine_wk_waschmaschine_leistung,63.7,2026-05-27T09:17:42.845Z
sensor.shelly_plug_sg3_wk_waschmaschine_wk_waschmaschine_leistung,4.8,2026-05-27T09:17:43.873Z
sensor.shelly_plug_sg3_wk_waschmaschine_wk_waschmaschine_leistung,3.6,2026-05-27T09:17:44.892Z
sensor.shelly_plug_sg3_wk_waschmaschine_wk_waschmaschine_leistung,90.4,2026-05-27T09:17:45.929Z
sensor.shelly_plug_sg3_wk_waschmaschine_wk_waschmaschine_leistung,107.1,2026-05-27T09:17:46.960Z
sensor.shelly_plug_sg3_wk_waschmaschine_wk_waschmaschine_leistung,113.4,2026-05-27T09:17:47.977Z
sensor.shelly_plug_sg3_wk_waschmaschine_wk_waschmaschine_leistung,105.3,2026-05-27T09:17:53.118Z
sensor.shelly_plug_sg3_wk_waschmaschine_wk_waschmaschine_leistung,110.9,2026-05-27T09:17:54.145Z
sensor.shelly_plug_sg3_wk_waschmaschine_wk_waschmaschine_leistung,95.7,2026-05-27T09:17:56.212Z
sensor.shelly_plug_sg3_wk_waschmaschine_wk_waschmaschine_leistung,88.4,2026-05-27T09:17:57.238Z
sensor.shelly_plug_sg3_wk_waschmaschine_wk_waschmaschine_leistung,61.7,2026-05-27T09:17:58.267Z
sensor.shelly_plug_sg3_wk_waschmaschine_wk_waschmaschine_leistung,64.5,2026-05-27T09:18:00.010Z
sensor.shelly_plug_sg3_wk_waschmaschine_wk_waschmaschine_leistung,43.5,2026-05-27T09:18:00.323Z
sensor.shelly_plug_sg3_wk_waschmaschine_wk_waschmaschine_leistung,50.6,2026-05-27T09:18:02.379Z
sensor.shelly_plug_sg3_wk_waschmaschine_wk_waschmaschine_leistung,42.5,2026-05-27T09:18:03.407Z
sensor.shelly_plug_sg3_wk_waschmaschine_wk_waschmaschine_leistung,70.9,2026-05-27T09:18:04.437Z
sensor.shelly_plug_sg3_wk_waschmaschine_wk_waschmaschine_leistung,74.5,2026-05-27T09:18:05.454Z
sensor.shelly_plug_sg3_wk_waschmaschine_wk_waschmaschine_leistung,79.5,2026-05-27T09:18:06.492Z
sensor.shelly_plug_sg3_wk_waschmaschine_wk_waschmaschine_leistung,98.2,2026-05-27T09:18:07.519Z
sensor.shelly_plug_sg3_wk_waschmaschine_wk_waschmaschine_leistung,92.4,2026-05-27T09:18:11.632Z
sensor.shelly_plug_sg3_wk_waschmaschine_wk_waschmaschine_leistung,98.4,2026-05-27T09:18:13.688Z
sensor.shelly_plug_sg3_wk_waschmaschine_wk_waschmaschine_leistung,106.6,2026-05-27T09:18:14.719Z
sensor.shelly_plug_sg3_wk_waschmaschine_wk_waschmaschine_leistung,55.5,2026-05-27T09:18:15.745Z
sensor.shelly_plug_sg3_wk_waschmaschine_wk_waschmaschine_leistung,4.0,2026-05-27T09:18:16.773Z
sensor.shelly_plug_sg3_wk_waschmaschine_wk_waschmaschine_leistung,81.3,2026-05-27T09:18:18.829Z
sensor.shelly_plug_sg3_wk_waschmaschine_wk_waschmaschine_leistung,96.6,2026-05-27T09:18:19.858Z
sensor.shelly_plug_sg3_wk_waschmaschine_wk_waschmaschine_leistung,104.2,2026-05-27T09:18:20.885Z
sensor.shelly_plug_sg3_wk_waschmaschine_wk_waschmaschine_leistung,92.1,2026-05-27T09:18:21.916Z
sensor.shelly_plug_sg3_wk_waschmaschine_wk_waschmaschine_leistung,98.9,2026-05-27T09:18:22.944Z
sensor.shelly_plug_sg3_wk_waschmaschine_wk_waschmaschine_leistung,103.9,2026-05-27T09:18:26.017Z
sensor.shelly_plug_sg3_wk_waschmaschine_wk_waschmaschine_leistung,95.4,2026-05-27T09:18:28.073Z
sensor.shelly_plug_sg3_wk_waschmaschine_wk_waschmaschine_leistung,83.9,2026-05-27T09:18:30.140Z
sensor.shelly_plug_sg3_wk_waschmaschine_wk_waschmaschine_leistung,69.1,2026-05-27T09:18:32.196Z
sensor.shelly_plug_sg3_wk_waschmaschine_wk_waschmaschine_leistung,42.3,2026-05-27T09:18:33.223Z
sensor.shelly_plug_sg3_wk_waschmaschine_wk_waschmaschine_leistung,36.1,2026-05-27T09:18:34.254Z
sensor.shelly_plug_sg3_wk_waschmaschine_wk_waschmaschine_leistung,41.0,2026-05-27T09:18:35.270Z
sensor.shelly_plug_sg3_wk_waschmaschine_wk_waschmaschine_leistung,53.4,2026-05-27T09:18:37.336Z
sensor.shelly_plug_sg3_wk_waschmaschine_wk_waschmaschine_leistung,70.4,2026-05-27T09:18:38.364Z
sensor.shelly_plug_sg3_wk_waschmaschine_wk_waschmaschine_leistung,74.7,2026-05-27T09:18:39.383Z
sensor.shelly_plug_sg3_wk_waschmaschine_wk_waschmaschine_leistung,86.5,2026-05-27T09:18:40.421Z
sensor.shelly_plug_sg3_wk_waschmaschine_wk_waschmaschine_leistung,95.1,2026-05-27T09:18:43.505Z
sensor.shelly_plug_sg3_wk_waschmaschine_wk_waschmaschine_leistung,86.2,2026-05-27T09:18:45.564Z
sensor.shelly_plug_sg3_wk_waschmaschine_wk_waschmaschine_leistung,13.1,2026-05-27T09:18:49.672Z
sensor.shelly_plug_sg3_wk_waschmaschine_wk_waschmaschine_leistung,3.7,2026-05-27T09:18:50.702Z
sensor.shelly_plug_sg3_wk_waschmaschine_wk_waschmaschine_leistung,58.2,2026-05-27T09:18:51.728Z
sensor.shelly_plug_sg3_wk_waschmaschine_wk_waschmaschine_leistung,114.8,2026-05-27T09:18:52.759Z
sensor.shelly_plug_sg3_wk_waschmaschine_wk_waschmaschine_leistung,100.4,2026-05-27T09:18:53.787Z
sensor.shelly_plug_sg3_wk_waschmaschine_wk_waschmaschine_leistung,107.8,2026-05-27T09:18:54.814Z
sensor.shelly_plug_sg3_wk_waschmaschine_wk_waschmaschine_leistung,107.1,2026-05-27T09:19:00.007Z
sensor.shelly_plug_sg3_wk_waschmaschine_wk_waschmaschine_leistung,89.9,2026-05-27T09:19:02.010Z
sensor.shelly_plug_sg3_wk_waschmaschine_wk_waschmaschine_leistung,75.5,2026-05-27T09:19:04.067Z
sensor.shelly_plug_sg3_wk_waschmaschine_wk_waschmaschine_leistung,58.8,2026-05-27T09:19:05.092Z
sensor.shelly_plug_sg3_wk_waschmaschine_wk_waschmaschine_leistung,48.9,2026-05-27T09:19:06.120Z
sensor.shelly_plug_sg3_wk_waschmaschine_wk_waschmaschine_leistung,37.1,2026-05-27T09:19:07.149Z
sensor.shelly_plug_sg3_wk_waschmaschine_wk_waschmaschine_leistung,41.6,2026-05-27T09:19:08.167Z
sensor.shelly_plug_sg3_wk_waschmaschine_wk_waschmaschine_leistung,46.7,2026-05-27T09:19:09.205Z
sensor.shelly_plug_sg3_wk_waschmaschine_wk_waschmaschine_leistung,57.9,2026-05-27T09:19:10.233Z
sensor.shelly_plug_sg3_wk_waschmaschine_wk_waschmaschine_leistung,71.2,2026-05-27T09:19:11.262Z
sensor.shelly_plug_sg3_wk_waschmaschine_wk_waschmaschine_leistung,91.6,2026-05-27T09:19:12.290Z
sensor.shelly_plug_sg3_wk_waschmaschine_wk_waschmaschine_leistung,97.9,2026-05-27T09:19:14.346Z
sensor.shelly_plug_sg3_wk_waschmaschine_wk_waschmaschine_leistung,103.1,2026-05-27T09:19:16.393Z
sensor.shelly_plug_sg3_wk_waschmaschine_wk_waschmaschine_leistung,97.4,2026-05-27T09:19:18.460Z
sensor.shelly_plug_sg3_wk_waschmaschine_wk_waschmaschine_leistung,90.7,2026-05-27T09:19:21.533Z
sensor.shelly_plug_sg3_wk_waschmaschine_wk_waschmaschine_leistung,9.0,2026-05-27T09:19:22.570Z
sensor.shelly_plug_sg3_wk_waschmaschine_wk_waschmaschine_leistung,4.5,2026-05-27T09:19:23.599Z
sensor.shelly_plug_sg3_wk_waschmaschine_wk_waschmaschine_leistung,58.5,2026-05-27T09:19:24.627Z
sensor.shelly_plug_sg3_wk_waschmaschine_wk_waschmaschine_leistung,94.9,2026-05-27T09:19:25.656Z
sensor.shelly_plug_sg3_wk_waschmaschine_wk_waschmaschine_leistung,100.5,2026-05-27T09:19:27.702Z
sensor.shelly_plug_sg3_wk_waschmaschine_wk_waschmaschine_leistung,85.4,2026-05-27T09:19:34.909Z
sensor.shelly_plug_sg3_wk_waschmaschine_wk_waschmaschine_leistung,81.1,2026-05-27T09:19:35.927Z
sensor.shelly_plug_sg3_wk_waschmaschine_wk_waschmaschine_leistung,86.3,2026-05-27T09:19:36.955Z
sensor.shelly_plug_sg3_wk_waschmaschine_wk_waschmaschine_leistung,44.0,2026-05-27T09:19:37.993Z
sensor.shelly_plug_sg3_wk_waschmaschine_wk_waschmaschine_leistung,38.3,2026-05-27T09:19:39.020Z
sensor.shelly_plug_sg3_wk_waschmaschine_wk_waschmaschine_leistung,35.8,2026-05-27T09:19:41.069Z
sensor.shelly_plug_sg3_wk_waschmaschine_wk_waschmaschine_leistung,47.9,2026-05-27T09:19:43.132Z
sensor.shelly_plug_sg3_wk_waschmaschine_wk_waschmaschine_leistung,73.9,2026-05-27T09:19:44.162Z
sensor.shelly_plug_sg3_wk_waschmaschine_wk_waschmaschine_leistung,85.4,2026-05-27T09:19:45.189Z
sensor.shelly_plug_sg3_wk_waschmaschine_wk_waschmaschine_leistung,98.0,2026-05-27T09:19:50.328Z
sensor.shelly_plug_sg3_wk_waschmaschine_wk_waschmaschine_leistung,91.4,2026-05-27T09:19:51.357Z
sensor.shelly_plug_sg3_wk_waschmaschine_wk_waschmaschine_leistung,85.0,2026-05-27T09:19:53.413Z
sensor.shelly_plug_sg3_wk_waschmaschine_wk_waschmaschine_leistung,91.5,2026-05-27T09:19:54.443Z
sensor.shelly_plug_sg3_wk_waschmaschine_wk_waschmaschine_leistung,37.6,2026-05-27T09:19:55.470Z
sensor.shelly_plug_sg3_wk_waschmaschine_wk_waschmaschine_leistung,3.7,2026-05-27T09:19:56.498Z
sensor.shelly_plug_sg3_wk_waschmaschine_wk_waschmaschine_leistung,33.0,2026-05-27T09:19:57.530Z
sensor.shelly_plug_sg3_wk_waschmaschine_wk_waschmaschine_leistung,113.0,2026-05-27T09:19:58.556Z
sensor.shelly_plug_sg3_wk_waschmaschine_wk_waschmaschine_leistung,108.2,2026-05-27T09:20:00.006Z
sensor.shelly_plug_sg3_wk_waschmaschine_wk_waschmaschine_leistung,99.8,2026-05-27T09:20:01.639Z
sensor.shelly_plug_sg3_wk_waschmaschine_wk_waschmaschine_leistung,115.2,2026-05-27T09:20:02.668Z
sensor.shelly_plug_sg3_wk_waschmaschine_wk_waschmaschine_leistung,108.6,2026-05-27T09:20:03.695Z
sensor.shelly_plug_sg3_wk_waschmaschine_wk_waschmaschine_leistung,97.9,2026-05-27T09:20:07.806Z
sensor.shelly_plug_sg3_wk_waschmaschine_wk_waschmaschine_leistung,84.3,2026-05-27T09:20:08.835Z
sensor.shelly_plug_sg3_wk_waschmaschine_wk_waschmaschine_leistung,74.2,2026-05-27T09:20:09.863Z
sensor.shelly_plug_sg3_wk_waschmaschine_wk_waschmaschine_leistung,55.4,2026-05-27T09:20:10.891Z
sensor.shelly_plug_sg3_wk_waschmaschine_wk_waschmaschine_leistung,52.1,2026-05-27T09:20:11.910Z
sensor.shelly_plug_sg3_wk_waschmaschine_wk_waschmaschine_leistung,46.7,2026-05-27T09:20:12.949Z
sensor.shelly_plug_sg3_wk_waschmaschine_wk_waschmaschine_leistung,53.6,2026-05-27T09:20:16.032Z
sensor.shelly_plug_sg3_wk_waschmaschine_wk_waschmaschine_leistung,78.0,2026-05-27T09:20:17.061Z
sensor.shelly_plug_sg3_wk_waschmaschine_wk_waschmaschine_leistung,88.0,2026-05-27T09:20:18.091Z
sensor.shelly_plug_sg3_wk_waschmaschine_wk_waschmaschine_leistung,100.1,2026-05-27T09:20:20.145Z
sensor.shelly_plug_sg3_wk_waschmaschine_wk_waschmaschine_leistung,93.0,2026-05-27T09:20:26.313Z
sensor.shelly_plug_sg3_wk_waschmaschine_wk_waschmaschine_leistung,97.9,2026-05-27T09:20:27.331Z
sensor.shelly_plug_sg3_wk_waschmaschine_wk_waschmaschine_leistung,30.9,2026-05-27T09:20:28.369Z
sensor.shelly_plug_sg3_wk_waschmaschine_wk_waschmaschine_leistung,3.6,2026-05-27T09:20:29.397Z
sensor.shelly_plug_sg3_wk_waschmaschine_wk_waschmaschine_leistung,38.0,2026-05-27T09:20:30.427Z
sensor.shelly_plug_sg3_wk_waschmaschine_wk_waschmaschine_leistung,86.3,2026-05-27T09:20:31.453Z
sensor.shelly_plug_sg3_wk_waschmaschine_wk_waschmaschine_leistung,97.3,2026-05-27T09:20:32.481Z
sensor.shelly_plug_sg3_wk_waschmaschine_wk_waschmaschine_leistung,89.5,2026-05-27T09:20:40.704Z
sensor.shelly_plug_sg3_wk_waschmaschine_wk_waschmaschine_leistung,84.2,2026-05-27T09:20:41.733Z
sensor.shelly_plug_sg3_wk_waschmaschine_wk_waschmaschine_leistung,61.7,2026-05-27T09:20:43.789Z
sensor.shelly_plug_sg3_wk_waschmaschine_wk_waschmaschine_leistung,49.6,2026-05-27T09:20:44.819Z
sensor.shelly_plug_sg3_wk_waschmaschine_wk_waschmaschine_leistung,33.6,2026-05-27T09:20:45.846Z
sensor.shelly_plug_sg3_wk_waschmaschine_wk_waschmaschine_leistung,43.5,2026-05-27T09:20:47.902Z
sensor.shelly_plug_sg3_wk_waschmaschine_wk_waschmaschine_leistung,67.9,2026-05-27T09:20:48.930Z
sensor.shelly_plug_sg3_wk_waschmaschine_wk_waschmaschine_leistung,78.3,2026-05-27T09:20:49.964Z
sensor.shelly_plug_sg3_wk_waschmaschine_wk_waschmaschine_leistung,86.2,2026-05-27T09:20:53.042Z
sensor.shelly_plug_sg3_wk_waschmaschine_wk_waschmaschine_leistung,93.7,2026-05-27T09:20:55.098Z
sensor.shelly_plug_sg3_wk_waschmaschine_wk_waschmaschine_leistung,84.5,2026-05-27T09:20:57.156Z
sensor.shelly_plug_sg3_wk_waschmaschine_wk_waschmaschine_leistung,88.2,2026-05-27T09:21:00.003Z
sensor.shelly_plug_sg3_wk_waschmaschine_wk_waschmaschine_leistung,92.2,2026-05-27T09:21:00.237Z
sensor.shelly_plug_sg3_wk_waschmaschine_wk_waschmaschine_leistung,4.1,2026-05-27T09:21:01.265Z
sensor.shelly_plug_sg3_wk_waschmaschine_wk_waschmaschine_leistung,50.9,2026-05-27T09:21:03.325Z
sensor.shelly_plug_sg3_wk_waschmaschine_wk_waschmaschine_leistung,125.4,2026-05-27T09:21:04.350Z
sensor.shelly_plug_sg3_wk_waschmaschine_wk_waschmaschine_leistung,108.4,2026-05-27T09:21:05.378Z
sensor.shelly_plug_sg3_wk_waschmaschine_wk_waschmaschine_leistung,89.8,2026-05-27T09:21:12.573Z
sensor.shelly_plug_sg3_wk_waschmaschine_wk_waschmaschine_leistung,77.9,2026-05-27T09:21:15.658Z
sensor.shelly_plug_sg3_wk_waschmaschine_wk_waschmaschine_leistung,66.4,2026-05-27T09:21:16.686Z
sensor.shelly_plug_sg3_wk_waschmaschine_wk_waschmaschine_leistung,54.1,2026-05-27T09:21:17.714Z
sensor.shelly_plug_sg3_wk_waschmaschine_wk_waschmaschine_leistung,43.0,2026-05-27T09:21:18.742Z
sensor.shelly_plug_sg3_wk_waschmaschine_wk_waschmaschine_leistung,69.1,2026-05-27T09:21:20.798Z
sensor.shelly_plug_sg3_wk_waschmaschine_wk_waschmaschine_leistung,73.0,2026-05-27T09:21:21.818Z
sensor.shelly_plug_sg3_wk_waschmaschine_wk_waschmaschine_leistung,80.6,2026-05-27T09:21:22.845Z
sensor.shelly_plug_sg3_wk_waschmaschine_wk_waschmaschine_leistung,87.5,2026-05-27T09:21:23.883Z
sensor.shelly_plug_sg3_wk_waschmaschine_wk_waschmaschine_leistung,98.3,2026-05-27T09:21:24.910Z
sensor.shelly_plug_sg3_wk_waschmaschine_wk_waschmaschine_leistung,103.4,2026-05-27T09:21:27.986Z
sensor.shelly_plug_sg3_wk_waschmaschine_wk_waschmaschine_leistung,94.8,2026-05-27T09:21:29.013Z
sensor.shelly_plug_sg3_wk_waschmaschine_wk_waschmaschine_leistung,100.0,2026-05-27T09:21:30.042Z
sensor.shelly_plug_sg3_wk_waschmaschine_wk_waschmaschine_leistung,94.7,2026-05-27T09:21:33.126Z
sensor.shelly_plug_sg3_wk_waschmaschine_wk_waschmaschine_leistung,3.6,2026-05-27T09:21:34.178Z
sensor.shelly_plug_sg3_wk_waschmaschine_wk_waschmaschine_leistung,49.7,2026-05-27T09:21:36.219Z
sensor.shelly_plug_sg3_wk_waschmaschine_wk_waschmaschine_leistung,104.6,2026-05-27T09:21:37.247Z
sensor.shelly_plug_sg3_wk_waschmaschine_wk_waschmaschine_leistung,98.7,2026-05-27T09:21:38.275Z
sensor.shelly_plug_sg3_wk_waschmaschine_wk_waschmaschine_leistung,105.2,2026-05-27T09:21:43.418Z
sensor.shelly_plug_sg3_wk_waschmaschine_wk_waschmaschine_leistung,95.5,2026-05-27T09:21:44.444Z
sensor.shelly_plug_sg3_wk_waschmaschine_wk_waschmaschine_leistung,84.6,2026-05-27T09:21:47.528Z
sensor.shelly_plug_sg3_wk_waschmaschine_wk_waschmaschine_leistung,73.7,2026-05-27T09:21:48.558Z
sensor.shelly_plug_sg3_wk_waschmaschine_wk_waschmaschine_leistung,53.9,2026-05-27T09:21:49.588Z
sensor.shelly_plug_sg3_wk_waschmaschine_wk_waschmaschine_leistung,42.6,2026-05-27T09:21:50.612Z
sensor.shelly_plug_sg3_wk_waschmaschine_wk_waschmaschine_leistung,31.7,2026-05-27T09:21:52.668Z
sensor.shelly_plug_sg3_wk_waschmaschine_wk_waschmaschine_leistung,34.3,2026-05-27T09:21:53.689Z
sensor.shelly_plug_sg3_wk_waschmaschine_wk_waschmaschine_leistung,54.9,2026-05-27T09:21:54.725Z
sensor.shelly_plug_sg3_wk_waschmaschine_wk_waschmaschine_leistung,82.6,2026-05-27T09:21:55.755Z
sensor.shelly_plug_sg3_wk_waschmaschine_wk_waschmaschine_leistung,89.6,2026-05-27T09:21:56.782Z
sensor.shelly_plug_sg3_wk_waschmaschine_wk_waschmaschine_leistung,90.6,2026-05-27T09:22:00.002Z
sensor.shelly_plug_sg3_wk_waschmaschine_wk_waschmaschine_leistung,4.4,2026-05-27T09:22:07.061Z
sensor.shelly_plug_sg3_wk_waschmaschine_wk_waschmaschine_leistung,26.9,2026-05-27T09:22:09.116Z
sensor.shelly_plug_sg3_wk_waschmaschine_wk_waschmaschine_leistung,123.7,2026-05-27T09:22:10.145Z
sensor.shelly_plug_sg3_wk_waschmaschine_wk_waschmaschine_leistung,109.6,2026-05-27T09:22:11.173Z
sensor.shelly_plug_sg3_wk_waschmaschine_wk_waschmaschine_leistung,103.9,2026-05-27T09:22:14.250Z
sensor.shelly_plug_sg3_wk_waschmaschine_wk_waschmaschine_leistung,113.7,2026-05-27T09:22:15.276Z
sensor.shelly_plug_sg3_wk_waschmaschine_wk_waschmaschine_leistung,107.5,2026-05-27T09:22:17.331Z
sensor.shelly_plug_sg3_wk_waschmaschine_wk_waschmaschine_leistung,97.6,2026-05-27T09:22:18.369Z
sensor.shelly_plug_sg3_wk_waschmaschine_wk_waschmaschine_leistung,62.9,2026-05-27T09:22:21.452Z
sensor.shelly_plug_sg3_wk_waschmaschine_wk_waschmaschine_leistung,51.6,2026-05-27T09:22:22.481Z
sensor.shelly_plug_sg3_wk_waschmaschine_wk_waschmaschine_leistung,48.4,2026-05-27T09:22:23.504Z
sensor.shelly_plug_sg3_wk_waschmaschine_wk_waschmaschine_leistung,35.6,2026-05-27T09:22:24.537Z
sensor.shelly_plug_sg3_wk_waschmaschine_wk_waschmaschine_leistung,39.6,2026-05-27T09:22:25.557Z
sensor.shelly_plug_sg3_wk_waschmaschine_wk_waschmaschine_leistung,53.4,2026-05-27T09:22:26.594Z
sensor.shelly_plug_sg3_wk_waschmaschine_wk_waschmaschine_leistung,69.3,2026-05-27T09:22:27.622Z
sensor.shelly_plug_sg3_wk_waschmaschine_wk_waschmaschine_leistung,78.2,2026-05-27T09:22:28.652Z
sensor.shelly_plug_sg3_wk_waschmaschine_wk_waschmaschine_leistung,86.1,2026-05-27T09:22:29.679Z
sensor.shelly_plug_sg3_wk_waschmaschine_wk_waschmaschine_leistung,99.4,2026-05-27T09:22:31.739Z
sensor.shelly_plug_sg3_wk_waschmaschine_wk_waschmaschine_leistung,108.4,2026-05-27T09:22:36.865Z
sensor.shelly_plug_sg3_wk_waschmaschine_wk_waschmaschine_leistung,94.7,2026-05-27T09:22:37.902Z
sensor.shelly_plug_sg3_wk_waschmaschine_wk_waschmaschine_leistung,3.8,2026-05-27T09:22:39.959Z
sensor.shelly_plug_sg3_wk_waschmaschine_wk_waschmaschine_leistung,33.6,2026-05-27T09:22:42.016Z
sensor.shelly_plug_sg3_wk_waschmaschine_wk_waschmaschine_leistung,97.1,2026-05-27T09:22:43.042Z
sensor.shelly_plug_sg3_wk_waschmaschine_wk_waschmaschine_leistung,102.9,2026-05-27T09:22:44.073Z
sensor.shelly_plug_sg3_wk_waschmaschine_wk_waschmaschine_leistung,94.7,2026-05-27T09:22:45.100Z
sensor.shelly_plug_sg3_wk_waschmaschine_wk_waschmaschine_leistung,105.1,2026-05-27T09:22:46.127Z
sensor.shelly_plug_sg3_wk_waschmaschine_wk_waschmaschine_leistung,97.3,2026-05-27T09:22:49.211Z
sensor.shelly_plug_sg3_wk_waschmaschine_wk_waschmaschine_leistung,82.0,2026-05-27T09:22:53.323Z
sensor.shelly_plug_sg3_wk_waschmaschine_wk_waschmaschine_leistung,66.7,2026-05-27T09:22:54.353Z
sensor.shelly_plug_sg3_wk_waschmaschine_wk_waschmaschine_leistung,57.1,2026-05-27T09:22:55.380Z
sensor.shelly_plug_sg3_wk_waschmaschine_wk_waschmaschine_leistung,38.7,2026-05-27T09:22:56.409Z
sensor.shelly_plug_sg3_wk_waschmaschine_wk_waschmaschine_leistung,34.2,2026-05-27T09:22:57.427Z
sensor.shelly_plug_sg3_wk_waschmaschine_wk_waschmaschine_leistung,30.0,2026-05-27T09:22:59.492Z
sensor.shelly_plug_sg3_wk_waschmaschine_wk_waschmaschine_leistung,36.8,2026-05-27T09:23:00.520Z
sensor.shelly_plug_sg3_wk_waschmaschine_wk_waschmaschine_leistung,83.0,2026-05-27T09:23:01.549Z
sensor.shelly_plug_sg3_wk_waschmaschine_wk_waschmaschine_leistung,90.4,2026-05-27T09:23:04.633Z
sensor.shelly_plug_sg3_wk_waschmaschine_wk_waschmaschine_leistung,99.5,2026-05-27T09:23:08.744Z
sensor.shelly_plug_sg3_wk_waschmaschine_wk_waschmaschine_leistung,86.8,2026-05-27T09:23:09.773Z
sensor.shelly_plug_sg3_wk_waschmaschine_wk_waschmaschine_leistung,95.3,2026-05-27T09:23:10.802Z
sensor.shelly_plug_sg3_wk_waschmaschine_wk_waschmaschine_leistung,74.9,2026-05-27T09:23:11.834Z
sensor.shelly_plug_sg3_wk_waschmaschine_wk_waschmaschine_leistung,7.0,2026-05-27T09:23:12.856Z
sensor.shelly_plug_sg3_wk_waschmaschine_wk_waschmaschine_leistung,3.8,2026-05-27T09:23:13.885Z
sensor.shelly_plug_sg3_wk_waschmaschine_wk_waschmaschine_leistung,6.4,2026-05-27T09:23:14.904Z
sensor.shelly_plug_sg3_wk_waschmaschine_wk_waschmaschine_leistung,115.1,2026-05-27T09:23:15.943Z
sensor.shelly_plug_sg3_wk_waschmaschine_wk_waschmaschine_leistung,105.4,2026-05-27T09:23:16.970Z
sensor.shelly_plug_sg3_wk_waschmaschine_wk_waschmaschine_leistung,111.4,2026-05-27T09:23:19.028Z
sensor.shelly_plug_sg3_wk_waschmaschine_wk_waschmaschine_leistung,95.2,2026-05-27T09:23:26.220Z
sensor.shelly_plug_sg3_wk_waschmaschine_wk_waschmaschine_leistung,86.2,2026-05-27T09:23:28.277Z
sensor.shelly_plug_sg3_wk_waschmaschine_wk_waschmaschine_leistung,71.7,2026-05-27T09:23:29.305Z
sensor.shelly_plug_sg3_wk_waschmaschine_wk_waschmaschine_leistung,62.5,2026-05-27T09:23:30.334Z
sensor.shelly_plug_sg3_wk_waschmaschine_wk_waschmaschine_leistung,53.4,2026-05-27T09:23:31.362Z
sensor.shelly_plug_sg3_wk_waschmaschine_wk_waschmaschine_leistung,46.3,2026-05-27T09:23:32.392Z
sensor.shelly_plug_sg3_wk_waschmaschine_wk_waschmaschine_leistung,53.3,2026-05-27T09:23:33.418Z
sensor.shelly_plug_sg3_wk_waschmaschine_wk_waschmaschine_leistung,66.0,2026-05-27T09:23:35.474Z
sensor.shelly_plug_sg3_wk_waschmaschine_wk_waschmaschine_leistung,84.6,2026-05-27T09:23:36.505Z
sensor.shelly_plug_sg3_wk_waschmaschine_wk_waschmaschine_leistung,98.7,2026-05-27T09:23:38.558Z
sensor.shelly_plug_sg3_wk_waschmaschine_wk_waschmaschine_leistung,26.1,2026-05-27T09:23:46.781Z
sensor.shelly_plug_sg3_wk_waschmaschine_wk_waschmaschine_leistung,3.6,2026-05-27T09:23:47.818Z
sensor.shelly_plug_sg3_wk_waschmaschine_wk_waschmaschine_leistung,34.9,2026-05-27T09:23:48.838Z
sensor.shelly_plug_sg3_wk_waschmaschine_wk_waschmaschine_leistung,90.1,2026-05-27T09:23:49.866Z
sensor.shelly_plug_sg3_wk_waschmaschine_wk_waschmaschine_leistung,106.4,2026-05-27T09:23:52.950Z
sensor.shelly_plug_sg3_wk_waschmaschine_wk_waschmaschine_leistung,96.9,2026-05-27T09:23:53.985Z
sensor.shelly_plug_sg3_wk_waschmaschine_wk_waschmaschine_leistung,101.8,2026-05-27T09:23:54.996Z
sensor.shelly_plug_sg3_wk_waschmaschine_wk_waschmaschine_leistung,93.7,2026-05-27T09:23:56.029Z
sensor.shelly_plug_sg3_wk_waschmaschine_wk_waschmaschine_leistung,101.7,2026-05-27T09:23:57.053Z
sensor.shelly_plug_sg3_wk_waschmaschine_wk_waschmaschine_leistung,94.1,2026-05-27T09:23:59.109Z
sensor.shelly_plug_sg3_wk_waschmaschine_wk_waschmaschine_leistung,83.7,2026-05-27T09:24:00.148Z
sensor.shelly_plug_sg3_wk_waschmaschine_wk_waschmaschine_leistung,73.3,2026-05-27T09:24:01.174Z
sensor.shelly_plug_sg3_wk_waschmaschine_wk_waschmaschine_leistung,68.3,2026-05-27T09:24:02.196Z
sensor.shelly_plug_sg3_wk_waschmaschine_wk_waschmaschine_leistung,42.3,2026-05-27T09:24:03.234Z
sensor.shelly_plug_sg3_wk_waschmaschine_wk_waschmaschine_leistung,35.8,2026-05-27T09:24:04.260Z
sensor.shelly_plug_sg3_wk_waschmaschine_wk_waschmaschine_leistung,31.8,2026-05-27T09:24:05.279Z
sensor.shelly_plug_sg3_wk_waschmaschine_wk_waschmaschine_leistung,35.8,2026-05-27T09:24:06.307Z
sensor.shelly_plug_sg3_wk_waschmaschine_wk_waschmaschine_leistung,44.2,2026-05-27T09:24:07.345Z
sensor.shelly_plug_sg3_wk_waschmaschine_wk_waschmaschine_leistung,70.3,2026-05-27T09:24:08.373Z
sensor.shelly_plug_sg3_wk_waschmaschine_wk_waschmaschine_leistung,74.2,2026-05-27T09:24:09.392Z
sensor.shelly_plug_sg3_wk_waschmaschine_wk_waschmaschine_leistung,78.3,2026-05-27T09:24:10.430Z
sensor.shelly_plug_sg3_wk_waschmaschine_wk_waschmaschine_leistung,93.6,2026-05-27T09:24:11.459Z
sensor.shelly_plug_sg3_wk_waschmaschine_wk_waschmaschine_leistung,85.6,2026-05-27T09:24:12.486Z
sensor.shelly_plug_sg3_wk_waschmaschine_wk_waschmaschine_leistung,93.8,2026-05-27T09:24:13.514Z
sensor.shelly_plug_sg3_wk_waschmaschine_wk_waschmaschine_leistung,88.1,2026-05-27T09:24:15.570Z
sensor.shelly_plug_sg3_wk_waschmaschine_wk_waschmaschine_leistung,73.9,2026-05-27T09:24:19.682Z
sensor.shelly_plug_sg3_wk_waschmaschine_wk_waschmaschine_leistung,3.8,2026-05-27T09:24:20.711Z
sensor.shelly_plug_sg3_wk_waschmaschine_wk_waschmaschine_leistung,8.8,2026-05-27T09:24:21.740Z
sensor.shelly_plug_sg3_wk_waschmaschine_wk_waschmaschine_leistung,75.1,2026-05-27T09:24:22.767Z
sensor.shelly_plug_sg3_wk_waschmaschine_wk_waschmaschine_leistung,117.9,2026-05-27T09:24:23.797Z
sensor.shelly_plug_sg3_wk_waschmaschine_wk_waschmaschine_leistung,104.4,2026-05-27T09:24:24.824Z
sensor.shelly_plug_sg3_wk_waschmaschine_wk_waschmaschine_leistung,110.4,2026-05-27T09:24:26.880Z
sensor.shelly_plug_sg3_wk_waschmaschine_wk_waschmaschine_leistung,101.6,2026-05-27T09:24:32.019Z
sensor.shelly_plug_sg3_wk_waschmaschine_wk_waschmaschine_leistung,85.6,2026-05-27T09:24:33.048Z
sensor.shelly_plug_sg3_wk_waschmaschine_wk_waschmaschine_leistung,73.8,2026-05-27T09:24:34.076Z
sensor.shelly_plug_sg3_wk_waschmaschine_wk_waschmaschine_leistung,57.3,2026-05-27T09:24:35.104Z
sensor.shelly_plug_sg3_wk_waschmaschine_wk_waschmaschine_leistung,49.0,2026-05-27T09:24:36.132Z
sensor.shelly_plug_sg3_wk_waschmaschine_wk_waschmaschine_leistung,53.8,2026-05-27T09:24:38.179Z
sensor.shelly_plug_sg3_wk_waschmaschine_wk_waschmaschine_leistung,42.6,2026-05-27T09:24:39.218Z
sensor.shelly_plug_sg3_wk_waschmaschine_wk_waschmaschine_leistung,55.2,2026-05-27T09:24:40.245Z
sensor.shelly_plug_sg3_wk_waschmaschine_wk_waschmaschine_leistung,74.1,2026-05-27T09:24:41.272Z
sensor.shelly_plug_sg3_wk_waschmaschine_wk_waschmaschine_leistung,79.3,2026-05-27T09:24:42.301Z
sensor.shelly_plug_sg3_wk_waschmaschine_wk_waschmaschine_leistung,101.1,2026-05-27T09:24:44.361Z
sensor.shelly_plug_sg3_wk_waschmaschine_wk_waschmaschine_leistung,92.6,2026-05-27T09:24:51.553Z
sensor.shelly_plug_sg3_wk_waschmaschine_wk_waschmaschine_leistung,72.4,2026-05-27T09:24:52.581Z
sensor.shelly_plug_sg3_wk_waschmaschine_wk_waschmaschine_leistung,3.6,2026-05-27T09:24:53.609Z
sensor.shelly_plug_sg3_wk_waschmaschine_wk_waschmaschine_leistung,12.8,2026-05-27T09:24:54.638Z
sensor.shelly_plug_sg3_wk_waschmaschine_wk_waschmaschine_leistung,72.1,2026-05-27T09:24:55.668Z
sensor.shelly_plug_sg3_wk_waschmaschine_wk_waschmaschine_leistung,101.1,2026-05-27T09:24:56.694Z
sensor.shelly_plug_sg3_wk_waschmaschine_wk_waschmaschine_leistung,97.7,2026-05-27T09:24:59.993Z
sensor.shelly_plug_sg3_wk_waschmaschine_wk_waschmaschine_leistung,108.6,2026-05-27T09:25:02.862Z
sensor.shelly_plug_sg3_wk_waschmaschine_wk_waschmaschine_leistung,92.0,2026-05-27T09:25:03.889Z
sensor.shelly_plug_sg3_wk_waschmaschine_wk_waschmaschine_leistung,85.6,2026-05-27T09:25:05.945Z
sensor.shelly_plug_sg3_wk_waschmaschine_wk_waschmaschine_leistung,79.2,2026-05-27T09:25:06.974Z
sensor.shelly_plug_sg3_wk_waschmaschine_wk_waschmaschine_leistung,60.4,2026-05-27T09:25:08.002Z
sensor.shelly_plug_sg3_wk_waschmaschine_wk_waschmaschine_leistung,45.8,2026-05-27T09:25:09.030Z
sensor.shelly_plug_sg3_wk_waschmaschine_wk_waschmaschine_leistung,42.9,2026-05-27T09:25:11.079Z
sensor.shelly_plug_sg3_wk_waschmaschine_wk_waschmaschine_leistung,50.0,2026-05-27T09:25:12.105Z
sensor.shelly_plug_sg3_wk_waschmaschine_wk_waschmaschine_leistung,56.5,2026-05-27T09:25:13.143Z
sensor.shelly_plug_sg3_wk_waschmaschine_wk_waschmaschine_leistung,63.0,2026-05-27T09:25:14.173Z
sensor.shelly_plug_sg3_wk_waschmaschine_wk_waschmaschine_leistung,82.0,2026-05-27T09:25:15.199Z
sensor.shelly_plug_sg3_wk_waschmaschine_wk_waschmaschine_leistung,86.2,2026-05-27T09:25:17.246Z
sensor.shelly_plug_sg3_wk_waschmaschine_wk_waschmaschine_leistung,92.3,2026-05-27T09:25:19.304Z
sensor.shelly_plug_sg3_wk_waschmaschine_wk_waschmaschine_leistung,87.4,2026-05-27T09:25:23.415Z
sensor.shelly_plug_sg3_wk_waschmaschine_wk_waschmaschine_leistung,93.1,2026-05-27T09:25:24.442Z
sensor.shelly_plug_sg3_wk_waschmaschine_wk_waschmaschine_leistung,61.5,2026-05-27T09:25:25.479Z
sensor.shelly_plug_sg3_wk_waschmaschine_wk_waschmaschine_leistung,3.7,2026-05-27T09:25:26.510Z
sensor.shelly_plug_sg3_wk_waschmaschine_wk_waschmaschine_leistung,18.6,2026-05-27T09:25:27.535Z
sensor.shelly_plug_sg3_wk_waschmaschine_wk_waschmaschine_leistung,100.1,2026-05-27T09:25:28.564Z
sensor.shelly_plug_sg3_wk_waschmaschine_wk_waschmaschine_leistung,111.0,2026-05-27T09:25:29.593Z
sensor.shelly_plug_sg3_wk_waschmaschine_wk_waschmaschine_leistung,104.8,2026-05-27T09:25:30.620Z
sensor.shelly_plug_sg3_wk_waschmaschine_wk_waschmaschine_leistung,110.9,2026-05-27T09:25:33.705Z
sensor.shelly_plug_sg3_wk_waschmaschine_wk_waschmaschine_leistung,102.6,2026-05-27T09:25:35.760Z
sensor.shelly_plug_sg3_wk_waschmaschine_wk_waschmaschine_leistung,111.4,2026-05-27T09:25:36.789Z
sensor.shelly_plug_sg3_wk_waschmaschine_wk_waschmaschine_leistung,95.1,2026-05-27T09:25:38.844Z
sensor.shelly_plug_sg3_wk_waschmaschine_wk_waschmaschine_leistung,77.3,2026-05-27T09:25:39.872Z
sensor.shelly_plug_sg3_wk_waschmaschine_wk_waschmaschine_leistung,58.5,2026-05-27T09:25:40.901Z
sensor.shelly_plug_sg3_wk_waschmaschine_wk_waschmaschine_leistung,45.5,2026-05-27T09:25:42.956Z
sensor.shelly_plug_sg3_wk_waschmaschine_wk_waschmaschine_leistung,49.2,2026-05-27T09:25:43.979Z
sensor.shelly_plug_sg3_wk_waschmaschine_wk_waschmaschine_leistung,67.7,2026-05-27T09:25:45.013Z
sensor.shelly_plug_sg3_wk_waschmaschine_wk_waschmaschine_leistung,75.0,2026-05-27T09:25:46.045Z
sensor.shelly_plug_sg3_wk_waschmaschine_wk_waschmaschine_leistung,70.6,2026-05-27T09:25:47.060Z
sensor.shelly_plug_sg3_wk_waschmaschine_wk_waschmaschine_leistung,86.2,2026-05-27T09:25:48.099Z
sensor.shelly_plug_sg3_wk_waschmaschine_wk_waschmaschine_leistung,80.9,2026-05-27T09:25:49.126Z
sensor.shelly_plug_sg3_wk_waschmaschine_wk_waschmaschine_leistung,91.8,2026-05-27T09:25:50.156Z
sensor.shelly_plug_sg3_wk_waschmaschine_wk_waschmaschine_leistung,100.0,2026-05-27T09:25:51.183Z
sensor.shelly_plug_sg3_wk_waschmaschine_wk_waschmaschine_leistung,107.8,2026-05-27T09:25:52.212Z
sensor.shelly_plug_sg3_wk_waschmaschine_wk_waschmaschine_leistung,101.2,2026-05-27T09:25:54.271Z
sensor.shelly_plug_sg3_wk_waschmaschine_wk_waschmaschine_leistung,94.8,2026-05-27T09:25:56.324Z
sensor.shelly_plug_sg3_wk_waschmaschine_wk_waschmaschine_leistung,100.4,2026-05-27T09:25:57.345Z
sensor.shelly_plug_sg3_wk_waschmaschine_wk_waschmaschine_leistung,3.8,2026-05-27T09:25:58.380Z
sensor.shelly_plug_sg3_wk_waschmaschine_wk_waschmaschine_leistung,3.7,2026-05-27T09:25:59.992Z
sensor.shelly_plug_sg3_wk_waschmaschine_wk_waschmaschine_leistung,24.3,2026-05-27T09:26:00.436Z
sensor.shelly_plug_sg3_wk_waschmaschine_wk_waschmaschine_leistung,83.0,2026-05-27T09:26:01.465Z
sensor.shelly_plug_sg3_wk_waschmaschine_wk_waschmaschine_leistung,108.2,2026-05-27T09:26:02.493Z
sensor.shelly_plug_sg3_wk_waschmaschine_wk_waschmaschine_leistung,96.6,2026-05-27T09:26:03.521Z
sensor.shelly_plug_sg3_wk_waschmaschine_wk_waschmaschine_leistung,105.3,2026-05-27T09:26:04.550Z
sensor.shelly_plug_sg3_wk_waschmaschine_wk_waschmaschine_leistung,99.5,2026-05-27T09:26:09.688Z
sensor.shelly_plug_sg3_wk_waschmaschine_wk_waschmaschine_leistung,90.7,2026-05-27T09:26:11.743Z
sensor.shelly_plug_sg3_wk_waschmaschine_wk_waschmaschine_leistung,79.3,2026-05-27T09:26:12.771Z
sensor.shelly_plug_sg3_wk_waschmaschine_wk_waschmaschine_leistung,54.0,2026-05-27T09:26:14.828Z
sensor.shelly_plug_sg3_wk_waschmaschine_wk_waschmaschine_leistung,42.2,2026-05-27T09:26:15.856Z
sensor.shelly_plug_sg3_wk_waschmaschine_wk_waschmaschine_leistung,29.7,2026-05-27T09:26:16.885Z
sensor.shelly_plug_sg3_wk_waschmaschine_wk_waschmaschine_leistung,33.9,2026-05-27T09:26:18.993Z
sensor.shelly_plug_sg3_wk_waschmaschine_wk_waschmaschine_leistung,55.2,2026-05-27T09:26:19.089Z
sensor.shelly_plug_sg3_wk_waschmaschine_wk_waschmaschine_leistung,68.7,2026-05-27T09:26:19.969Z
sensor.shelly_plug_sg3_wk_waschmaschine_wk_waschmaschine_leistung,74.8,2026-05-27T09:26:20.998Z
sensor.shelly_plug_sg3_wk_waschmaschine_wk_waschmaschine_leistung,92.4,2026-05-27T09:26:23.055Z
sensor.shelly_plug_sg3_wk_waschmaschine_wk_waschmaschine_leistung,9.6,2026-05-27T09:26:31.280Z
sensor.shelly_plug_sg3_wk_waschmaschine_wk_waschmaschine_leistung,4.0,2026-05-27T09:26:32.307Z
sensor.shelly_plug_sg3_wk_waschmaschine_wk_waschmaschine_leistung,68.7,2026-05-27T09:26:34.370Z
sensor.shelly_plug_sg3_wk_waschmaschine_wk_waschmaschine_leistung,112.3,2026-05-27T09:26:35.392Z
sensor.shelly_plug_sg3_wk_waschmaschine_wk_waschmaschine_leistung,118.3,2026-05-27T09:26:36.410Z
sensor.shelly_plug_sg3_wk_waschmaschine_wk_waschmaschine_leistung,106.5,2026-05-27T09:26:37.439Z
sensor.shelly_plug_sg3_wk_waschmaschine_wk_waschmaschine_leistung,112.8,2026-05-27T09:26:39.495Z
sensor.shelly_plug_sg3_wk_waschmaschine_wk_waschmaschine_leistung,98.7,2026-05-27T09:26:44.646Z
sensor.shelly_plug_sg3_wk_waschmaschine_wk_waschmaschine_leistung,82.4,2026-05-27T09:26:45.674Z
sensor.shelly_plug_sg3_wk_waschmaschine_wk_waschmaschine_leistung,68.3,2026-05-27T09:26:46.701Z
sensor.shelly_plug_sg3_wk_waschmaschine_wk_waschmaschine_leistung,57.6,2026-05-27T09:26:47.727Z
sensor.shelly_plug_sg3_wk_waschmaschine_wk_waschmaschine_leistung,40.8,2026-05-27T09:26:49.784Z
sensor.shelly_plug_sg3_wk_waschmaschine_wk_waschmaschine_leistung,43.5,2026-05-27T09:26:50.802Z
sensor.shelly_plug_sg3_wk_waschmaschine_wk_waschmaschine_leistung,53.4,2026-05-27T09:26:51.840Z
sensor.shelly_plug_sg3_wk_waschmaschine_wk_waschmaschine_leistung,81.7,2026-05-27T09:26:52.868Z
sensor.shelly_plug_sg3_wk_waschmaschine_wk_waschmaschine_leistung,74.4,2026-05-27T09:26:53.897Z
sensor.shelly_plug_sg3_wk_waschmaschine_wk_waschmaschine_leistung,78.8,2026-05-27T09:26:54.917Z
sensor.shelly_plug_sg3_wk_waschmaschine_wk_waschmaschine_leistung,85.0,2026-05-27T09:26:55.954Z
sensor.shelly_plug_sg3_wk_waschmaschine_wk_waschmaschine_leistung,96.8,2026-05-27T09:26:56.983Z
sensor.shelly_plug_sg3_wk_waschmaschine_wk_waschmaschine_leistung,100.0,2026-05-27T09:26:59.991Z
sensor.shelly_plug_sg3_wk_waschmaschine_wk_waschmaschine_leistung,103.7,2026-05-27T09:27:01.093Z
sensor.shelly_plug_sg3_wk_waschmaschine_wk_waschmaschine_leistung,97.0,2026-05-27T09:27:02.121Z
sensor.shelly_plug_sg3_wk_waschmaschine_wk_waschmaschine_leistung,6.7,2026-05-27T09:27:04.177Z
sensor.shelly_plug_sg3_wk_waschmaschine_wk_waschmaschine_leistung,3.6,2026-05-27T09:27:05.206Z
sensor.shelly_plug_sg3_wk_waschmaschine_wk_waschmaschine_leistung,6.2,2026-05-27T09:27:06.225Z
sensor.shelly_plug_sg3_wk_waschmaschine_wk_waschmaschine_leistung,108.1,2026-05-27T09:27:07.265Z
sensor.shelly_plug_sg3_wk_waschmaschine_wk_waschmaschine_leistung,98.7,2026-05-27T09:27:10.347Z
sensor.shelly_plug_sg3_wk_waschmaschine_wk_waschmaschine_leistung,85.1,2026-05-27T09:27:17.542Z
sensor.shelly_plug_sg3_wk_waschmaschine_wk_waschmaschine_leistung,67.7,2026-05-27T09:27:18.572Z
sensor.shelly_plug_sg3_wk_waschmaschine_wk_waschmaschine_leistung,72.4,2026-05-27T09:27:19.591Z
sensor.shelly_plug_sg3_wk_waschmaschine_wk_waschmaschine_leistung,65.5,2026-05-27T09:27:20.618Z
sensor.shelly_plug_sg3_wk_waschmaschine_wk_waschmaschine_leistung,30.2,2026-05-27T09:27:21.655Z
sensor.shelly_plug_sg3_wk_waschmaschine_wk_waschmaschine_leistung,27.1,2026-05-27T09:27:22.685Z
sensor.shelly_plug_sg3_wk_waschmaschine_wk_waschmaschine_leistung,40.5,2026-05-27T09:27:24.739Z
sensor.shelly_plug_sg3_wk_waschmaschine_wk_waschmaschine_leistung,80.8,2026-05-27T09:27:25.767Z
sensor.shelly_plug_sg3_wk_waschmaschine_wk_waschmaschine_leistung,90.6,2026-05-27T09:27:26.795Z
sensor.shelly_plug_sg3_wk_waschmaschine_wk_waschmaschine_leistung,78.7,2026-05-27T09:27:29.879Z
sensor.shelly_plug_sg3_wk_waschmaschine_wk_waschmaschine_leistung,87.1,2026-05-27T09:27:30.908Z
sensor.shelly_plug_sg3_wk_waschmaschine_wk_waschmaschine_leistung,92.6,2026-05-27T09:27:31.935Z
sensor.shelly_plug_sg3_wk_waschmaschine_wk_waschmaschine_leistung,86.0,2026-05-27T09:27:36.049Z
sensor.shelly_plug_sg3_wk_waschmaschine_wk_waschmaschine_leistung,42.4,2026-05-27T09:27:37.076Z
sensor.shelly_plug_sg3_wk_waschmaschine_wk_waschmaschine_leistung,3.9,2026-05-27T09:27:38.104Z
sensor.shelly_plug_sg3_wk_waschmaschine_wk_waschmaschine_leistung,109.6,2026-05-27T09:27:40.160Z
sensor.shelly_plug_sg3_wk_waschmaschine_wk_waschmaschine_leistung,115.1,2026-05-27T09:27:45.290Z
sensor.shelly_plug_sg3_wk_waschmaschine_wk_waschmaschine_leistung,106.7,2026-05-27T09:27:47.348Z
sensor.shelly_plug_sg3_wk_waschmaschine_wk_waschmaschine_leistung,99.5,2026-05-27T09:27:50.445Z
sensor.shelly_plug_sg3_wk_waschmaschine_wk_waschmaschine_leistung,82.2,2026-05-27T09:27:51.468Z
sensor.shelly_plug_sg3_wk_waschmaschine_wk_waschmaschine_leistung,70.9,2026-05-27T09:27:52.496Z
sensor.shelly_plug_sg3_wk_waschmaschine_wk_waschmaschine_leistung,46.1,2026-05-27T09:27:53.524Z
sensor.shelly_plug_sg3_wk_waschmaschine_wk_waschmaschine_leistung,42.0,2026-05-27T09:27:54.545Z
sensor.shelly_plug_sg3_wk_waschmaschine_wk_waschmaschine_leistung,39.0,2026-05-27T09:27:55.583Z
sensor.shelly_plug_sg3_wk_waschmaschine_wk_waschmaschine_leistung,41.1,2026-05-27T09:27:56.599Z
sensor.shelly_plug_sg3_wk_waschmaschine_wk_waschmaschine_leistung,56.3,2026-05-27T09:27:57.637Z
sensor.shelly_plug_sg3_wk_waschmaschine_wk_waschmaschine_leistung,63.8,2026-05-27T09:27:58.669Z
sensor.shelly_plug_sg3_wk_waschmaschine_wk_waschmaschine_leistung,74.6,2026-05-27T09:27:59.693Z
sensor.shelly_plug_sg3_wk_waschmaschine_wk_waschmaschine_leistung,85.0,2026-05-27T09:28:00.721Z
sensor.shelly_plug_sg3_wk_waschmaschine_wk_waschmaschine_leistung,98.3,2026-05-27T09:28:01.750Z
sensor.shelly_plug_sg3_wk_waschmaschine_wk_waschmaschine_leistung,104.1,2026-05-27T09:28:04.833Z
sensor.shelly_plug_sg3_wk_waschmaschine_wk_waschmaschine_leistung,110.7,2026-05-27T09:28:08.945Z
sensor.shelly_plug_sg3_wk_waschmaschine_wk_waschmaschine_leistung,29.5,2026-05-27T09:28:09.975Z
sensor.shelly_plug_sg3_wk_waschmaschine_wk_waschmaschine_leistung,3.7,2026-05-27T09:28:11.001Z
sensor.shelly_plug_sg3_wk_waschmaschine_wk_waschmaschine_leistung,88.2,2026-05-27T09:28:13.058Z
sensor.shelly_plug_sg3_wk_waschmaschine_wk_waschmaschine_leistung,114.0,2026-05-27T09:28:14.091Z
sensor.shelly_plug_sg3_wk_waschmaschine_wk_waschmaschine_leistung,98.5,2026-05-27T09:28:15.118Z
sensor.shelly_plug_sg3_wk_waschmaschine_wk_waschmaschine_leistung,106.9,2026-05-27T09:28:19.228Z
sensor.shelly_plug_sg3_wk_waschmaschine_wk_waschmaschine_leistung,92.9,2026-05-27T09:28:22.310Z
sensor.shelly_plug_sg3_wk_waschmaschine_wk_waschmaschine_leistung,83.4,2026-05-27T09:28:23.341Z
sensor.shelly_plug_sg3_wk_waschmaschine_wk_waschmaschine_leistung,88.8,2026-05-27T09:28:24.367Z
sensor.shelly_plug_sg3_wk_waschmaschine_wk_waschmaschine_leistung,82.0,2026-05-27T09:28:25.395Z
sensor.shelly_plug_sg3_wk_waschmaschine_wk_waschmaschine_leistung,71.9,2026-05-27T09:28:26.424Z
sensor.shelly_plug_sg3_wk_waschmaschine_wk_waschmaschine_leistung,39.8,2026-05-27T09:28:27.454Z
sensor.shelly_plug_sg3_wk_waschmaschine_wk_waschmaschine_leistung,34.9,2026-05-27T09:28:28.471Z
sensor.shelly_plug_sg3_wk_waschmaschine_wk_waschmaschine_leistung,42.0,2026-05-27T09:28:29.500Z
sensor.shelly_plug_sg3_wk_waschmaschine_wk_waschmaschine_leistung,52.4,2026-05-27T09:28:30.537Z
sensor.shelly_plug_sg3_wk_waschmaschine_wk_waschmaschine_leistung,67.2,2026-05-27T09:28:31.567Z
sensor.shelly_plug_sg3_wk_waschmaschine_wk_waschmaschine_leistung,72.2,2026-05-27T09:28:32.586Z
sensor.shelly_plug_sg3_wk_waschmaschine_wk_waschmaschine_leistung,79.1,2026-05-27T09:28:33.621Z
sensor.shelly_plug_sg3_wk_waschmaschine_wk_waschmaschine_leistung,89.2,2026-05-27T09:28:34.651Z
sensor.shelly_plug_sg3_wk_waschmaschine_wk_waschmaschine_leistung,79.2,2026-05-27T09:28:36.706Z
sensor.shelly_plug_sg3_wk_waschmaschine_wk_waschmaschine_leistung,89.7,2026-05-27T09:28:37.734Z
sensor.shelly_plug_sg3_wk_waschmaschine_wk_waschmaschine_leistung,94.9,2026-05-27T09:28:38.753Z
sensor.shelly_plug_sg3_wk_waschmaschine_wk_waschmaschine_leistung,90.1,2026-05-27T09:28:39.781Z
sensor.shelly_plug_sg3_wk_waschmaschine_wk_waschmaschine_leistung,66.5,2026-05-27T09:28:42.876Z
sensor.shelly_plug_sg3_wk_waschmaschine_wk_waschmaschine_leistung,5.1,2026-05-27T09:28:43.902Z
sensor.shelly_plug_sg3_wk_waschmaschine_wk_waschmaschine_leistung,3.8,2026-05-27T09:28:44.922Z
sensor.shelly_plug_sg3_wk_waschmaschine_wk_waschmaschine_leistung,95.2,2026-05-27T09:28:45.958Z
sensor.shelly_plug_sg3_wk_waschmaschine_wk_waschmaschine_leistung,123.2,2026-05-27T09:28:46.987Z
sensor.shelly_plug_sg3_wk_waschmaschine_wk_waschmaschine_leistung,106.8,2026-05-27T09:28:48.015Z
sensor.shelly_plug_sg3_wk_waschmaschine_wk_waschmaschine_leistung,113.1,2026-05-27T09:28:49.043Z
sensor.shelly_plug_sg3_wk_waschmaschine_wk_waschmaschine_leistung,106.1,2026-05-27T09:28:55.213Z
sensor.shelly_plug_sg3_wk_waschmaschine_wk_waschmaschine_leistung,99.3,2026-05-27T09:28:57.267Z
sensor.shelly_plug_sg3_wk_waschmaschine_wk_waschmaschine_leistung,78.8,2026-05-27T09:28:58.295Z
sensor.shelly_plug_sg3_wk_waschmaschine_wk_waschmaschine_leistung,84.2,2026-05-27T09:28:59.327Z
sensor.shelly_plug_sg3_wk_waschmaschine_wk_waschmaschine_leistung,52.6,2026-05-27T09:29:00.352Z
sensor.shelly_plug_sg3_wk_waschmaschine_wk_waschmaschine_leistung,47.5,2026-05-27T09:29:01.371Z
sensor.shelly_plug_sg3_wk_waschmaschine_wk_waschmaschine_leistung,43.1,2026-05-27T09:29:02.463Z
sensor.shelly_plug_sg3_wk_waschmaschine_wk_waschmaschine_leistung,62.5,2026-05-27T09:29:03.437Z
sensor.shelly_plug_sg3_wk_waschmaschine_wk_waschmaschine_leistung,71.5,2026-05-27T09:29:04.467Z
sensor.shelly_plug_sg3_wk_waschmaschine_wk_waschmaschine_leistung,59.4,2026-05-27T09:29:05.496Z
sensor.shelly_plug_sg3_wk_waschmaschine_wk_waschmaschine_leistung,69.3,2026-05-27T09:29:06.522Z
sensor.shelly_plug_sg3_wk_waschmaschine_wk_waschmaschine_leistung,80.1,2026-05-27T09:29:07.550Z
sensor.shelly_plug_sg3_wk_waschmaschine_wk_waschmaschine_leistung,96.8,2026-05-27T09:29:08.579Z
sensor.shelly_plug_sg3_wk_waschmaschine_wk_waschmaschine_leistung,105.1,2026-05-27T09:29:11.662Z
sensor.shelly_plug_sg3_wk_waschmaschine_wk_waschmaschine_leistung,97.8,2026-05-27T09:29:13.718Z
sensor.shelly_plug_sg3_wk_waschmaschine_wk_waschmaschine_leistung,3.6,2026-05-27T09:29:17.830Z
sensor.shelly_plug_sg3_wk_waschmaschine_wk_waschmaschine_leistung,52.0,2026-05-27T09:29:19.886Z
sensor.shelly_plug_sg3_wk_waschmaschine_wk_waschmaschine_leistung,110.9,2026-05-27T09:29:20.917Z
sensor.shelly_plug_sg3_wk_waschmaschine_wk_waschmaschine_leistung,103.4,2026-05-27T09:29:21.943Z
sensor.shelly_plug_sg3_wk_waschmaschine_wk_waschmaschine_leistung,84.9,2026-05-27T09:29:29.138Z
sensor.shelly_plug_sg3_wk_waschmaschine_wk_waschmaschine_leistung,89.9,2026-05-27T09:29:30.156Z
sensor.shelly_plug_sg3_wk_waschmaschine_wk_waschmaschine_leistung,80.1,2026-05-27T09:29:31.185Z
sensor.shelly_plug_sg3_wk_waschmaschine_wk_waschmaschine_leistung,65.4,2026-05-27T09:29:32.222Z
sensor.shelly_plug_sg3_wk_waschmaschine_wk_waschmaschine_leistung,55.5,2026-05-27T09:29:33.259Z
sensor.shelly_plug_sg3_wk_waschmaschine_wk_waschmaschine_leistung,42.7,2026-05-27T09:29:34.303Z
sensor.shelly_plug_sg3_wk_waschmaschine_wk_waschmaschine_leistung,34.7,2026-05-27T09:29:35.309Z
sensor.shelly_plug_sg3_wk_waschmaschine_wk_waschmaschine_leistung,49.7,2026-05-27T09:29:37.363Z
sensor.shelly_plug_sg3_wk_waschmaschine_wk_waschmaschine_leistung,65.5,2026-05-27T09:29:38.393Z
sensor.shelly_plug_sg3_wk_waschmaschine_wk_waschmaschine_leistung,86.7,2026-05-27T09:29:39.419Z
sensor.shelly_plug_sg3_wk_waschmaschine_wk_waschmaschine_leistung,92.4,2026-05-27T09:29:43.531Z
sensor.shelly_plug_sg3_wk_waschmaschine_wk_waschmaschine_leistung,87.5,2026-05-27T09:29:45.579Z
sensor.shelly_plug_sg3_wk_waschmaschine_wk_waschmaschine_leistung,97.9,2026-05-27T09:29:47.644Z
sensor.shelly_plug_sg3_wk_waschmaschine_wk_waschmaschine_leistung,84.3,2026-05-27T09:29:48.674Z
sensor.shelly_plug_sg3_wk_waschmaschine_wk_waschmaschine_leistung,3.9,2026-05-27T09:29:50.736Z
sensor.shelly_plug_sg3_wk_waschmaschine_wk_waschmaschine_leistung,67.6,2026-05-27T09:29:52.784Z
sensor.shelly_plug_sg3_wk_waschmaschine_wk_waschmaschine_leistung,128.7,2026-05-27T09:29:53.812Z
sensor.shelly_plug_sg3_wk_waschmaschine_wk_waschmaschine_leistung,111.5,2026-05-27T09:29:54.843Z
sensor.shelly_plug_sg3_wk_waschmaschine_wk_waschmaschine_leistung,111.8,2026-05-27T09:29:59.983Z
sensor.shelly_plug_sg3_wk_waschmaschine_wk_waschmaschine_leistung,89.8,2026-05-27T09:30:03.090Z
sensor.shelly_plug_sg3_wk_waschmaschine_wk_waschmaschine_leistung,73.2,2026-05-27T09:30:04.115Z
sensor.shelly_plug_sg3_wk_waschmaschine_wk_waschmaschine_leistung,63.8,2026-05-27T09:30:05.143Z
sensor.shelly_plug_sg3_wk_waschmaschine_wk_waschmaschine_leistung,56.9,2026-05-27T09:30:06.172Z
sensor.shelly_plug_sg3_wk_waschmaschine_wk_waschmaschine_leistung,47.0,2026-05-27T09:30:07.200Z
sensor.shelly_plug_sg3_wk_waschmaschine_wk_waschmaschine_leistung,40.9,2026-05-27T09:30:08.228Z
sensor.shelly_plug_sg3_wk_waschmaschine_wk_waschmaschine_leistung,35.1,2026-05-27T09:30:09.256Z
sensor.shelly_plug_sg3_wk_waschmaschine_wk_waschmaschine_leistung,46.1,2026-05-27T09:30:10.284Z
sensor.shelly_plug_sg3_wk_waschmaschine_wk_waschmaschine_leistung,69.2,2026-05-27T09:30:11.312Z
sensor.shelly_plug_sg3_wk_waschmaschine_wk_waschmaschine_leistung,91.9,2026-05-27T09:30:12.341Z
sensor.shelly_plug_sg3_wk_waschmaschine_wk_waschmaschine_leistung,84.8,2026-05-27T09:30:13.371Z
sensor.shelly_plug_sg3_wk_waschmaschine_wk_waschmaschine_leistung,91.4,2026-05-27T09:30:14.397Z
sensor.shelly_plug_sg3_wk_waschmaschine_wk_waschmaschine_leistung,102.6,2026-05-27T09:30:15.426Z
sensor.shelly_plug_sg3_wk_waschmaschine_wk_waschmaschine_leistung,97.3,2026-05-27T09:30:21.584Z
sensor.shelly_plug_sg3_wk_waschmaschine_wk_waschmaschine_leistung,83.6,2026-05-27T09:30:22.622Z
sensor.shelly_plug_sg3_wk_waschmaschine_wk_waschmaschine_leistung,3.7,2026-05-27T09:30:23.651Z
sensor.shelly_plug_sg3_wk_waschmaschine_wk_waschmaschine_leistung,19.4,2026-05-27T09:30:24.678Z
sensor.shelly_plug_sg3_wk_waschmaschine_wk_waschmaschine_leistung,88.8,2026-05-27T09:30:25.706Z
sensor.shelly_plug_sg3_wk_waschmaschine_wk_waschmaschine_leistung,95.8,2026-05-27T09:30:26.725Z
sensor.shelly_plug_sg3_wk_waschmaschine_wk_waschmaschine_leistung,104.8,2026-05-27T09:30:27.763Z
sensor.shelly_plug_sg3_wk_waschmaschine_wk_waschmaschine_leistung,99.5,2026-05-27T09:30:28.781Z
sensor.shelly_plug_sg3_wk_waschmaschine_wk_waschmaschine_leistung,92.9,2026-05-27T09:30:33.920Z
sensor.shelly_plug_sg3_wk_waschmaschine_wk_waschmaschine_leistung,100.9,2026-05-27T09:30:34.948Z
sensor.shelly_plug_sg3_wk_waschmaschine_wk_waschmaschine_leistung,79.5,2026-05-27T09:30:37.016Z
sensor.shelly_plug_sg3_wk_waschmaschine_wk_waschmaschine_leistung,51.3,2026-05-27T09:30:38.042Z
sensor.shelly_plug_sg3_wk_waschmaschine_wk_waschmaschine_leistung,37.0,2026-05-27T09:30:39.070Z
sensor.shelly_plug_sg3_wk_waschmaschine_wk_waschmaschine_leistung,41.2,2026-05-27T09:30:40.090Z
sensor.shelly_plug_sg3_wk_waschmaschine_wk_waschmaschine_leistung,36.4,2026-05-27T09:30:42.144Z
sensor.shelly_plug_sg3_wk_waschmaschine_wk_waschmaschine_leistung,47.8,2026-05-27T09:30:43.182Z
sensor.shelly_plug_sg3_wk_waschmaschine_wk_waschmaschine_leistung,60.3,2026-05-27T09:30:44.211Z
sensor.shelly_plug_sg3_wk_waschmaschine_wk_waschmaschine_leistung,80.1,2026-05-27T09:30:45.242Z
sensor.shelly_plug_sg3_wk_waschmaschine_wk_waschmaschine_leistung,99.0,2026-05-27T09:30:46.267Z
sensor.shelly_plug_sg3_wk_waschmaschine_wk_waschmaschine_leistung,89.4,2026-05-27T09:30:47.295Z
sensor.shelly_plug_sg3_wk_waschmaschine_wk_waschmaschine_leistung,96.2,2026-05-27T09:30:48.323Z
sensor.shelly_plug_sg3_wk_waschmaschine_wk_waschmaschine_leistung,88.5,2026-05-27T09:30:49.351Z
sensor.shelly_plug_sg3_wk_waschmaschine_wk_waschmaschine_leistung,94.1,2026-05-27T09:30:50.380Z
sensor.shelly_plug_sg3_wk_waschmaschine_wk_waschmaschine_leistung,100.7,2026-05-27T09:30:53.463Z
sensor.shelly_plug_sg3_wk_waschmaschine_wk_waschmaschine_leistung,90.1,2026-05-27T09:30:54.492Z
sensor.shelly_plug_sg3_wk_waschmaschine_wk_waschmaschine_leistung,10.8,2026-05-27T09:30:55.520Z
sensor.shelly_plug_sg3_wk_waschmaschine_wk_waschmaschine_leistung,3.9,2026-05-27T09:30:56.548Z
sensor.shelly_plug_sg3_wk_waschmaschine_wk_waschmaschine_leistung,64.7,2026-05-27T09:30:58.606Z
sensor.shelly_plug_sg3_wk_waschmaschine_wk_waschmaschine_leistung,112.4,2026-05-27T09:30:59.632Z
sensor.shelly_plug_sg3_wk_waschmaschine_wk_waschmaschine_leistung,106.0,2026-05-27T09:31:06.828Z
sensor.shelly_plug_sg3_wk_waschmaschine_wk_waschmaschine_leistung,98.5,2026-05-27T09:31:08.884Z
sensor.shelly_plug_sg3_wk_waschmaschine_wk_waschmaschine_leistung,72.9,2026-05-27T09:31:09.913Z
sensor.shelly_plug_sg3_wk_waschmaschine_wk_waschmaschine_leistung,66.4,2026-05-27T09:31:10.940Z
sensor.shelly_plug_sg3_wk_waschmaschine_wk_waschmaschine_leistung,49.9,2026-05-27T09:31:11.969Z
sensor.shelly_plug_sg3_wk_waschmaschine_wk_waschmaschine_leistung,38.3,2026-05-27T09:31:12.997Z
sensor.shelly_plug_sg3_wk_waschmaschine_wk_waschmaschine_leistung,47.3,2026-05-27T09:31:14.025Z
sensor.shelly_plug_sg3_wk_waschmaschine_wk_waschmaschine_leistung,50.2,2026-05-27T09:31:15.044Z
sensor.shelly_plug_sg3_wk_waschmaschine_wk_waschmaschine_leistung,56.3,2026-05-27T09:31:16.083Z
sensor.shelly_plug_sg3_wk_waschmaschine_wk_waschmaschine_leistung,48.4,2026-05-27T09:31:17.112Z
sensor.shelly_plug_sg3_wk_waschmaschine_wk_waschmaschine_leistung,87.7,2026-05-27T09:31:18.138Z
sensor.shelly_plug_sg3_wk_waschmaschine_wk_waschmaschine_leistung,79.1,2026-05-27T09:31:19.166Z
sensor.shelly_plug_sg3_wk_waschmaschine_wk_waschmaschine_leistung,92.8,2026-05-27T09:31:20.195Z
sensor.shelly_plug_sg3_wk_waschmaschine_wk_waschmaschine_leistung,100.9,2026-05-27T09:31:22.250Z
sensor.shelly_plug_sg3_wk_waschmaschine_wk_waschmaschine_leistung,93.3,2026-05-27T09:31:26.362Z
sensor.shelly_plug_sg3_wk_waschmaschine_wk_waschmaschine_leistung,104.0,2026-05-27T09:31:27.391Z
sensor.shelly_plug_sg3_wk_waschmaschine_wk_waschmaschine_leistung,7.3,2026-05-27T09:31:28.418Z
sensor.shelly_plug_sg3_wk_waschmaschine_wk_waschmaschine_leistung,3.6,2026-05-27T09:31:29.447Z
sensor.shelly_plug_sg3_wk_waschmaschine_wk_waschmaschine_leistung,5.5,2026-05-27T09:31:30.466Z
sensor.shelly_plug_sg3_wk_waschmaschine_wk_waschmaschine_leistung,62.9,2026-05-27T09:31:31.503Z
sensor.shelly_plug_sg3_wk_waschmaschine_wk_waschmaschine_leistung,99.5,2026-05-27T09:31:32.533Z
sensor.shelly_plug_sg3_wk_waschmaschine_wk_waschmaschine_leistung,110.8,2026-05-27T09:31:34.589Z
sensor.shelly_plug_sg3_wk_waschmaschine_wk_waschmaschine_leistung,104.0,2026-05-27T09:31:35.616Z
sensor.shelly_plug_sg3_wk_waschmaschine_wk_waschmaschine_leistung,93.0,2026-05-27T09:31:39.726Z
sensor.shelly_plug_sg3_wk_waschmaschine_wk_waschmaschine_leistung,102.0,2026-05-27T09:31:40.755Z
sensor.shelly_plug_sg3_wk_waschmaschine_wk_waschmaschine_leistung,96.3,2026-05-27T09:31:41.783Z
sensor.shelly_plug_sg3_wk_waschmaschine_wk_waschmaschine_leistung,68.9,2026-05-27T09:31:42.810Z
sensor.shelly_plug_sg3_wk_waschmaschine_wk_waschmaschine_leistung,55.8,2026-05-27T09:31:43.839Z
sensor.shelly_plug_sg3_wk_waschmaschine_wk_waschmaschine_leistung,40.9,2026-05-27T09:31:44.867Z
sensor.shelly_plug_sg3_wk_waschmaschine_wk_waschmaschine_leistung,31.8,2026-05-27T09:31:45.895Z
sensor.shelly_plug_sg3_wk_waschmaschine_wk_waschmaschine_leistung,42.0,2026-05-27T09:31:46.923Z
sensor.shelly_plug_sg3_wk_waschmaschine_wk_waschmaschine_leistung,51.6,2026-05-27T09:31:47.952Z
sensor.shelly_plug_sg3_wk_waschmaschine_wk_waschmaschine_leistung,56.9,2026-05-27T09:31:48.972Z
sensor.shelly_plug_sg3_wk_waschmaschine_wk_waschmaschine_leistung,73.0,2026-05-27T09:31:50.008Z
sensor.shelly_plug_sg3_wk_waschmaschine_wk_waschmaschine_leistung,88.1,2026-05-27T09:31:51.037Z
sensor.shelly_plug_sg3_wk_waschmaschine_wk_waschmaschine_leistung,94.0,2026-05-27T09:31:54.120Z
sensor.shelly_plug_sg3_wk_waschmaschine_wk_waschmaschine_leistung,105.5,2026-05-27T09:31:59.262Z
sensor.shelly_plug_sg3_wk_waschmaschine_wk_waschmaschine_leistung,81.1,2026-05-27T09:32:00.288Z
sensor.shelly_plug_sg3_wk_waschmaschine_wk_waschmaschine_leistung,6.3,2026-05-27T09:32:01.317Z
sensor.shelly_plug_sg3_wk_waschmaschine_wk_waschmaschine_leistung,3.8,2026-05-27T09:32:02.345Z
sensor.shelly_plug_sg3_wk_waschmaschine_wk_waschmaschine_leistung,7.9,2026-05-27T09:32:03.373Z
sensor.shelly_plug_sg3_wk_waschmaschine_wk_waschmaschine_leistung,125.6,2026-05-27T09:32:04.401Z
sensor.shelly_plug_sg3_wk_waschmaschine_wk_waschmaschine_leistung,105.4,2026-05-27T09:32:05.430Z
sensor.shelly_plug_sg3_wk_waschmaschine_wk_waschmaschine_leistung,115.3,2026-05-27T09:32:06.457Z
sensor.shelly_plug_sg3_wk_waschmaschine_wk_waschmaschine_leistung,106.2,2026-05-27T09:32:10.569Z
sensor.shelly_plug_sg3_wk_waschmaschine_wk_waschmaschine_leistung,112.5,2026-05-27T09:32:11.599Z
sensor.shelly_plug_sg3_wk_waschmaschine_wk_waschmaschine_leistung,103.9,2026-05-27T09:32:13.655Z
sensor.shelly_plug_sg3_wk_waschmaschine_wk_waschmaschine_leistung,98.2,2026-05-27T09:32:14.672Z
sensor.shelly_plug_sg3_wk_waschmaschine_wk_waschmaschine_leistung,86.8,2026-05-27T09:32:15.710Z
sensor.shelly_plug_sg3_wk_waschmaschine_wk_waschmaschine_leistung,76.5,2026-05-27T09:32:16.737Z
sensor.shelly_plug_sg3_wk_waschmaschine_wk_waschmaschine_leistung,71.7,2026-05-27T09:32:17.756Z
sensor.shelly_plug_sg3_wk_waschmaschine_wk_waschmaschine_leistung,49.2,2026-05-27T09:32:18.793Z
sensor.shelly_plug_sg3_wk_waschmaschine_wk_waschmaschine_leistung,53.6,2026-05-27T09:32:19.812Z
sensor.shelly_plug_sg3_wk_waschmaschine_wk_waschmaschine_leistung,48.1,2026-05-27T09:32:20.843Z
sensor.shelly_plug_sg3_wk_waschmaschine_wk_waschmaschine_leistung,53.0,2026-05-27T09:32:21.868Z
sensor.shelly_plug_sg3_wk_waschmaschine_wk_waschmaschine_leistung,69.2,2026-05-27T09:32:22.906Z
sensor.shelly_plug_sg3_wk_waschmaschine_wk_waschmaschine_leistung,88.6,2026-05-27T09:32:23.934Z
sensor.shelly_plug_sg3_wk_waschmaschine_wk_waschmaschine_leistung,98.6,2026-05-27T09:32:25.990Z
sensor.shelly_plug_sg3_wk_waschmaschine_wk_waschmaschine_leistung,105.2,2026-05-27T09:32:27.022Z
sensor.shelly_plug_sg3_wk_waschmaschine_wk_waschmaschine_leistung,95.6,2026-05-27T09:32:30.103Z
sensor.shelly_plug_sg3_wk_waschmaschine_wk_waschmaschine_leistung,102.8,2026-05-27T09:32:31.131Z
sensor.shelly_plug_sg3_wk_waschmaschine_wk_waschmaschine_leistung,96.5,2026-05-27T09:32:33.187Z
sensor.shelly_plug_sg3_wk_waschmaschine_wk_waschmaschine_leistung,4.7,2026-05-27T09:32:34.215Z
sensor.shelly_plug_sg3_wk_waschmaschine_wk_waschmaschine_leistung,3.6,2026-05-27T09:32:35.234Z
sensor.shelly_plug_sg3_wk_waschmaschine_wk_waschmaschine_leistung,11.5,2026-05-27T09:32:36.272Z
sensor.shelly_plug_sg3_wk_waschmaschine_wk_waschmaschine_leistung,109.1,2026-05-27T09:32:37.300Z
sensor.shelly_plug_sg3_wk_waschmaschine_wk_waschmaschine_leistung,100.0,2026-05-27T09:32:39.356Z
sensor.shelly_plug_sg3_wk_waschmaschine_wk_waschmaschine_leistung,105.4,2026-05-27T09:32:41.403Z
sensor.shelly_plug_sg3_wk_waschmaschine_wk_waschmaschine_leistung,99.8,2026-05-27T09:32:44.487Z
sensor.shelly_plug_sg3_wk_waschmaschine_wk_waschmaschine_leistung,65.9,2026-05-27T09:32:48.607Z
sensor.shelly_plug_sg3_wk_waschmaschine_wk_waschmaschine_leistung,53.2,2026-05-27T09:32:49.635Z
sensor.shelly_plug_sg3_wk_waschmaschine_wk_waschmaschine_leistung,40.4,2026-05-27T09:32:51.693Z
sensor.shelly_plug_sg3_wk_waschmaschine_wk_waschmaschine_leistung,38.0,2026-05-27T09:32:52.710Z
sensor.shelly_plug_sg3_wk_waschmaschine_wk_waschmaschine_leistung,41.8,2026-05-27T09:32:54.766Z
sensor.shelly_plug_sg3_wk_waschmaschine_wk_waschmaschine_leistung,90.2,2026-05-27T09:32:55.806Z
sensor.shelly_plug_sg3_wk_waschmaschine_wk_waschmaschine_leistung,83.8,2026-05-27T09:32:56.834Z
sensor.shelly_plug_sg3_wk_waschmaschine_wk_waschmaschine_leistung,88.3,2026-05-27T09:32:57.851Z
sensor.shelly_plug_sg3_wk_waschmaschine_wk_waschmaschine_leistung,82.1,2026-05-27T09:32:58.879Z
sensor.shelly_plug_sg3_wk_waschmaschine_wk_waschmaschine_leistung,88.9,2026-05-27T09:32:59.916Z
sensor.shelly_plug_sg3_wk_waschmaschine_wk_waschmaschine_leistung,95.6,2026-05-27T09:33:00.945Z
sensor.shelly_plug_sg3_wk_waschmaschine_wk_waschmaschine_leistung,90.4,2026-05-27T09:33:04.020Z
sensor.shelly_plug_sg3_wk_waschmaschine_wk_waschmaschine_leistung,24.6,2026-05-27T09:33:07.113Z
sensor.shelly_plug_sg3_wk_waschmaschine_wk_waschmaschine_leistung,4.2,2026-05-27T09:33:08.141Z
sensor.shelly_plug_sg3_wk_waschmaschine_wk_waschmaschine_leistung,118.7,2026-05-27T09:33:10.199Z
sensor.shelly_plug_sg3_wk_waschmaschine_wk_waschmaschine_leistung,109.4,2026-05-27T09:33:12.254Z
sensor.shelly_plug_sg3_wk_waschmaschine_wk_waschmaschine_leistung,115.3,2026-05-27T09:33:18.423Z
sensor.shelly_plug_sg3_wk_waschmaschine_wk_waschmaschine_leistung,99.4,2026-05-27T09:33:19.450Z
sensor.shelly_plug_sg3_wk_waschmaschine_wk_waschmaschine_leistung,107.2,2026-05-27T09:33:20.478Z
sensor.shelly_plug_sg3_wk_waschmaschine_wk_waschmaschine_leistung,93.9,2026-05-27T09:33:21.506Z
sensor.shelly_plug_sg3_wk_waschmaschine_wk_waschmaschine_leistung,71.1,2026-05-27T09:33:22.538Z
sensor.shelly_plug_sg3_wk_waschmaschine_wk_waschmaschine_leistung,52.0,2026-05-27T09:33:23.561Z
sensor.shelly_plug_sg3_wk_waschmaschine_wk_waschmaschine_leistung,38.0,2026-05-27T09:33:24.592Z
sensor.shelly_plug_sg3_wk_waschmaschine_wk_waschmaschine_leistung,40.3,2026-05-27T09:33:25.609Z
sensor.shelly_plug_sg3_wk_waschmaschine_wk_waschmaschine_leistung,43.7,2026-05-27T09:33:26.646Z
sensor.shelly_plug_sg3_wk_waschmaschine_wk_waschmaschine_leistung,56.4,2026-05-27T09:33:27.675Z
sensor.shelly_plug_sg3_wk_waschmaschine_wk_waschmaschine_leistung,86.7,2026-05-27T09:33:28.705Z
sensor.shelly_plug_sg3_wk_waschmaschine_wk_waschmaschine_leistung,93.2,2026-05-27T09:33:30.759Z
sensor.shelly_plug_sg3_wk_waschmaschine_wk_waschmaschine_leistung,108.6,2026-05-27T09:33:33.845Z
sensor.shelly_plug_sg3_wk_waschmaschine_wk_waschmaschine_leistung,100.1,2026-05-27T09:33:34.871Z
sensor.shelly_plug_sg3_wk_waschmaschine_wk_waschmaschine_leistung,14.2,2026-05-27T09:33:40.010Z
sensor.shelly_plug_sg3_wk_waschmaschine_wk_waschmaschine_leistung,3.7,2026-05-27T09:33:41.041Z
sensor.shelly_plug_sg3_wk_waschmaschine_wk_waschmaschine_leistung,104.3,2026-05-27T09:33:43.098Z
sensor.shelly_plug_sg3_wk_waschmaschine_wk_waschmaschine_leistung,97.9,2026-05-27T09:33:45.170Z
sensor.shelly_plug_sg3_wk_waschmaschine_wk_waschmaschine_leistung,104.3,2026-05-27T09:33:46.179Z
sensor.shelly_plug_sg3_wk_waschmaschine_wk_waschmaschine_leistung,97.1,2026-05-27T09:33:47.210Z
sensor.shelly_plug_sg3_wk_waschmaschine_wk_waschmaschine_leistung,102.6,2026-05-27T09:33:48.228Z
sensor.shelly_plug_sg3_wk_waschmaschine_wk_waschmaschine_leistung,110.0,2026-05-27T09:33:50.292Z
sensor.shelly_plug_sg3_wk_waschmaschine_wk_waschmaschine_leistung,98.8,2026-05-27T09:33:51.320Z
sensor.shelly_plug_sg3_wk_waschmaschine_wk_waschmaschine_leistung,85.6,2026-05-27T09:33:53.376Z
sensor.shelly_plug_sg3_wk_waschmaschine_wk_waschmaschine_leistung,77.2,2026-05-27T09:33:54.405Z
sensor.shelly_plug_sg3_wk_waschmaschine_wk_waschmaschine_leistung,70.0,2026-05-27T09:33:55.446Z
sensor.shelly_plug_sg3_wk_waschmaschine_wk_waschmaschine_leistung,57.2,2026-05-27T09:33:56.462Z
sensor.shelly_plug_sg3_wk_waschmaschine_wk_waschmaschine_leistung,40.6,2026-05-27T09:33:57.493Z
sensor.shelly_plug_sg3_wk_waschmaschine_wk_waschmaschine_leistung,35.6,2026-05-27T09:33:58.509Z
sensor.shelly_plug_sg3_wk_waschmaschine_wk_waschmaschine_leistung,33.3,2026-05-27T09:33:59.546Z
sensor.shelly_plug_sg3_wk_waschmaschine_wk_waschmaschine_leistung,48.0,2026-05-27T09:34:00.575Z
sensor.shelly_plug_sg3_wk_waschmaschine_wk_waschmaschine_leistung,74.9,2026-05-27T09:34:01.603Z
sensor.shelly_plug_sg3_wk_waschmaschine_wk_waschmaschine_leistung,90.3,2026-05-27T09:34:03.659Z
sensor.shelly_plug_sg3_wk_waschmaschine_wk_waschmaschine_leistung,96.0,2026-05-27T09:34:06.746Z
sensor.shelly_plug_sg3_wk_waschmaschine_wk_waschmaschine_leistung,90.2,2026-05-27T09:34:08.799Z
sensor.shelly_plug_sg3_wk_waschmaschine_wk_waschmaschine_leistung,94.8,2026-05-27T09:34:09.818Z
sensor.shelly_plug_sg3_wk_waschmaschine_wk_waschmaschine_leistung,87.2,2026-05-27T09:34:10.846Z
sensor.shelly_plug_sg3_wk_waschmaschine_wk_waschmaschine_leistung,63.3,2026-05-27T09:34:12.911Z
sensor.shelly_plug_sg3_wk_waschmaschine_wk_waschmaschine_leistung,5.0,2026-05-27T09:34:13.939Z
sensor.shelly_plug_sg3_wk_waschmaschine_wk_waschmaschine_leistung,14.6,2026-05-27T09:34:14.968Z
sensor.shelly_plug_sg3_wk_waschmaschine_wk_waschmaschine_leistung,96.6,2026-05-27T09:34:15.996Z
sensor.shelly_plug_sg3_wk_waschmaschine_wk_waschmaschine_leistung,120.8,2026-05-27T09:34:17.025Z
sensor.shelly_plug_sg3_wk_waschmaschine_wk_waschmaschine_leistung,110.4,2026-05-27T09:34:18.052Z
sensor.shelly_plug_sg3_wk_waschmaschine_wk_waschmaschine_leistung,94.6,2026-05-27T09:34:26.275Z
sensor.shelly_plug_sg3_wk_waschmaschine_wk_waschmaschine_leistung,78.3,2026-05-27T09:34:28.332Z
sensor.shelly_plug_sg3_wk_waschmaschine_wk_waschmaschine_leistung,64.4,2026-05-27T09:34:29.360Z
sensor.shelly_plug_sg3_wk_waschmaschine_wk_waschmaschine_leistung,47.3,2026-05-27T09:34:30.388Z
sensor.shelly_plug_sg3_wk_waschmaschine_wk_waschmaschine_leistung,44.0,2026-05-27T09:34:31.407Z
sensor.shelly_plug_sg3_wk_waschmaschine_wk_waschmaschine_leistung,55.7,2026-05-27T09:34:33.472Z
sensor.shelly_plug_sg3_wk_waschmaschine_wk_waschmaschine_leistung,61.1,2026-05-27T09:34:34.521Z
sensor.shelly_plug_sg3_wk_waschmaschine_wk_waschmaschine_leistung,83.2,2026-05-27T09:34:36.559Z
sensor.shelly_plug_sg3_wk_waschmaschine_wk_waschmaschine_leistung,96.5,2026-05-27T09:34:37.587Z
sensor.shelly_plug_sg3_wk_waschmaschine_wk_waschmaschine_leistung,103.9,2026-05-27T09:34:41.699Z
sensor.shelly_plug_sg3_wk_waschmaschine_wk_waschmaschine_leistung,97.2,2026-05-27T09:34:44.780Z
sensor.shelly_plug_sg3_wk_waschmaschine_wk_waschmaschine_leistung,53.8,2026-05-27T09:34:45.808Z
sensor.shelly_plug_sg3_wk_waschmaschine_wk_waschmaschine_leistung,4.0,2026-05-27T09:34:46.837Z
sensor.shelly_plug_sg3_wk_waschmaschine_wk_waschmaschine_leistung,20.6,2026-05-27T09:34:47.867Z
sensor.shelly_plug_sg3_wk_waschmaschine_wk_waschmaschine_leistung,84.3,2026-05-27T09:34:48.893Z
sensor.shelly_plug_sg3_wk_waschmaschine_wk_waschmaschine_leistung,98.8,2026-05-27T09:34:49.922Z
sensor.shelly_plug_sg3_wk_waschmaschine_wk_waschmaschine_leistung,104.4,2026-05-27T09:34:55.064Z
sensor.shelly_plug_sg3_wk_waschmaschine_wk_waschmaschine_leistung,98.6,2026-05-27T09:34:58.137Z
sensor.shelly_plug_sg3_wk_waschmaschine_wk_waschmaschine_leistung,80.9,2026-05-27T09:34:59.175Z
sensor.shelly_plug_sg3_wk_waschmaschine_wk_waschmaschine_leistung,85.4,2026-05-27T09:35:00.192Z
sensor.shelly_plug_sg3_wk_waschmaschine_wk_waschmaschine_leistung,44.6,2026-05-27T09:35:02.261Z
sensor.shelly_plug_sg3_wk_waschmaschine_wk_waschmaschine_leistung,32.9,2026-05-27T09:35:04.316Z
sensor.shelly_plug_sg3_wk_waschmaschine_wk_waschmaschine_leistung,30.6,2026-05-27T09:35:05.333Z
sensor.shelly_plug_sg3_wk_waschmaschine_wk_waschmaschine_leistung,42.1,2026-05-27T09:35:06.371Z
sensor.shelly_plug_sg3_wk_waschmaschine_wk_waschmaschine_leistung,57.2,2026-05-27T09:35:07.398Z
sensor.shelly_plug_sg3_wk_waschmaschine_wk_waschmaschine_leistung,67.5,2026-05-27T09:35:08.426Z
sensor.shelly_plug_sg3_wk_waschmaschine_wk_waschmaschine_leistung,88.6,2026-05-27T09:35:09.454Z
sensor.shelly_plug_sg3_wk_waschmaschine_wk_waschmaschine_leistung,94.6,2026-05-27T09:35:15.622Z
sensor.shelly_plug_sg3_wk_waschmaschine_wk_waschmaschine_leistung,89.6,2026-05-27T09:35:17.669Z
sensor.shelly_plug_sg3_wk_waschmaschine_wk_waschmaschine_leistung,83.9,2026-05-27T09:35:18.706Z
sensor.shelly_plug_sg3_wk_waschmaschine_wk_waschmaschine_leistung,8.0,2026-05-27T09:35:19.739Z
sensor.shelly_plug_sg3_wk_waschmaschine_wk_waschmaschine_leistung,5.2,2026-05-27T09:35:20.763Z
sensor.shelly_plug_sg3_wk_waschmaschine_wk_waschmaschine_leistung,68.7,2026-05-27T09:35:21.792Z
sensor.shelly_plug_sg3_wk_waschmaschine_wk_waschmaschine_leistung,123.9,2026-05-27T09:35:22.822Z
sensor.shelly_plug_sg3_wk_waschmaschine_wk_waschmaschine_leistung,111.2,2026-05-27T09:35:23.848Z
sensor.shelly_plug_sg3_wk_waschmaschine_wk_waschmaschine_leistung,97.7,2026-05-27T09:35:31.043Z
sensor.shelly_plug_sg3_wk_waschmaschine_wk_waschmaschine_leistung,79.9,2026-05-27T09:35:33.099Z
sensor.shelly_plug_sg3_wk_waschmaschine_wk_waschmaschine_leistung,70.1,2026-05-27T09:35:35.155Z
sensor.shelly_plug_sg3_wk_waschmaschine_wk_waschmaschine_leistung,46.2,2026-05-27T09:35:36.183Z
sensor.shelly_plug_sg3_wk_waschmaschine_wk_waschmaschine_leistung,30.6,2026-05-27T09:35:37.212Z
sensor.shelly_plug_sg3_wk_waschmaschine_wk_waschmaschine_leistung,56.3,2026-05-27T09:35:38.242Z
sensor.shelly_plug_sg3_wk_waschmaschine_wk_waschmaschine_leistung,50.9,2026-05-27T09:35:39.268Z
sensor.shelly_plug_sg3_wk_waschmaschine_wk_waschmaschine_leistung,54.3,2026-05-27T09:35:40.288Z
sensor.shelly_plug_sg3_wk_waschmaschine_wk_waschmaschine_leistung,68.6,2026-05-27T09:35:41.324Z
sensor.shelly_plug_sg3_wk_waschmaschine_wk_waschmaschine_leistung,94.6,2026-05-27T09:35:42.356Z
sensor.shelly_plug_sg3_wk_waschmaschine_wk_waschmaschine_leistung,99.6,2026-05-27T09:35:45.428Z
sensor.shelly_plug_sg3_wk_waschmaschine_wk_waschmaschine_leistung,80.8,2026-05-27T09:35:51.605Z
sensor.shelly_plug_sg3_wk_waschmaschine_wk_waschmaschine_leistung,3.6,2026-05-27T09:35:52.633Z
sensor.shelly_plug_sg3_wk_waschmaschine_wk_waschmaschine_leistung,7.4,2026-05-27T09:35:53.662Z
sensor.shelly_plug_sg3_wk_waschmaschine_wk_waschmaschine_leistung,66.8,2026-05-27T09:35:54.690Z
sensor.shelly_plug_sg3_wk_waschmaschine_wk_waschmaschine_leistung,100.5,2026-05-27T09:35:55.719Z
sensor.shelly_plug_sg3_wk_waschmaschine_wk_waschmaschine_leistung,92.7,2026-05-27T09:35:57.776Z
sensor.shelly_plug_sg3_wk_waschmaschine_wk_waschmaschine_leistung,99.9,2026-05-27T09:35:58.804Z
sensor.shelly_plug_sg3_wk_waschmaschine_wk_waschmaschine_leistung,101.2,2026-05-27T09:36:00.047Z
sensor.shelly_plug_sg3_wk_waschmaschine_wk_waschmaschine_leistung,93.8,2026-05-27T09:36:04.970Z
sensor.shelly_plug_sg3_wk_waschmaschine_wk_waschmaschine_leistung,87.5,2026-05-27T09:36:07.026Z
sensor.shelly_plug_sg3_wk_waschmaschine_wk_waschmaschine_leistung,71.7,2026-05-27T09:36:08.054Z
sensor.shelly_plug_sg3_wk_waschmaschine_wk_waschmaschine_leistung,47.1,2026-05-27T09:36:09.083Z
sensor.shelly_plug_sg3_wk_waschmaschine_wk_waschmaschine_leistung,31.7,2026-05-27T09:36:10.111Z
sensor.shelly_plug_sg3_wk_waschmaschine_wk_waschmaschine_leistung,44.1,2026-05-27T09:36:13.195Z
sensor.shelly_plug_sg3_wk_waschmaschine_wk_waschmaschine_leistung,73.0,2026-05-27T09:36:14.224Z
sensor.shelly_plug_sg3_wk_waschmaschine_wk_waschmaschine_leistung,78.1,2026-05-27T09:36:15.251Z
sensor.shelly_plug_sg3_wk_waschmaschine_wk_waschmaschine_leistung,87.6,2026-05-27T09:36:16.280Z
sensor.shelly_plug_sg3_wk_waschmaschine_wk_waschmaschine_leistung,93.7,2026-05-27T09:36:18.338Z
sensor.shelly_plug_sg3_wk_waschmaschine_wk_waschmaschine_leistung,87.3,2026-05-27T09:36:19.364Z
sensor.shelly_plug_sg3_wk_waschmaschine_wk_waschmaschine_leistung,102.9,2026-05-27T09:36:21.423Z
sensor.shelly_plug_sg3_wk_waschmaschine_wk_waschmaschine_leistung,92.3,2026-05-27T09:36:22.448Z
sensor.shelly_plug_sg3_wk_waschmaschine_wk_waschmaschine_leistung,22.8,2026-05-27T09:36:25.532Z
sensor.shelly_plug_sg3_wk_waschmaschine_wk_waschmaschine_leistung,3.7,2026-05-27T09:36:26.560Z
sensor.shelly_plug_sg3_wk_waschmaschine_wk_waschmaschine_leistung,47.3,2026-05-27T09:36:28.616Z
sensor.shelly_plug_sg3_wk_waschmaschine_wk_waschmaschine_leistung,111.9,2026-05-27T09:36:29.645Z
sensor.shelly_plug_sg3_wk_waschmaschine_wk_waschmaschine_leistung,103.8,2026-05-27T09:36:37.868Z
sensor.shelly_plug_sg3_wk_waschmaschine_wk_waschmaschine_leistung,79.3,2026-05-27T09:36:39.924Z
sensor.shelly_plug_sg3_wk_waschmaschine_wk_waschmaschine_leistung,68.9,2026-05-27T09:36:40.954Z
sensor.shelly_plug_sg3_wk_waschmaschine_wk_waschmaschine_leistung,61.6,2026-05-27T09:36:41.980Z
sensor.shelly_plug_sg3_wk_waschmaschine_wk_waschmaschine_leistung,58.1,2026-05-27T09:36:43.001Z
sensor.shelly_plug_sg3_wk_waschmaschine_wk_waschmaschine_leistung,38.1,2026-05-27T09:36:44.037Z
sensor.shelly_plug_sg3_wk_waschmaschine_wk_waschmaschine_leistung,41.4,2026-05-27T09:36:45.056Z
sensor.shelly_plug_sg3_wk_waschmaschine_wk_waschmaschine_leistung,62.3,2026-05-27T09:36:46.093Z
sensor.shelly_plug_sg3_wk_waschmaschine_wk_waschmaschine_leistung,70.9,2026-05-27T09:36:47.123Z
sensor.shelly_plug_sg3_wk_waschmaschine_wk_waschmaschine_leistung,93.6,2026-05-27T09:36:50.207Z
sensor.shelly_plug_sg3_wk_waschmaschine_wk_waschmaschine_leistung,102.3,2026-05-27T09:36:51.234Z
sensor.shelly_plug_sg3_wk_waschmaschine_wk_waschmaschine_leistung,96.4,2026-05-27T09:36:52.262Z
sensor.shelly_plug_sg3_wk_waschmaschine_wk_waschmaschine_leistung,107.5,2026-05-27T09:36:53.292Z
sensor.shelly_plug_sg3_wk_waschmaschine_wk_waschmaschine_leistung,95.8,2026-05-27T09:36:54.319Z
sensor.shelly_plug_sg3_wk_waschmaschine_wk_waschmaschine_leistung,104.5,2026-05-27T09:36:55.347Z
sensor.shelly_plug_sg3_wk_waschmaschine_wk_waschmaschine_leistung,95.4,2026-05-27T09:36:57.403Z
sensor.shelly_plug_sg3_wk_waschmaschine_wk_waschmaschine_leistung,15.0,2026-05-27T09:36:58.431Z
sensor.shelly_plug_sg3_wk_waschmaschine_wk_waschmaschine_leistung,3.7,2026-05-27T09:36:59.462Z
sensor.shelly_plug_sg3_wk_waschmaschine_wk_waschmaschine_leistung,102.6,2026-05-27T09:37:01.516Z
sensor.shelly_plug_sg3_wk_waschmaschine_wk_waschmaschine_leistung,96.4,2026-05-27T09:37:05.628Z
sensor.shelly_plug_sg3_wk_waschmaschine_wk_waschmaschine_leistung,102.2,2026-05-27T09:37:07.684Z
sensor.shelly_plug_sg3_wk_waschmaschine_wk_waschmaschine_leistung,95.4,2026-05-27T09:37:10.768Z
sensor.shelly_plug_sg3_wk_waschmaschine_wk_waschmaschine_leistung,70.4,2026-05-27T09:37:12.824Z
sensor.shelly_plug_sg3_wk_waschmaschine_wk_waschmaschine_leistung,61.9,2026-05-27T09:37:13.852Z
sensor.shelly_plug_sg3_wk_waschmaschine_wk_waschmaschine_leistung,48.2,2026-05-27T09:37:14.880Z
sensor.shelly_plug_sg3_wk_waschmaschine_wk_waschmaschine_leistung,44.4,2026-05-27T09:37:15.899Z
sensor.shelly_plug_sg3_wk_waschmaschine_wk_waschmaschine_leistung,38.4,2026-05-27T09:37:16.938Z
sensor.shelly_plug_sg3_wk_waschmaschine_wk_waschmaschine_leistung,33.5,2026-05-27T09:37:17.955Z
sensor.shelly_plug_sg3_wk_waschmaschine_wk_waschmaschine_leistung,40.8,2026-05-27T09:37:18.984Z
sensor.shelly_plug_sg3_wk_waschmaschine_wk_waschmaschine_leistung,61.5,2026-05-27T09:37:20.020Z
sensor.shelly_plug_sg3_wk_waschmaschine_wk_waschmaschine_leistung,74.5,2026-05-27T09:37:21.049Z
sensor.shelly_plug_sg3_wk_waschmaschine_wk_waschmaschine_leistung,91.2,2026-05-27T09:37:23.111Z
sensor.shelly_plug_sg3_wk_waschmaschine_wk_waschmaschine_leistung,97.5,2026-05-27T09:37:28.245Z
sensor.shelly_plug_sg3_wk_waschmaschine_wk_waschmaschine_leistung,91.6,2026-05-27T09:37:29.274Z
sensor.shelly_plug_sg3_wk_waschmaschine_wk_waschmaschine_leistung,58.1,2026-05-27T09:37:31.330Z
sensor.shelly_plug_sg3_wk_waschmaschine_wk_waschmaschine_leistung,4.9,2026-05-27T09:37:32.359Z
sensor.shelly_plug_sg3_wk_waschmaschine_wk_waschmaschine_leistung,3.6,2026-05-27T09:37:33.378Z
sensor.shelly_plug_sg3_wk_waschmaschine_wk_waschmaschine_leistung,92.3,2026-05-27T09:37:34.414Z
sensor.shelly_plug_sg3_wk_waschmaschine_wk_waschmaschine_leistung,123.9,2026-05-27T09:37:35.444Z
sensor.shelly_plug_sg3_wk_waschmaschine_wk_waschmaschine_leistung,104.4,2026-05-27T09:37:36.477Z
sensor.shelly_plug_sg3_wk_waschmaschine_wk_waschmaschine_leistung,113.9,2026-05-27T09:37:37.502Z
sensor.shelly_plug_sg3_wk_waschmaschine_wk_waschmaschine_leistung,105.1,2026-05-27T09:37:40.582Z
sensor.shelly_plug_sg3_wk_waschmaschine_wk_waschmaschine_leistung,112.1,2026-05-27T09:37:43.666Z
sensor.shelly_plug_sg3_wk_waschmaschine_wk_waschmaschine_leistung,77.7,2026-05-27T09:37:45.722Z
sensor.shelly_plug_sg3_wk_waschmaschine_wk_waschmaschine_leistung,63.1,2026-05-27T09:37:46.752Z
sensor.shelly_plug_sg3_wk_waschmaschine_wk_waschmaschine_leistung,84.9,2026-05-27T09:37:47.779Z
sensor.shelly_plug_sg3_wk_waschmaschine_wk_waschmaschine_leistung,42.4,2026-05-27T09:37:48.806Z
sensor.shelly_plug_sg3_wk_waschmaschine_wk_waschmaschine_leistung,56.3,2026-05-27T09:37:50.865Z
sensor.shelly_plug_sg3_wk_waschmaschine_wk_waschmaschine_leistung,77.9,2026-05-27T09:37:52.921Z
sensor.shelly_plug_sg3_wk_waschmaschine_wk_waschmaschine_leistung,73.3,2026-05-27T09:37:53.938Z
sensor.shelly_plug_sg3_wk_waschmaschine_wk_waschmaschine_leistung,77.4,2026-05-27T09:37:54.966Z
sensor.shelly_plug_sg3_wk_waschmaschine_wk_waschmaschine_leistung,96.2,2026-05-27T09:37:56.004Z
sensor.shelly_plug_sg3_wk_waschmaschine_wk_waschmaschine_leistung,102.1,2026-05-27T09:37:58.062Z
sensor.shelly_plug_sg3_wk_waschmaschine_wk_waschmaschine_leistung,99.5,2026-05-27T09:38:00.048Z
sensor.shelly_plug_sg3_wk_waschmaschine_wk_waschmaschine_leistung,62.3,2026-05-27T09:38:04.235Z
sensor.shelly_plug_sg3_wk_waschmaschine_wk_waschmaschine_leistung,4.0,2026-05-27T09:38:05.256Z
sensor.shelly_plug_sg3_wk_waschmaschine_wk_waschmaschine_leistung,80.9,2026-05-27T09:38:07.311Z
sensor.shelly_plug_sg3_wk_waschmaschine_wk_waschmaschine_leistung,101.8,2026-05-27T09:38:08.345Z
sensor.shelly_plug_sg3_wk_waschmaschine_wk_waschmaschine_leistung,109.0,2026-05-27T09:38:12.451Z
sensor.shelly_plug_sg3_wk_waschmaschine_wk_waschmaschine_leistung,95.3,2026-05-27T09:38:15.536Z
sensor.shelly_plug_sg3_wk_waschmaschine_wk_waschmaschine_leistung,101.5,2026-05-27T09:38:16.562Z
sensor.shelly_plug_sg3_wk_waschmaschine_wk_waschmaschine_leistung,90.2,2026-05-27T09:38:17.590Z
sensor.shelly_plug_sg3_wk_waschmaschine_wk_waschmaschine_leistung,85.3,2026-05-27T09:38:18.610Z
sensor.shelly_plug_sg3_wk_waschmaschine_wk_waschmaschine_leistung,65.9,2026-05-27T09:38:19.646Z
sensor.shelly_plug_sg3_wk_waschmaschine_wk_waschmaschine_leistung,60.4,2026-05-27T09:38:20.678Z
sensor.shelly_plug_sg3_wk_waschmaschine_wk_waschmaschine_leistung,42.9,2026-05-27T09:38:21.703Z
sensor.shelly_plug_sg3_wk_waschmaschine_wk_waschmaschine_leistung,45.6,2026-05-27T09:38:22.722Z
sensor.shelly_plug_sg3_wk_waschmaschine_wk_waschmaschine_leistung,43.3,2026-05-27T09:38:23.750Z
sensor.shelly_plug_sg3_wk_waschmaschine_wk_waschmaschine_leistung,50.4,2026-05-27T09:38:24.787Z
sensor.shelly_plug_sg3_wk_waschmaschine_wk_waschmaschine_leistung,43.1,2026-05-27T09:38:25.815Z
sensor.shelly_plug_sg3_wk_waschmaschine_wk_waschmaschine_leistung,51.2,2026-05-27T09:38:26.844Z
sensor.shelly_plug_sg3_wk_waschmaschine_wk_waschmaschine_leistung,66.2,2026-05-27T09:38:27.874Z
sensor.shelly_plug_sg3_wk_waschmaschine_wk_waschmaschine_leistung,87.6,2026-05-27T09:38:28.900Z
sensor.shelly_plug_sg3_wk_waschmaschine_wk_waschmaschine_leistung,95.2,2026-05-27T09:38:33.004Z
sensor.shelly_plug_sg3_wk_waschmaschine_wk_waschmaschine_leistung,89.5,2026-05-27T09:38:35.068Z
sensor.shelly_plug_sg3_wk_waschmaschine_wk_waschmaschine_leistung,96.1,2026-05-27T09:38:36.097Z
sensor.shelly_plug_sg3_wk_waschmaschine_wk_waschmaschine_leistung,84.7,2026-05-27T09:38:37.125Z
sensor.shelly_plug_sg3_wk_waschmaschine_wk_waschmaschine_leistung,21.3,2026-05-27T09:38:38.153Z
sensor.shelly_plug_sg3_wk_waschmaschine_wk_waschmaschine_leistung,4.1,2026-05-27T09:38:39.182Z
sensor.shelly_plug_sg3_wk_waschmaschine_wk_waschmaschine_leistung,53.1,2026-05-27T09:38:40.210Z
sensor.shelly_plug_sg3_wk_waschmaschine_wk_waschmaschine_leistung,121.7,2026-05-27T09:38:41.238Z
sensor.shelly_plug_sg3_wk_waschmaschine_wk_waschmaschine_leistung,108.6,2026-05-27T09:38:42.267Z
sensor.shelly_plug_sg3_wk_waschmaschine_wk_waschmaschine_leistung,114.3,2026-05-27T09:38:45.343Z
sensor.shelly_plug_sg3_wk_waschmaschine_wk_waschmaschine_leistung,106.6,2026-05-27T09:38:48.435Z
sensor.shelly_plug_sg3_wk_waschmaschine_wk_waschmaschine_leistung,99.0,2026-05-27T09:38:50.491Z
sensor.shelly_plug_sg3_wk_waschmaschine_wk_waschmaschine_leistung,72.6,2026-05-27T09:38:52.547Z
sensor.shelly_plug_sg3_wk_waschmaschine_wk_waschmaschine_leistung,52.4,2026-05-27T09:38:53.577Z
sensor.shelly_plug_sg3_wk_waschmaschine_wk_waschmaschine_leistung,71.3,2026-05-27T09:38:54.617Z
sensor.shelly_plug_sg3_wk_waschmaschine_wk_waschmaschine_leistung,43.4,2026-05-27T09:38:55.633Z
sensor.shelly_plug_sg3_wk_waschmaschine_wk_waschmaschine_leistung,46.4,2026-05-27T09:38:57.679Z
sensor.shelly_plug_sg3_wk_waschmaschine_wk_waschmaschine_leistung,50.3,2026-05-27T09:38:58.716Z
sensor.shelly_plug_sg3_wk_waschmaschine_wk_waschmaschine_leistung,72.5,2026-05-27T09:38:59.744Z
sensor.shelly_plug_sg3_wk_waschmaschine_wk_waschmaschine_leistung,92.1,2026-05-27T09:39:00.772Z
sensor.shelly_plug_sg3_wk_waschmaschine_wk_waschmaschine_leistung,86.1,2026-05-27T09:39:01.803Z
sensor.shelly_plug_sg3_wk_waschmaschine_wk_waschmaschine_leistung,102.4,2026-05-27T09:39:02.828Z
sensor.shelly_plug_sg3_wk_waschmaschine_wk_waschmaschine_leistung,96.8,2026-05-27T09:39:03.859Z
sensor.shelly_plug_sg3_wk_waschmaschine_wk_waschmaschine_leistung,102.6,2026-05-27T09:39:06.941Z
sensor.shelly_plug_sg3_wk_waschmaschine_wk_waschmaschine_leistung,12.9,2026-05-27T09:39:11.053Z
sensor.shelly_plug_sg3_wk_waschmaschine_wk_waschmaschine_leistung,3.9,2026-05-27T09:39:12.081Z
sensor.shelly_plug_sg3_wk_waschmaschine_wk_waschmaschine_leistung,48.1,2026-05-27T09:39:13.109Z
sensor.shelly_plug_sg3_wk_waschmaschine_wk_waschmaschine_leistung,93.1,2026-05-27T09:39:14.137Z
sensor.shelly_plug_sg3_wk_waschmaschine_wk_waschmaschine_leistung,108.9,2026-05-27T09:39:15.166Z
sensor.shelly_plug_sg3_wk_waschmaschine_wk_waschmaschine_leistung,114.6,2026-05-27T09:39:16.185Z
sensor.shelly_plug_sg3_wk_waschmaschine_wk_waschmaschine_leistung,87.5,2026-05-27T09:39:17.222Z
sensor.shelly_plug_sg3_wk_waschmaschine_wk_waschmaschine_leistung,100.3,2026-05-27T09:39:18.251Z
sensor.shelly_plug_sg3_wk_waschmaschine_wk_waschmaschine_leistung,108.0,2026-05-27T09:39:19.281Z
sensor.shelly_plug_sg3_wk_waschmaschine_wk_waschmaschine_leistung,96.9,2026-05-27T09:39:21.335Z
sensor.shelly_plug_sg3_wk_waschmaschine_wk_waschmaschine_leistung,87.6,2026-05-27T09:39:24.425Z
sensor.shelly_plug_sg3_wk_waschmaschine_wk_waschmaschine_leistung,73.0,2026-05-27T09:39:25.447Z
sensor.shelly_plug_sg3_wk_waschmaschine_wk_waschmaschine_leistung,51.0,2026-05-27T09:39:26.475Z
sensor.shelly_plug_sg3_wk_waschmaschine_wk_waschmaschine_leistung,43.7,2026-05-27T09:39:27.504Z
sensor.shelly_plug_sg3_wk_waschmaschine_wk_waschmaschine_leistung,38.9,2026-05-27T09:39:28.522Z
sensor.shelly_plug_sg3_wk_waschmaschine_wk_waschmaschine_leistung,50.3,2026-05-27T09:39:31.619Z
sensor.shelly_plug_sg3_wk_waschmaschine_wk_waschmaschine_leistung,64.5,2026-05-27T09:39:32.643Z
sensor.shelly_plug_sg3_wk_waschmaschine_wk_waschmaschine_leistung,88.9,2026-05-27T09:39:33.671Z
sensor.shelly_plug_sg3_wk_waschmaschine_wk_waschmaschine_leistung,96.6,2026-05-27T09:39:38.811Z
sensor.shelly_plug_sg3_wk_waschmaschine_wk_waschmaschine_leistung,88.0,2026-05-27T09:39:39.839Z
sensor.shelly_plug_sg3_wk_waschmaschine_wk_waschmaschine_leistung,92.6,2026-05-27T09:39:41.886Z
sensor.shelly_plug_sg3_wk_waschmaschine_wk_waschmaschine_leistung,46.5,2026-05-27T09:39:43.951Z
sensor.shelly_plug_sg3_wk_waschmaschine_wk_waschmaschine_leistung,3.6,2026-05-27T09:39:44.979Z
sensor.shelly_plug_sg3_wk_waschmaschine_wk_waschmaschine_leistung,24.9,2026-05-27T09:39:46.008Z
sensor.shelly_plug_sg3_wk_waschmaschine_wk_waschmaschine_leistung,110.4,2026-05-27T09:39:47.036Z
sensor.shelly_plug_sg3_wk_waschmaschine_wk_waschmaschine_leistung,117.7,2026-05-27T09:39:52.169Z
sensor.shelly_plug_sg3_wk_waschmaschine_wk_waschmaschine_leistung,107.0,2026-05-27T09:39:53.207Z
sensor.shelly_plug_sg3_wk_waschmaschine_wk_waschmaschine_leistung,114.5,2026-05-27T09:39:55.261Z
sensor.shelly_plug_sg3_wk_waschmaschine_wk_waschmaschine_leistung,94.5,2026-05-27T09:39:56.289Z
sensor.shelly_plug_sg3_wk_waschmaschine_wk_waschmaschine_leistung,87.9,2026-05-27T09:39:57.317Z
sensor.shelly_plug_sg3_wk_waschmaschine_wk_waschmaschine_leistung,75.4,2026-05-27T09:39:58.346Z
sensor.shelly_plug_sg3_wk_waschmaschine_wk_waschmaschine_leistung,70.9,2026-05-27T09:39:59.364Z
sensor.shelly_plug_sg3_wk_waschmaschine_wk_waschmaschine_leistung,65.9,2026-05-27T09:40:00.402Z
sensor.shelly_plug_sg3_wk_waschmaschine_wk_waschmaschine_leistung,35.6,2026-05-27T09:40:01.430Z
sensor.shelly_plug_sg3_wk_waschmaschine_wk_waschmaschine_leistung,32.7,2026-05-27T09:40:02.448Z
sensor.shelly_plug_sg3_wk_waschmaschine_wk_waschmaschine_leistung,53.7,2026-05-27T09:40:03.486Z
sensor.shelly_plug_sg3_wk_waschmaschine_wk_waschmaschine_leistung,59.2,2026-05-27T09:40:04.514Z
sensor.shelly_plug_sg3_wk_waschmaschine_wk_waschmaschine_leistung,75.2,2026-05-27T09:40:05.542Z
sensor.shelly_plug_sg3_wk_waschmaschine_wk_waschmaschine_leistung,89.5,2026-05-27T09:40:06.571Z
sensor.shelly_plug_sg3_wk_waschmaschine_wk_waschmaschine_leistung,100.6,2026-05-27T09:40:09.654Z
sensor.shelly_plug_sg3_wk_waschmaschine_wk_waschmaschine_leistung,95.6,2026-05-27T09:40:12.740Z
sensor.shelly_plug_sg3_wk_waschmaschine_wk_waschmaschine_leistung,101.4,2026-05-27T09:40:15.822Z
sensor.shelly_plug_sg3_wk_waschmaschine_wk_waschmaschine_leistung,36.6,2026-05-27T09:40:16.850Z
sensor.shelly_plug_sg3_wk_waschmaschine_wk_waschmaschine_leistung,3.5,2026-05-27T09:40:17.879Z
sensor.shelly_plug_sg3_wk_waschmaschine_wk_waschmaschine_leistung,57.7,2026-05-27T09:40:18.911Z
sensor.shelly_plug_sg3_wk_waschmaschine_wk_waschmaschine_leistung,114.4,2026-05-27T09:40:19.935Z
sensor.shelly_plug_sg3_wk_waschmaschine_wk_waschmaschine_leistung,101.9,2026-05-27T09:40:20.964Z
sensor.shelly_plug_sg3_wk_waschmaschine_wk_waschmaschine_leistung,94.2,2026-05-27T09:40:23.020Z
sensor.shelly_plug_sg3_wk_waschmaschine_wk_waschmaschine_leistung,106.3,2026-05-27T09:40:24.048Z
sensor.shelly_plug_sg3_wk_waschmaschine_wk_waschmaschine_leistung,100.9,2026-05-27T09:40:26.097Z
sensor.shelly_plug_sg3_wk_waschmaschine_wk_waschmaschine_leistung,106.8,2026-05-27T09:40:29.179Z
sensor.shelly_plug_sg3_wk_waschmaschine_wk_waschmaschine_leistung,97.0,2026-05-27T09:40:30.217Z
sensor.shelly_plug_sg3_wk_waschmaschine_wk_waschmaschine_leistung,74.0,2026-05-27T09:40:31.245Z
sensor.shelly_plug_sg3_wk_waschmaschine_wk_waschmaschine_leistung,67.7,2026-05-27T09:40:32.273Z
sensor.shelly_plug_sg3_wk_waschmaschine_wk_waschmaschine_leistung,49.2,2026-05-27T09:40:33.301Z
sensor.shelly_plug_sg3_wk_waschmaschine_wk_waschmaschine_leistung,34.5,2026-05-27T09:40:34.332Z
sensor.shelly_plug_sg3_wk_waschmaschine_wk_waschmaschine_leistung,37.2,2026-05-27T09:40:35.349Z
sensor.shelly_plug_sg3_wk_waschmaschine_wk_waschmaschine_leistung,47.8,2026-05-27T09:40:36.386Z
sensor.shelly_plug_sg3_wk_waschmaschine_wk_waschmaschine_leistung,71.1,2026-05-27T09:40:37.414Z
sensor.shelly_plug_sg3_wk_waschmaschine_wk_waschmaschine_leistung,78.1,2026-05-27T09:40:39.474Z
sensor.shelly_plug_sg3_wk_waschmaschine_wk_waschmaschine_leistung,69.3,2026-05-27T09:40:40.499Z
sensor.shelly_plug_sg3_wk_waschmaschine_wk_waschmaschine_leistung,89.9,2026-05-27T09:40:41.528Z
sensor.shelly_plug_sg3_wk_waschmaschine_wk_waschmaschine_leistung,95.9,2026-05-27T09:40:43.583Z
sensor.shelly_plug_sg3_wk_waschmaschine_wk_waschmaschine_leistung,90.1,2026-05-27T09:40:44.612Z
sensor.shelly_plug_sg3_wk_waschmaschine_wk_waschmaschine_leistung,97.2,2026-05-27T09:40:45.640Z
sensor.shelly_plug_sg3_wk_waschmaschine_wk_waschmaschine_leistung,81.3,2026-05-27T09:40:47.695Z
sensor.shelly_plug_sg3_wk_waschmaschine_wk_waschmaschine_leistung,88.8,2026-05-27T09:40:48.724Z
sensor.shelly_plug_sg3_wk_waschmaschine_wk_waschmaschine_leistung,4.5,2026-05-27T09:40:49.752Z
sensor.shelly_plug_sg3_wk_waschmaschine_wk_waschmaschine_leistung,22.2,2026-05-27T09:40:51.808Z
sensor.shelly_plug_sg3_wk_waschmaschine_wk_waschmaschine_leistung,104.9,2026-05-27T09:40:52.837Z
sensor.shelly_plug_sg3_wk_waschmaschine_wk_waschmaschine_leistung,113.0,2026-05-27T09:40:53.865Z
sensor.shelly_plug_sg3_wk_waschmaschine_wk_waschmaschine_leistung,102.8,2026-05-27T09:40:54.893Z
sensor.shelly_plug_sg3_wk_waschmaschine_wk_waschmaschine_leistung,109.6,2026-05-27T09:40:55.922Z
sensor.shelly_plug_sg3_wk_waschmaschine_wk_waschmaschine_leistung,119.2,2026-05-27T09:40:56.950Z
sensor.shelly_plug_sg3_wk_waschmaschine_wk_waschmaschine_leistung,107.2,2026-05-27T09:40:59.005Z
sensor.shelly_plug_sg3_wk_waschmaschine_wk_waschmaschine_leistung,100.0,2026-05-27T09:41:03.135Z
sensor.shelly_plug_sg3_wk_waschmaschine_wk_waschmaschine_leistung,69.8,2026-05-27T09:41:04.164Z
sensor.shelly_plug_sg3_wk_waschmaschine_wk_waschmaschine_leistung,54.7,2026-05-27T09:41:06.219Z
sensor.shelly_plug_sg3_wk_waschmaschine_wk_waschmaschine_leistung,47.5,2026-05-27T09:41:08.276Z
sensor.shelly_plug_sg3_wk_waschmaschine_wk_waschmaschine_leistung,51.0,2026-05-27T09:41:10.322Z
sensor.shelly_plug_sg3_wk_waschmaschine_wk_waschmaschine_leistung,79.0,2026-05-27T09:41:11.360Z
sensor.shelly_plug_sg3_wk_waschmaschine_wk_waschmaschine_leistung,93.0,2026-05-27T09:41:12.388Z
sensor.shelly_plug_sg3_wk_waschmaschine_wk_waschmaschine_leistung,99.0,2026-05-27T09:41:13.416Z
sensor.shelly_plug_sg3_wk_waschmaschine_wk_waschmaschine_leistung,107.0,2026-05-27T09:41:17.528Z
sensor.shelly_plug_sg3_wk_waschmaschine_wk_waschmaschine_leistung,99.4,2026-05-27T09:41:19.584Z
sensor.shelly_plug_sg3_wk_waschmaschine_wk_waschmaschine_leistung,3.7,2026-05-27T09:41:22.668Z
sensor.shelly_plug_sg3_wk_waschmaschine_wk_waschmaschine_leistung,28.8,2026-05-27T09:41:24.725Z
sensor.shelly_plug_sg3_wk_waschmaschine_wk_waschmaschine_leistung,93.3,2026-05-27T09:41:25.753Z
sensor.shelly_plug_sg3_wk_waschmaschine_wk_waschmaschine_leistung,102.5,2026-05-27T09:41:27.809Z
sensor.shelly_plug_sg3_wk_waschmaschine_wk_waschmaschine_leistung,109.2,2026-05-27T09:41:30.893Z
sensor.shelly_plug_sg3_wk_waschmaschine_wk_waschmaschine_leistung,100.1,2026-05-27T09:41:32.949Z
sensor.shelly_plug_sg3_wk_waschmaschine_wk_waschmaschine_leistung,92.8,2026-05-27T09:41:35.007Z
sensor.shelly_plug_sg3_wk_waschmaschine_wk_waschmaschine_leistung,85.6,2026-05-27T09:41:36.035Z
sensor.shelly_plug_sg3_wk_waschmaschine_wk_waschmaschine_leistung,61.2,2026-05-27T09:41:37.062Z
sensor.shelly_plug_sg3_wk_waschmaschine_wk_waschmaschine_leistung,53.5,2026-05-27T09:41:38.090Z
sensor.shelly_plug_sg3_wk_waschmaschine_wk_waschmaschine_leistung,46.4,2026-05-27T09:41:39.118Z
sensor.shelly_plug_sg3_wk_waschmaschine_wk_waschmaschine_leistung,35.4,2026-05-27T09:41:40.147Z
sensor.shelly_plug_sg3_wk_waschmaschine_wk_waschmaschine_leistung,32.5,2026-05-27T09:41:41.167Z
sensor.shelly_plug_sg3_wk_waschmaschine_wk_waschmaschine_leistung,42.6,2026-05-27T09:41:42.202Z
sensor.shelly_plug_sg3_wk_waschmaschine_wk_waschmaschine_leistung,69.4,2026-05-27T09:41:43.231Z
sensor.shelly_plug_sg3_wk_waschmaschine_wk_waschmaschine_leistung,77.7,2026-05-27T09:41:45.287Z
sensor.shelly_plug_sg3_wk_waschmaschine_wk_waschmaschine_leistung,84.9,2026-05-27T09:41:46.315Z
sensor.shelly_plug_sg3_wk_waschmaschine_wk_waschmaschine_leistung,92.2,2026-05-27T09:41:50.428Z
sensor.shelly_plug_sg3_wk_waschmaschine_wk_waschmaschine_leistung,86.8,2026-05-27T09:41:51.446Z
sensor.shelly_plug_sg3_wk_waschmaschine_wk_waschmaschine_leistung,3.7,2026-05-27T09:41:55.568Z
sensor.shelly_plug_sg3_wk_waschmaschine_wk_waschmaschine_leistung,36.8,2026-05-27T09:41:57.626Z
sensor.shelly_plug_sg3_wk_waschmaschine_wk_waschmaschine_leistung,117.1,2026-05-27T09:41:58.651Z
sensor.shelly_plug_sg3_wk_waschmaschine_wk_waschmaschine_leistung,108.8,2026-05-27T09:41:59.679Z
sensor.shelly_plug_sg3_wk_waschmaschine_wk_waschmaschine_leistung,118.6,2026-05-27T09:42:01.737Z
sensor.shelly_plug_sg3_wk_waschmaschine_wk_waschmaschine_leistung,111.3,2026-05-27T09:42:04.819Z
sensor.shelly_plug_sg3_wk_waschmaschine_wk_waschmaschine_leistung,99.5,2026-05-27T09:42:05.847Z
sensor.shelly_plug_sg3_wk_waschmaschine_wk_waschmaschine_leistung,87.0,2026-05-27T09:42:08.933Z
sensor.shelly_plug_sg3_wk_waschmaschine_wk_waschmaschine_leistung,79.8,2026-05-27T09:42:09.959Z
sensor.shelly_plug_sg3_wk_waschmaschine_wk_waschmaschine_leistung,54.4,2026-05-27T09:42:10.988Z
sensor.shelly_plug_sg3_wk_waschmaschine_wk_waschmaschine_leistung,46.5,2026-05-27T09:42:13.043Z
sensor.shelly_plug_sg3_wk_waschmaschine_wk_waschmaschine_leistung,49.5,2026-05-27T09:42:14.062Z
sensor.shelly_plug_sg3_wk_waschmaschine_wk_waschmaschine_leistung,73.5,2026-05-27T09:42:15.100Z
sensor.shelly_plug_sg3_wk_waschmaschine_wk_waschmaschine_leistung,65.5,2026-05-27T09:42:16.128Z
sensor.shelly_plug_sg3_wk_waschmaschine_wk_waschmaschine_leistung,84.9,2026-05-27T09:42:17.159Z
sensor.shelly_plug_sg3_wk_waschmaschine_wk_waschmaschine_leistung,72.1,2026-05-27T09:42:18.186Z
sensor.shelly_plug_sg3_wk_waschmaschine_wk_waschmaschine_leistung,96.2,2026-05-27T09:42:19.214Z
sensor.shelly_plug_sg3_wk_waschmaschine_wk_waschmaschine_leistung,103.3,2026-05-27T09:42:20.241Z
sensor.shelly_plug_sg3_wk_waschmaschine_wk_waschmaschine_leistung,96.2,2026-05-27T09:42:23.328Z
sensor.shelly_plug_sg3_wk_waschmaschine_wk_waschmaschine_leistung,104.2,2026-05-27T09:42:24.354Z
sensor.shelly_plug_sg3_wk_waschmaschine_wk_waschmaschine_leistung,97.4,2026-05-27T09:42:25.384Z
sensor.shelly_plug_sg3_wk_waschmaschine_wk_waschmaschine_leistung,24.1,2026-05-27T09:42:27.430Z
sensor.shelly_plug_sg3_wk_waschmaschine_wk_waschmaschine_leistung,3.7,2026-05-27T09:42:28.466Z
sensor.shelly_plug_sg3_wk_waschmaschine_wk_waschmaschine_leistung,42.1,2026-05-27T09:42:30.527Z
sensor.shelly_plug_sg3_wk_waschmaschine_wk_waschmaschine_leistung,89.9,2026-05-27T09:42:31.551Z
sensor.shelly_plug_sg3_wk_waschmaschine_wk_waschmaschine_leistung,96.0,2026-05-27T09:42:32.579Z
sensor.shelly_plug_sg3_wk_waschmaschine_wk_waschmaschine_leistung,101.2,2026-05-27T09:42:33.598Z
sensor.shelly_plug_sg3_wk_waschmaschine_wk_waschmaschine_leistung,107.8,2026-05-27T09:42:36.682Z
sensor.shelly_plug_sg3_wk_waschmaschine_wk_waschmaschine_leistung,96.8,2026-05-27T09:42:38.747Z
sensor.shelly_plug_sg3_wk_waschmaschine_wk_waschmaschine_leistung,101.7,2026-05-27T09:42:40.794Z
sensor.shelly_plug_sg3_wk_waschmaschine_wk_waschmaschine_leistung,79.3,2026-05-27T09:42:41.831Z
sensor.shelly_plug_sg3_wk_waschmaschine_wk_waschmaschine_leistung,65.4,2026-05-27T09:42:43.887Z
sensor.shelly_plug_sg3_wk_waschmaschine_wk_waschmaschine_leistung,53.3,2026-05-27T09:42:45.944Z
sensor.shelly_plug_sg3_wk_waschmaschine_wk_waschmaschine_leistung,37.7,2026-05-27T09:42:46.972Z
sensor.shelly_plug_sg3_wk_waschmaschine_wk_waschmaschine_leistung,35.8,2026-05-27T09:42:47.991Z
sensor.shelly_plug_sg3_wk_waschmaschine_wk_waschmaschine_leistung,38.6,2026-05-27T09:42:49.022Z
sensor.shelly_plug_sg3_wk_waschmaschine_wk_waschmaschine_leistung,71.3,2026-05-27T09:42:50.078Z
sensor.shelly_plug_sg3_wk_waschmaschine_wk_waschmaschine_leistung,66.7,2026-05-27T09:42:51.076Z
sensor.shelly_plug_sg3_wk_waschmaschine_wk_waschmaschine_leistung,81.5,2026-05-27T09:42:52.113Z
sensor.shelly_plug_sg3_wk_waschmaschine_wk_waschmaschine_leistung,99.9,2026-05-27T09:42:54.169Z
sensor.shelly_plug_sg3_wk_waschmaschine_wk_waschmaschine_leistung,91.3,2026-05-27T09:42:55.197Z
sensor.shelly_plug_sg3_wk_waschmaschine_wk_waschmaschine_leistung,92.1,2026-05-27T09:43:00.026Z
sensor.shelly_plug_sg3_wk_waschmaschine_wk_waschmaschine_leistung,55.2,2026-05-27T09:43:01.365Z
sensor.shelly_plug_sg3_wk_waschmaschine_wk_waschmaschine_leistung,4.8,2026-05-27T09:43:02.393Z
sensor.shelly_plug_sg3_wk_waschmaschine_wk_waschmaschine_leistung,3.7,2026-05-27T09:43:03.414Z
sensor.shelly_plug_sg3_wk_waschmaschine_wk_waschmaschine_leistung,105.8,2026-05-27T09:43:04.453Z
sensor.shelly_plug_sg3_wk_waschmaschine_wk_waschmaschine_leistung,114.9,2026-05-27T09:43:05.478Z
sensor.shelly_plug_sg3_wk_waschmaschine_wk_waschmaschine_leistung,85.2,2026-05-27T09:43:13.702Z
sensor.shelly_plug_sg3_wk_waschmaschine_wk_waschmaschine_leistung,91.8,2026-05-27T09:43:14.730Z
sensor.shelly_plug_sg3_wk_waschmaschine_wk_waschmaschine_leistung,86.0,2026-05-27T09:43:15.758Z
sensor.shelly_plug_sg3_wk_waschmaschine_wk_waschmaschine_leistung,75.8,2026-05-27T09:43:16.787Z
sensor.shelly_plug_sg3_wk_waschmaschine_wk_waschmaschine_leistung,50.4,2026-05-27T09:43:17.815Z
sensor.shelly_plug_sg3_wk_waschmaschine_wk_waschmaschine_leistung,47.1,2026-05-27T09:43:20.892Z
sensor.shelly_plug_sg3_wk_waschmaschine_wk_waschmaschine_leistung,50.0,2026-05-27T09:43:21.920Z
sensor.shelly_plug_sg3_wk_waschmaschine_wk_waschmaschine_leistung,70.6,2026-05-27T09:43:22.957Z
sensor.shelly_plug_sg3_wk_waschmaschine_wk_waschmaschine_leistung,82.3,2026-05-27T09:43:25.011Z
sensor.shelly_plug_sg3_wk_waschmaschine_wk_waschmaschine_leistung,99.9,2026-05-27T09:43:26.040Z
sensor.shelly_plug_sg3_wk_waschmaschine_wk_waschmaschine_leistung,107.0,2026-05-27T09:43:33.237Z
sensor.shelly_plug_sg3_wk_waschmaschine_wk_waschmaschine_leistung,57.8,2026-05-27T09:43:34.267Z
sensor.shelly_plug_sg3_wk_waschmaschine_wk_waschmaschine_leistung,4.0,2026-05-27T09:43:35.293Z
sensor.shelly_plug_sg3_wk_waschmaschine_wk_waschmaschine_leistung,21.9,2026-05-27T09:43:36.323Z
sensor.shelly_plug_sg3_wk_waschmaschine_wk_waschmaschine_leistung,87.5,2026-05-27T09:43:37.349Z
sensor.shelly_plug_sg3_wk_waschmaschine_wk_waschmaschine_leistung,107.6,2026-05-27T09:43:38.378Z
sensor.shelly_plug_sg3_wk_waschmaschine_wk_waschmaschine_leistung,97.2,2026-05-27T09:43:41.461Z
sensor.shelly_plug_sg3_wk_waschmaschine_wk_waschmaschine_leistung,102.3,2026-05-27T09:43:42.480Z
sensor.shelly_plug_sg3_wk_waschmaschine_wk_waschmaschine_leistung,85.6,2026-05-27T09:43:47.629Z
sensor.shelly_plug_sg3_wk_waschmaschine_wk_waschmaschine_leistung,67.2,2026-05-27T09:43:49.685Z
sensor.shelly_plug_sg3_wk_waschmaschine_wk_waschmaschine_leistung,55.9,2026-05-27T09:43:50.714Z
sensor.shelly_plug_sg3_wk_waschmaschine_wk_waschmaschine_leistung,31.2,2026-05-27T09:43:51.767Z
sensor.shelly_plug_sg3_wk_waschmaschine_wk_waschmaschine_leistung,26.9,2026-05-27T09:43:52.770Z
sensor.shelly_plug_sg3_wk_waschmaschine_wk_waschmaschine_leistung,43.8,2026-05-27T09:43:54.829Z
sensor.shelly_plug_sg3_wk_waschmaschine_wk_waschmaschine_leistung,79.7,2026-05-27T09:43:55.854Z
sensor.shelly_plug_sg3_wk_waschmaschine_wk_waschmaschine_leistung,89.3,2026-05-27T09:43:56.884Z
sensor.shelly_plug_sg3_wk_waschmaschine_wk_waschmaschine_leistung,80.0,2026-05-27T09:43:57.911Z
sensor.shelly_plug_sg3_wk_waschmaschine_wk_waschmaschine_leistung,85.0,2026-05-27T09:43:58.939Z
sensor.shelly_plug_sg3_wk_waschmaschine_wk_waschmaschine_leistung,82.7,2026-05-27T09:44:00.024Z
sensor.shelly_plug_sg3_wk_waschmaschine_wk_waschmaschine_leistung,92.6,2026-05-27T09:44:00.995Z
sensor.shelly_plug_sg3_wk_waschmaschine_wk_waschmaschine_leistung,97.3,2026-05-27T09:44:03.042Z
sensor.shelly_plug_sg3_wk_waschmaschine_wk_waschmaschine_leistung,86.8,2026-05-27T09:44:04.078Z
sensor.shelly_plug_sg3_wk_waschmaschine_wk_waschmaschine_leistung,97.9,2026-05-27T09:44:05.107Z
sensor.shelly_plug_sg3_wk_waschmaschine_wk_waschmaschine_leistung,82.4,2026-05-27T09:44:07.167Z
sensor.shelly_plug_sg3_wk_waschmaschine_wk_waschmaschine_leistung,10.9,2026-05-27T09:44:08.191Z
sensor.shelly_plug_sg3_wk_waschmaschine_wk_waschmaschine_leistung,4.1,2026-05-27T09:44:09.219Z
sensor.shelly_plug_sg3_wk_waschmaschine_wk_waschmaschine_leistung,64.7,2026-05-27T09:44:10.247Z
sensor.shelly_plug_sg3_wk_waschmaschine_wk_waschmaschine_leistung,126.0,2026-05-27T09:44:11.277Z
sensor.shelly_plug_sg3_wk_waschmaschine_wk_waschmaschine_leistung,112.7,2026-05-27T09:44:12.304Z
sensor.shelly_plug_sg3_wk_waschmaschine_wk_waschmaschine_leistung,106.5,2026-05-27T09:44:13.335Z
sensor.shelly_plug_sg3_wk_waschmaschine_wk_waschmaschine_leistung,118.3,2026-05-27T09:44:15.389Z
sensor.shelly_plug_sg3_wk_waschmaschine_wk_waschmaschine_leistung,89.6,2026-05-27T09:44:20.529Z
sensor.shelly_plug_sg3_wk_waschmaschine_wk_waschmaschine_leistung,97.7,2026-05-27T09:44:21.556Z
sensor.shelly_plug_sg3_wk_waschmaschine_wk_waschmaschine_leistung,81.7,2026-05-27T09:44:22.584Z
sensor.shelly_plug_sg3_wk_waschmaschine_wk_waschmaschine_leistung,63.5,2026-05-27T09:44:23.612Z
sensor.shelly_plug_sg3_wk_waschmaschine_wk_waschmaschine_leistung,49.2,2026-05-27T09:44:24.643Z
sensor.shelly_plug_sg3_wk_waschmaschine_wk_waschmaschine_leistung,33.1,2026-05-27T09:44:25.670Z
sensor.shelly_plug_sg3_wk_waschmaschine_wk_waschmaschine_leistung,38.7,2026-05-27T09:44:26.699Z
sensor.shelly_plug_sg3_wk_waschmaschine_wk_waschmaschine_leistung,67.7,2026-05-27T09:44:27.726Z
sensor.shelly_plug_sg3_wk_waschmaschine_wk_waschmaschine_leistung,79.9,2026-05-27T09:44:29.784Z
sensor.shelly_plug_sg3_wk_waschmaschine_wk_waschmaschine_leistung,87.1,2026-05-27T09:44:30.810Z
sensor.shelly_plug_sg3_wk_waschmaschine_wk_waschmaschine_leistung,91.8,2026-05-27T09:44:31.830Z
sensor.shelly_plug_sg3_wk_waschmaschine_wk_waschmaschine_leistung,98.8,2026-05-27T09:44:34.914Z
sensor.shelly_plug_sg3_wk_waschmaschine_wk_waschmaschine_leistung,104.4,2026-05-27T09:44:35.955Z
sensor.shelly_plug_sg3_wk_waschmaschine_wk_waschmaschine_leistung,92.0,2026-05-27T09:44:39.034Z
sensor.shelly_plug_sg3_wk_waschmaschine_wk_waschmaschine_leistung,98.0,2026-05-27T09:44:40.063Z
sensor.shelly_plug_sg3_wk_waschmaschine_wk_waschmaschine_leistung,8.0,2026-05-27T09:44:41.093Z
sensor.shelly_plug_sg3_wk_waschmaschine_wk_waschmaschine_leistung,5.4,2026-05-27T09:44:42.119Z
sensor.shelly_plug_sg3_wk_waschmaschine_wk_waschmaschine_leistung,52.7,2026-05-27T09:44:43.147Z
sensor.shelly_plug_sg3_wk_waschmaschine_wk_waschmaschine_leistung,101.4,2026-05-27T09:44:44.175Z
sensor.shelly_plug_sg3_wk_waschmaschine_wk_waschmaschine_leistung,96.0,2026-05-27T09:44:45.204Z
sensor.shelly_plug_sg3_wk_waschmaschine_wk_waschmaschine_leistung,102.0,2026-05-27T09:44:46.234Z
sensor.shelly_plug_sg3_wk_waschmaschine_wk_waschmaschine_leistung,92.3,2026-05-27T09:44:52.403Z
sensor.shelly_plug_sg3_wk_waschmaschine_wk_waschmaschine_leistung,85.8,2026-05-27T09:44:54.456Z
sensor.shelly_plug_sg3_wk_waschmaschine_wk_waschmaschine_leistung,74.4,2026-05-27T09:44:55.485Z
sensor.shelly_plug_sg3_wk_waschmaschine_wk_waschmaschine_leistung,63.6,2026-05-27T09:44:56.512Z
sensor.shelly_plug_sg3_wk_waschmaschine_wk_waschmaschine_leistung,57.2,2026-05-27T09:44:58.568Z
sensor.shelly_plug_sg3_wk_waschmaschine_wk_waschmaschine_leistung,40.9,2026-05-27T09:44:59.596Z
sensor.shelly_plug_sg3_wk_waschmaschine_wk_waschmaschine_leistung,37.6,2026-05-27T09:45:00.624Z
sensor.shelly_plug_sg3_wk_waschmaschine_wk_waschmaschine_leistung,63.2,2026-05-27T09:45:02.684Z
sensor.shelly_plug_sg3_wk_waschmaschine_wk_waschmaschine_leistung,90.1,2026-05-27T09:45:03.708Z
sensor.shelly_plug_sg3_wk_waschmaschine_wk_waschmaschine_leistung,84.4,2026-05-27T09:45:05.765Z
sensor.shelly_plug_sg3_wk_waschmaschine_wk_waschmaschine_leistung,92.2,2026-05-27T09:45:06.811Z
sensor.shelly_plug_sg3_wk_waschmaschine_wk_waschmaschine_leistung,99.1,2026-05-27T09:45:08.849Z
sensor.shelly_plug_sg3_wk_waschmaschine_wk_waschmaschine_leistung,89.4,2026-05-27T09:45:09.896Z
sensor.shelly_plug_sg3_wk_waschmaschine_wk_waschmaschine_leistung,47.8,2026-05-27T09:45:13.989Z
sensor.shelly_plug_sg3_wk_waschmaschine_wk_waschmaschine_leistung,3.6,2026-05-27T09:45:15.017Z
sensor.shelly_plug_sg3_wk_waschmaschine_wk_waschmaschine_leistung,26.0,2026-05-27T09:45:16.046Z
sensor.shelly_plug_sg3_wk_waschmaschine_wk_waschmaschine_leistung,107.2,2026-05-27T09:45:17.074Z
sensor.shelly_plug_sg3_wk_waschmaschine_wk_waschmaschine_leistung,115.3,2026-05-27T09:45:23.241Z
sensor.shelly_plug_sg3_wk_waschmaschine_wk_waschmaschine_leistung,102.0,2026-05-27T09:45:25.297Z
sensor.shelly_plug_sg3_wk_waschmaschine_wk_waschmaschine_leistung,89.7,2026-05-27T09:45:27.353Z
sensor.shelly_plug_sg3_wk_waschmaschine_wk_waschmaschine_leistung,95.2,2026-05-27T09:45:28.381Z
sensor.shelly_plug_sg3_wk_waschmaschine_wk_waschmaschine_leistung,53.0,2026-05-27T09:45:29.409Z
sensor.shelly_plug_sg3_wk_waschmaschine_wk_waschmaschine_leistung,57.3,2026-05-27T09:45:30.428Z
sensor.shelly_plug_sg3_wk_waschmaschine_wk_waschmaschine_leistung,34.5,2026-05-27T09:45:32.493Z
sensor.shelly_plug_sg3_wk_waschmaschine_wk_waschmaschine_leistung,42.2,2026-05-27T09:45:33.524Z
sensor.shelly_plug_sg3_wk_waschmaschine_wk_waschmaschine_leistung,68.5,2026-05-27T09:45:34.583Z
sensor.shelly_plug_sg3_wk_waschmaschine_wk_waschmaschine_leistung,82.1,2026-05-27T09:45:35.579Z
sensor.shelly_plug_sg3_wk_waschmaschine_wk_waschmaschine_leistung,89.6,2026-05-27T09:45:36.607Z
sensor.shelly_plug_sg3_wk_waschmaschine_wk_waschmaschine_leistung,94.4,2026-05-27T09:45:37.626Z
sensor.shelly_plug_sg3_wk_waschmaschine_wk_waschmaschine_leistung,108.3,2026-05-27T09:45:40.719Z
sensor.shelly_plug_sg3_wk_waschmaschine_wk_waschmaschine_leistung,96.4,2026-05-27T09:45:42.776Z
sensor.shelly_plug_sg3_wk_waschmaschine_wk_waschmaschine_leistung,102.8,2026-05-27T09:45:44.832Z
sensor.shelly_plug_sg3_wk_waschmaschine_wk_waschmaschine_leistung,4.6,2026-05-27T09:45:46.889Z
sensor.shelly_plug_sg3_wk_waschmaschine_wk_waschmaschine_leistung,10.6,2026-05-27T09:45:48.946Z
sensor.shelly_plug_sg3_wk_waschmaschine_wk_waschmaschine_leistung,74.1,2026-05-27T09:45:49.972Z
sensor.shelly_plug_sg3_wk_waschmaschine_wk_waschmaschine_leistung,103.8,2026-05-27T09:45:51.001Z
sensor.shelly_plug_sg3_wk_waschmaschine_wk_waschmaschine_leistung,98.4,2026-05-27T09:45:52.020Z
sensor.shelly_plug_sg3_wk_waschmaschine_wk_waschmaschine_leistung,105.1,2026-05-27T09:45:53.048Z
sensor.shelly_plug_sg3_wk_waschmaschine_wk_waschmaschine_leistung,93.8,2026-05-27T09:45:57.168Z
sensor.shelly_plug_sg3_wk_waschmaschine_wk_waschmaschine_leistung,104.1,2026-05-27T09:45:58.197Z
sensor.shelly_plug_sg3_wk_waschmaschine_wk_waschmaschine_leistung,96.7,2026-05-27T09:45:59.225Z
sensor.shelly_plug_sg3_wk_waschmaschine_wk_waschmaschine_leistung,79.8,2026-05-27T09:46:01.281Z
sensor.shelly_plug_sg3_wk_waschmaschine_wk_waschmaschine_leistung,62.0,2026-05-27T09:46:02.310Z
sensor.shelly_plug_sg3_wk_waschmaschine_wk_waschmaschine_leistung,48.1,2026-05-27T09:46:03.338Z
sensor.shelly_plug_sg3_wk_waschmaschine_wk_waschmaschine_leistung,42.5,2026-05-27T09:46:04.356Z
sensor.shelly_plug_sg3_wk_waschmaschine_wk_waschmaschine_leistung,46.3,2026-05-27T09:46:07.445Z
sensor.shelly_plug_sg3_wk_waschmaschine_wk_waschmaschine_leistung,82.4,2026-05-27T09:46:08.478Z
sensor.shelly_plug_sg3_wk_waschmaschine_wk_waschmaschine_leistung,75.4,2026-05-27T09:46:09.507Z
sensor.shelly_plug_sg3_wk_waschmaschine_wk_waschmaschine_leistung,91.2,2026-05-27T09:46:10.537Z
sensor.shelly_plug_sg3_wk_waschmaschine_wk_waschmaschine_leistung,85.8,2026-05-27T09:46:13.621Z
sensor.shelly_plug_sg3_wk_waschmaschine_wk_waschmaschine_leistung,93.1,2026-05-27T09:46:15.674Z
sensor.shelly_plug_sg3_wk_waschmaschine_wk_waschmaschine_leistung,25.5,2026-05-27T09:46:19.786Z
sensor.shelly_plug_sg3_wk_waschmaschine_wk_waschmaschine_leistung,4.1,2026-05-27T09:46:20.815Z
sensor.shelly_plug_sg3_wk_waschmaschine_wk_waschmaschine_leistung,44.6,2026-05-27T09:46:22.870Z
sensor.shelly_plug_sg3_wk_waschmaschine_wk_waschmaschine_leistung,111.9,2026-05-27T09:46:23.899Z
sensor.shelly_plug_sg3_wk_waschmaschine_wk_waschmaschine_leistung,97.9,2026-05-27T09:46:33.150Z
sensor.shelly_plug_sg3_wk_waschmaschine_wk_waschmaschine_leistung,78.3,2026-05-27T09:46:34.178Z
sensor.shelly_plug_sg3_wk_waschmaschine_wk_waschmaschine_leistung,57.9,2026-05-27T09:46:36.234Z
sensor.shelly_plug_sg3_wk_waschmaschine_wk_waschmaschine_leistung,42.1,2026-05-27T09:46:37.264Z
sensor.shelly_plug_sg3_wk_waschmaschine_wk_waschmaschine_leistung,39.8,2026-05-27T09:46:38.282Z
sensor.shelly_plug_sg3_wk_waschmaschine_wk_waschmaschine_leistung,45.5,2026-05-27T09:46:39.319Z
sensor.shelly_plug_sg3_wk_waschmaschine_wk_waschmaschine_leistung,58.8,2026-05-27T09:46:40.347Z
sensor.shelly_plug_sg3_wk_waschmaschine_wk_waschmaschine_leistung,76.1,2026-05-27T09:46:41.375Z
sensor.shelly_plug_sg3_wk_waschmaschine_wk_waschmaschine_leistung,85.1,2026-05-27T09:46:42.403Z
sensor.shelly_plug_sg3_wk_waschmaschine_wk_waschmaschine_leistung,98.4,2026-05-27T09:46:44.460Z
sensor.shelly_plug_sg3_wk_waschmaschine_wk_waschmaschine_leistung,103.5,2026-05-27T09:46:47.534Z
sensor.shelly_plug_sg3_wk_waschmaschine_wk_waschmaschine_leistung,94.5,2026-05-27T09:46:50.618Z
sensor.shelly_plug_sg3_wk_waschmaschine_wk_waschmaschine_leistung,101.3,2026-05-27T09:46:51.646Z
sensor.shelly_plug_sg3_wk_waschmaschine_wk_waschmaschine_leistung,18.9,2026-05-27T09:46:52.686Z
sensor.shelly_plug_sg3_wk_waschmaschine_wk_waschmaschine_leistung,3.6,2026-05-27T09:46:53.712Z
sensor.shelly_plug_sg3_wk_waschmaschine_wk_waschmaschine_leistung,98.6,2026-05-27T09:46:55.770Z
sensor.shelly_plug_sg3_wk_waschmaschine_wk_waschmaschine_leistung,99.6,2026-05-27T09:47:00.020Z
sensor.shelly_plug_sg3_wk_waschmaschine_wk_waschmaschine_leistung,106.9,2026-05-27T09:47:02.966Z
sensor.shelly_plug_sg3_wk_waschmaschine_wk_waschmaschine_leistung,101.6,2026-05-27T09:47:03.985Z
sensor.shelly_plug_sg3_wk_waschmaschine_wk_waschmaschine_leistung,92.6,2026-05-27T09:47:05.020Z
sensor.shelly_plug_sg3_wk_waschmaschine_wk_waschmaschine_leistung,84.9,2026-05-27T09:47:07.078Z
sensor.shelly_plug_sg3_wk_waschmaschine_wk_waschmaschine_leistung,79.9,2026-05-27T09:47:09.123Z
sensor.shelly_plug_sg3_wk_waschmaschine_wk_waschmaschine_leistung,64.0,2026-05-27T09:47:10.160Z
sensor.shelly_plug_sg3_wk_waschmaschine_wk_waschmaschine_leistung,40.8,2026-05-27T09:47:11.189Z
sensor.shelly_plug_sg3_wk_waschmaschine_wk_waschmaschine_leistung,28.6,2026-05-27T09:47:12.217Z
sensor.shelly_plug_sg3_wk_waschmaschine_wk_waschmaschine_leistung,26.2,2026-05-27T09:47:13.238Z
sensor.shelly_plug_sg3_wk_waschmaschine_wk_waschmaschine_leistung,52.7,2026-05-27T09:47:14.273Z
sensor.shelly_plug_sg3_wk_waschmaschine_wk_waschmaschine_leistung,70.7,2026-05-27T09:47:15.301Z
sensor.shelly_plug_sg3_wk_waschmaschine_wk_waschmaschine_leistung,84.7,2026-05-27T09:47:16.332Z
sensor.shelly_plug_sg3_wk_waschmaschine_wk_waschmaschine_leistung,94.0,2026-05-27T09:47:20.441Z
sensor.shelly_plug_sg3_wk_waschmaschine_wk_waschmaschine_leistung,88.2,2026-05-27T09:47:21.469Z
sensor.shelly_plug_sg3_wk_waschmaschine_wk_waschmaschine_leistung,81.6,2026-05-27T09:47:26.599Z
sensor.shelly_plug_sg3_wk_waschmaschine_wk_waschmaschine_leistung,7.4,2026-05-27T09:47:27.640Z
sensor.shelly_plug_sg3_wk_waschmaschine_wk_waschmaschine_leistung,5.6,2026-05-27T09:47:28.666Z
sensor.shelly_plug_sg3_wk_waschmaschine_wk_waschmaschine_leistung,70.1,2026-05-27T09:47:29.694Z
sensor.shelly_plug_sg3_wk_waschmaschine_wk_waschmaschine_leistung,129.8,2026-05-27T09:47:30.722Z
sensor.shelly_plug_sg3_wk_waschmaschine_wk_waschmaschine_leistung,114.9,2026-05-27T09:47:31.752Z
sensor.shelly_plug_sg3_wk_waschmaschine_wk_waschmaschine_leistung,107.9,2026-05-27T09:47:36.890Z
sensor.shelly_plug_sg3_wk_waschmaschine_wk_waschmaschine_leistung,116.3,2026-05-27T09:47:37.918Z
sensor.shelly_plug_sg3_wk_waschmaschine_wk_waschmaschine_leistung,105.5,2026-05-27T09:47:38.947Z
sensor.shelly_plug_sg3_wk_waschmaschine_wk_waschmaschine_leistung,88.3,2026-05-27T09:47:39.975Z
sensor.shelly_plug_sg3_wk_waschmaschine_wk_waschmaschine_leistung,95.2,2026-05-27T09:47:42.031Z
sensor.shelly_plug_sg3_wk_waschmaschine_wk_waschmaschine_leistung,51.7,2026-05-27T09:47:43.059Z
sensor.shelly_plug_sg3_wk_waschmaschine_wk_waschmaschine_leistung,42.9,2026-05-27T09:47:44.088Z
sensor.shelly_plug_sg3_wk_waschmaschine_wk_waschmaschine_leistung,51.7,2026-05-27T09:47:45.118Z
sensor.shelly_plug_sg3_wk_waschmaschine_wk_waschmaschine_leistung,43.8,2026-05-27T09:47:46.146Z
sensor.shelly_plug_sg3_wk_waschmaschine_wk_waschmaschine_leistung,59.0,2026-05-27T09:47:48.200Z
sensor.shelly_plug_sg3_wk_waschmaschine_wk_waschmaschine_leistung,86.5,2026-05-27T09:47:49.229Z
sensor.shelly_plug_sg3_wk_waschmaschine_wk_waschmaschine_leistung,100.8,2026-05-27T09:47:50.257Z
sensor.shelly_plug_sg3_wk_waschmaschine_wk_waschmaschine_leistung,94.0,2026-05-27T09:47:51.285Z
sensor.shelly_plug_sg3_wk_waschmaschine_wk_waschmaschine_leistung,102.2,2026-05-27T09:47:53.341Z
sensor.shelly_plug_sg3_wk_waschmaschine_wk_waschmaschine_leistung,111.1,2026-05-27T09:47:57.453Z
sensor.shelly_plug_sg3_wk_waschmaschine_wk_waschmaschine_leistung,102.5,2026-05-27T09:47:58.482Z
sensor.shelly_plug_sg3_wk_waschmaschine_wk_waschmaschine_leistung,93.9,2026-05-27T09:47:59.500Z
sensor.shelly_plug_sg3_wk_waschmaschine_wk_waschmaschine_leistung,5.7,2026-05-27T09:48:00.537Z
sensor.shelly_plug_sg3_wk_waschmaschine_wk_waschmaschine_leistung,8.0,2026-05-27T09:48:01.556Z
sensor.shelly_plug_sg3_wk_waschmaschine_wk_waschmaschine_leistung,65.1,2026-05-27T09:48:02.594Z
sensor.shelly_plug_sg3_wk_waschmaschine_wk_waschmaschine_leistung,104.2,2026-05-27T09:48:03.622Z
sensor.shelly_plug_sg3_wk_waschmaschine_wk_waschmaschine_leistung,98.0,2026-05-27T09:48:04.652Z
sensor.shelly_plug_sg3_wk_waschmaschine_wk_waschmaschine_leistung,107.3,2026-05-27T09:48:05.679Z
sensor.shelly_plug_sg3_wk_waschmaschine_wk_waschmaschine_leistung,101.8,2026-05-27T09:48:06.698Z
sensor.shelly_plug_sg3_wk_waschmaschine_wk_waschmaschine_leistung,107.1,2026-05-27T09:48:09.791Z
sensor.shelly_plug_sg3_wk_waschmaschine_wk_waschmaschine_leistung,101.0,2026-05-27T09:48:10.819Z
sensor.shelly_plug_sg3_wk_waschmaschine_wk_waschmaschine_leistung,93.9,2026-05-27T09:48:13.903Z
sensor.shelly_plug_sg3_wk_waschmaschine_wk_waschmaschine_leistung,79.8,2026-05-27T09:48:14.933Z
sensor.shelly_plug_sg3_wk_waschmaschine_wk_waschmaschine_leistung,61.4,2026-05-27T09:48:15.959Z
sensor.shelly_plug_sg3_wk_waschmaschine_wk_waschmaschine_leistung,42.5,2026-05-27T09:48:16.992Z
sensor.shelly_plug_sg3_wk_waschmaschine_wk_waschmaschine_leistung,35.6,2026-05-27T09:48:18.018Z
sensor.shelly_plug_sg3_wk_waschmaschine_wk_waschmaschine_leistung,27.9,2026-05-27T09:48:19.048Z
sensor.shelly_plug_sg3_wk_waschmaschine_wk_waschmaschine_leistung,33.5,2026-05-27T09:48:20.073Z
sensor.shelly_plug_sg3_wk_waschmaschine_wk_waschmaschine_leistung,64.5,2026-05-27T09:48:21.101Z
sensor.shelly_plug_sg3_wk_waschmaschine_wk_waschmaschine_leistung,82.5,2026-05-27T09:48:22.129Z
sensor.shelly_plug_sg3_wk_waschmaschine_wk_waschmaschine_leistung,88.8,2026-05-27T09:48:23.157Z
sensor.shelly_plug_sg3_wk_waschmaschine_wk_waschmaschine_leistung,84.2,2026-05-27T09:48:24.176Z
sensor.shelly_plug_sg3_wk_waschmaschine_wk_waschmaschine_leistung,91.0,2026-05-27T09:48:25.204Z
sensor.shelly_plug_sg3_wk_waschmaschine_wk_waschmaschine_leistung,84.7,2026-05-27T09:48:29.318Z
sensor.shelly_plug_sg3_wk_waschmaschine_wk_waschmaschine_leistung,93.6,2026-05-27T09:48:30.346Z
sensor.shelly_plug_sg3_wk_waschmaschine_wk_waschmaschine_leistung,3.7,2026-05-27T09:48:33.436Z
sensor.shelly_plug_sg3_wk_waschmaschine_wk_waschmaschine_leistung,45.1,2026-05-27T09:48:35.495Z
sensor.shelly_plug_sg3_wk_waschmaschine_wk_waschmaschine_leistung,123.2,2026-05-27T09:48:36.523Z
sensor.shelly_plug_sg3_wk_waschmaschine_wk_waschmaschine_leistung,116.9,2026-05-27T09:48:37.550Z
sensor.shelly_plug_sg3_wk_waschmaschine_wk_waschmaschine_leistung,104.2,2026-05-27T09:48:38.578Z
sensor.shelly_plug_sg3_wk_waschmaschine_wk_waschmaschine_leistung,119.1,2026-05-27T09:48:39.606Z
sensor.shelly_plug_sg3_wk_waschmaschine_wk_waschmaschine_leistung,112.3,2026-05-27T09:48:40.634Z
sensor.shelly_plug_sg3_wk_waschmaschine_wk_waschmaschine_leistung,120.0,2026-05-27T09:48:43.718Z
sensor.shelly_plug_sg3_wk_waschmaschine_wk_waschmaschine_leistung,104.1,2026-05-27T09:48:44.752Z
sensor.shelly_plug_sg3_wk_waschmaschine_wk_waschmaschine_leistung,94.2,2026-05-27T09:48:45.775Z
sensor.shelly_plug_sg3_wk_waschmaschine_wk_waschmaschine_leistung,106.6,2026-05-27T09:48:46.803Z
sensor.shelly_plug_sg3_wk_waschmaschine_wk_waschmaschine_leistung,61.8,2026-05-27T09:48:47.831Z
sensor.shelly_plug_sg3_wk_waschmaschine_wk_waschmaschine_leistung,58.0,2026-05-27T09:48:48.863Z
sensor.shelly_plug_sg3_wk_waschmaschine_wk_waschmaschine_leistung,43.2,2026-05-27T09:48:50.916Z
sensor.shelly_plug_sg3_wk_waschmaschine_wk_waschmaschine_leistung,51.3,2026-05-27T09:48:51.944Z
sensor.shelly_plug_sg3_wk_waschmaschine_wk_waschmaschine_leistung,55.7,2026-05-27T09:48:52.963Z
sensor.shelly_plug_sg3_wk_waschmaschine_wk_waschmaschine_leistung,69.5,2026-05-27T09:48:54.001Z
sensor.shelly_plug_sg3_wk_waschmaschine_wk_waschmaschine_leistung,87.6,2026-05-27T09:48:55.029Z
sensor.shelly_plug_sg3_wk_waschmaschine_wk_waschmaschine_leistung,82.0,2026-05-27T09:48:56.058Z
sensor.shelly_plug_sg3_wk_waschmaschine_wk_waschmaschine_leistung,94.7,2026-05-27T09:48:57.087Z
sensor.shelly_plug_sg3_wk_waschmaschine_wk_waschmaschine_leistung,95.7,2026-05-27T09:49:00.014Z
sensor.shelly_plug_sg3_wk_waschmaschine_wk_waschmaschine_leistung,109.5,2026-05-27T09:49:00.171Z
sensor.shelly_plug_sg3_wk_waschmaschine_wk_waschmaschine_leistung,101.5,2026-05-27T09:49:01.198Z
sensor.shelly_plug_sg3_wk_waschmaschine_wk_waschmaschine_leistung,116.2,2026-05-27T09:49:05.313Z
sensor.shelly_plug_sg3_wk_waschmaschine_wk_waschmaschine_leistung,3.7,2026-05-27T09:49:06.338Z
sensor.shelly_plug_sg3_wk_waschmaschine_wk_waschmaschine_leistung,45.3,2026-05-27T09:49:08.394Z
sensor.shelly_plug_sg3_wk_waschmaschine_wk_waschmaschine_leistung,94.1,2026-05-27T09:49:09.425Z
sensor.shelly_plug_sg3_wk_waschmaschine_wk_waschmaschine_leistung,101.5,2026-05-27T09:49:11.481Z
sensor.shelly_plug_sg3_wk_waschmaschine_wk_waschmaschine_leistung,108.5,2026-05-27T09:49:12.508Z
sensor.shelly_plug_sg3_wk_waschmaschine_wk_waschmaschine_leistung,96.0,2026-05-27T09:49:16.619Z
sensor.shelly_plug_sg3_wk_waschmaschine_wk_waschmaschine_leistung,84.4,2026-05-27T09:49:19.702Z
sensor.shelly_plug_sg3_wk_waschmaschine_wk_waschmaschine_leistung,58.6,2026-05-27T09:49:20.731Z
sensor.shelly_plug_sg3_wk_waschmaschine_wk_waschmaschine_leistung,48.3,2026-05-27T09:49:21.759Z
sensor.shelly_plug_sg3_wk_waschmaschine_wk_waschmaschine_leistung,41.1,2026-05-27T09:49:22.786Z
sensor.shelly_plug_sg3_wk_waschmaschine_wk_waschmaschine_leistung,34.8,2026-05-27T09:49:23.817Z
sensor.shelly_plug_sg3_wk_waschmaschine_wk_waschmaschine_leistung,37.4,2026-05-27T09:49:24.834Z
sensor.shelly_plug_sg3_wk_waschmaschine_wk_waschmaschine_leistung,54.1,2026-05-27T09:49:25.871Z
sensor.shelly_plug_sg3_wk_waschmaschine_wk_waschmaschine_leistung,81.0,2026-05-27T09:49:27.927Z
sensor.shelly_plug_sg3_wk_waschmaschine_wk_waschmaschine_leistung,85.2,2026-05-27T09:49:28.946Z
sensor.shelly_plug_sg3_wk_waschmaschine_wk_waschmaschine_leistung,91.2,2026-05-27T09:49:29.984Z
sensor.shelly_plug_sg3_wk_waschmaschine_wk_waschmaschine_leistung,84.6,2026-05-27T09:49:31.012Z
sensor.shelly_plug_sg3_wk_waschmaschine_wk_waschmaschine_leistung,93.6,2026-05-27T09:49:32.042Z
sensor.shelly_plug_sg3_wk_waschmaschine_wk_waschmaschine_leistung,87.8,2026-05-27T09:49:35.130Z
sensor.shelly_plug_sg3_wk_waschmaschine_wk_waschmaschine_leistung,4.5,2026-05-27T09:49:39.235Z
sensor.shelly_plug_sg3_wk_waschmaschine_wk_waschmaschine_leistung,23.9,2026-05-27T09:49:41.293Z
sensor.shelly_plug_sg3_wk_waschmaschine_wk_waschmaschine_leistung,109.1,2026-05-27T09:49:42.320Z
sensor.shelly_plug_sg3_wk_waschmaschine_wk_waschmaschine_leistung,120.1,2026-05-27T09:49:43.348Z
sensor.shelly_plug_sg3_wk_waschmaschine_wk_waschmaschine_leistung,103.1,2026-05-27T09:49:44.377Z
sensor.shelly_plug_sg3_wk_waschmaschine_wk_waschmaschine_leistung,121.1,2026-05-27T09:49:47.460Z
sensor.shelly_plug_sg3_wk_waschmaschine_wk_waschmaschine_leistung,107.2,2026-05-27T09:49:49.516Z
sensor.shelly_plug_sg3_wk_waschmaschine_wk_waschmaschine_leistung,101.3,2026-05-27T09:49:51.572Z
sensor.shelly_plug_sg3_wk_waschmaschine_wk_waschmaschine_leistung,90.9,2026-05-27T09:49:52.600Z
sensor.shelly_plug_sg3_wk_waschmaschine_wk_waschmaschine_leistung,70.1,2026-05-27T09:49:53.631Z
sensor.shelly_plug_sg3_wk_waschmaschine_wk_waschmaschine_leistung,63.3,2026-05-27T09:49:55.685Z
sensor.shelly_plug_sg3_wk_waschmaschine_wk_waschmaschine_leistung,32.4,2026-05-27T09:49:56.713Z
sensor.shelly_plug_sg3_wk_waschmaschine_wk_waschmaschine_leistung,43.1,2026-05-27T09:49:57.741Z
sensor.shelly_plug_sg3_wk_waschmaschine_wk_waschmaschine_leistung,53.1,2026-05-27T09:49:58.771Z
sensor.shelly_plug_sg3_wk_waschmaschine_wk_waschmaschine_leistung,71.6,2026-05-27T09:49:59.797Z
sensor.shelly_plug_sg3_wk_waschmaschine_wk_waschmaschine_leistung,82.5,2026-05-27T09:50:01.855Z
sensor.shelly_plug_sg3_wk_waschmaschine_wk_waschmaschine_leistung,91.0,2026-05-27T09:50:02.882Z
sensor.shelly_plug_sg3_wk_waschmaschine_wk_waschmaschine_leistung,99.7,2026-05-27T09:50:04.930Z
sensor.shelly_plug_sg3_wk_waschmaschine_wk_waschmaschine_leistung,94.2,2026-05-27T09:50:06.985Z
sensor.shelly_plug_sg3_wk_waschmaschine_wk_waschmaschine_leistung,100.0,2026-05-27T09:50:08.013Z
sensor.shelly_plug_sg3_wk_waschmaschine_wk_waschmaschine_leistung,105.9,2026-05-27T09:50:09.051Z
sensor.shelly_plug_sg3_wk_waschmaschine_wk_waschmaschine_leistung,93.9,2026-05-27T09:50:10.081Z
sensor.shelly_plug_sg3_wk_waschmaschine_wk_waschmaschine_leistung,100.0,2026-05-27T09:50:11.109Z
sensor.shelly_plug_sg3_wk_waschmaschine_wk_waschmaschine_leistung,3.8,2026-05-27T09:50:12.134Z
sensor.shelly_plug_sg3_wk_waschmaschine_wk_waschmaschine_leistung,29.6,2026-05-27T09:50:14.190Z
sensor.shelly_plug_sg3_wk_waschmaschine_wk_waschmaschine_leistung,93.6,2026-05-27T09:50:15.221Z
sensor.shelly_plug_sg3_wk_waschmaschine_wk_waschmaschine_leistung,102.9,2026-05-27T09:50:17.278Z
sensor.shelly_plug_sg3_wk_waschmaschine_wk_waschmaschine_leistung,97.7,2026-05-27T09:50:23.436Z
sensor.shelly_plug_sg3_wk_waschmaschine_wk_waschmaschine_leistung,92.2,2026-05-27T09:50:25.499Z
sensor.shelly_plug_sg3_wk_waschmaschine_wk_waschmaschine_leistung,69.4,2026-05-27T09:50:26.527Z
sensor.shelly_plug_sg3_wk_waschmaschine_wk_waschmaschine_leistung,54.6,2026-05-27T09:50:27.556Z
sensor.shelly_plug_sg3_wk_waschmaschine_wk_waschmaschine_leistung,38.5,2026-05-27T09:50:29.613Z
sensor.shelly_plug_sg3_wk_waschmaschine_wk_waschmaschine_leistung,29.2,2026-05-27T09:50:30.642Z
sensor.shelly_plug_sg3_wk_waschmaschine_wk_waschmaschine_leistung,27.3,2026-05-27T09:50:31.660Z
sensor.shelly_plug_sg3_wk_waschmaschine_wk_waschmaschine_leistung,35.3,2026-05-27T09:50:32.696Z
sensor.shelly_plug_sg3_wk_waschmaschine_wk_waschmaschine_leistung,66.1,2026-05-27T09:50:33.725Z
sensor.shelly_plug_sg3_wk_waschmaschine_wk_waschmaschine_leistung,77.9,2026-05-27T09:50:34.761Z
sensor.shelly_plug_sg3_wk_waschmaschine_wk_waschmaschine_leistung,92.3,2026-05-27T09:50:36.809Z
sensor.shelly_plug_sg3_wk_waschmaschine_wk_waschmaschine_leistung,85.9,2026-05-27T09:50:37.838Z
sensor.shelly_plug_sg3_wk_waschmaschine_wk_waschmaschine_leistung,90.4,2026-05-27T09:50:38.856Z
sensor.shelly_plug_sg3_wk_waschmaschine_wk_waschmaschine_leistung,96.9,2026-05-27T09:50:41.940Z
sensor.shelly_plug_sg3_wk_waschmaschine_wk_waschmaschine_leistung,88.9,2026-05-27T09:50:42.979Z
sensor.shelly_plug_sg3_wk_waschmaschine_wk_waschmaschine_leistung,75.1,2026-05-27T09:50:44.006Z
sensor.shelly_plug_sg3_wk_waschmaschine_wk_waschmaschine_leistung,7.5,2026-05-27T09:50:45.036Z
sensor.shelly_plug_sg3_wk_waschmaschine_wk_waschmaschine_leistung,3.9,2026-05-27T09:50:46.062Z
sensor.shelly_plug_sg3_wk_waschmaschine_wk_waschmaschine_leistung,5.5,2026-05-27T09:50:47.082Z
sensor.shelly_plug_sg3_wk_waschmaschine_wk_waschmaschine_leistung,126.9,2026-05-27T09:50:48.119Z
sensor.shelly_plug_sg3_wk_waschmaschine_wk_waschmaschine_leistung,116.9,2026-05-27T09:50:49.147Z
sensor.shelly_plug_sg3_wk_waschmaschine_wk_waschmaschine_leistung,105.2,2026-05-27T09:50:55.320Z
sensor.shelly_plug_sg3_wk_waschmaschine_wk_waschmaschine_leistung,98.7,2026-05-27T09:50:58.400Z
sensor.shelly_plug_sg3_wk_waschmaschine_wk_waschmaschine_leistung,89.0,2026-05-27T09:50:59.429Z
sensor.shelly_plug_sg3_wk_waschmaschine_wk_waschmaschine_leistung,65.9,2026-05-27T09:51:00.455Z
sensor.shelly_plug_sg3_wk_waschmaschine_wk_waschmaschine_leistung,54.3,2026-05-27T09:51:02.512Z
sensor.shelly_plug_sg3_wk_waschmaschine_wk_waschmaschine_leistung,34.5,2026-05-27T09:51:03.539Z
sensor.shelly_plug_sg3_wk_waschmaschine_wk_waschmaschine_leistung,52.2,2026-05-27T09:51:04.568Z
sensor.shelly_plug_sg3_wk_waschmaschine_wk_waschmaschine_leistung,58.5,2026-05-27T09:51:05.596Z
sensor.shelly_plug_sg3_wk_waschmaschine_wk_waschmaschine_leistung,86.2,2026-05-27T09:51:06.626Z
sensor.shelly_plug_sg3_wk_waschmaschine_wk_waschmaschine_leistung,81.7,2026-05-27T09:51:07.643Z
sensor.shelly_plug_sg3_wk_waschmaschine_wk_waschmaschine_leistung,92.5,2026-05-27T09:51:08.680Z
sensor.shelly_plug_sg3_wk_waschmaschine_wk_waschmaschine_leistung,108.1,2026-05-27T09:51:10.736Z
sensor.shelly_plug_sg3_wk_waschmaschine_wk_waschmaschine_leistung,97.5,2026-05-27T09:51:11.764Z
sensor.shelly_plug_sg3_wk_waschmaschine_wk_waschmaschine_leistung,106.3,2026-05-27T09:51:12.793Z
sensor.shelly_plug_sg3_wk_waschmaschine_wk_waschmaschine_leistung,81.8,2026-05-27T09:51:16.904Z
sensor.shelly_plug_sg3_wk_waschmaschine_wk_waschmaschine_leistung,5.6,2026-05-27T09:51:17.932Z
sensor.shelly_plug_sg3_wk_waschmaschine_wk_waschmaschine_leistung,3.6,2026-05-27T09:51:18.963Z
sensor.shelly_plug_sg3_wk_waschmaschine_wk_waschmaschine_leistung,72.0,2026-05-27T09:51:19.989Z
sensor.shelly_plug_sg3_wk_waschmaschine_wk_waschmaschine_leistung,104.1,2026-05-27T09:51:21.020Z
sensor.shelly_plug_sg3_wk_waschmaschine_wk_waschmaschine_leistung,94.5,2026-05-27T09:51:27.185Z
sensor.shelly_plug_sg3_wk_waschmaschine_wk_waschmaschine_leistung,104.4,2026-05-27T09:51:28.213Z
sensor.shelly_plug_sg3_wk_waschmaschine_wk_waschmaschine_leistung,75.5,2026-05-27T09:51:31.297Z
sensor.shelly_plug_sg3_wk_waschmaschine_wk_waschmaschine_leistung,67.7,2026-05-27T09:51:32.325Z
sensor.shelly_plug_sg3_wk_waschmaschine_wk_waschmaschine_leistung,56.3,2026-05-27T09:51:33.354Z
sensor.shelly_plug_sg3_wk_waschmaschine_wk_waschmaschine_leistung,45.7,2026-05-27T09:51:34.382Z
sensor.shelly_plug_sg3_wk_waschmaschine_wk_waschmaschine_leistung,36.6,2026-05-27T09:51:35.410Z
sensor.shelly_plug_sg3_wk_waschmaschine_wk_waschmaschine_leistung,50.8,2026-05-27T09:51:37.466Z
sensor.shelly_plug_sg3_wk_waschmaschine_wk_waschmaschine_leistung,81.6,2026-05-27T09:51:38.494Z
sensor.shelly_plug_sg3_wk_waschmaschine_wk_waschmaschine_leistung,76.0,2026-05-27T09:51:39.522Z
sensor.shelly_plug_sg3_wk_waschmaschine_wk_waschmaschine_leistung,85.2,2026-05-27T09:51:40.550Z
sensor.shelly_plug_sg3_wk_waschmaschine_wk_waschmaschine_leistung,89.6,2026-05-27T09:51:41.569Z
sensor.shelly_plug_sg3_wk_waschmaschine_wk_waschmaschine_leistung,65.0,2026-05-27T09:51:49.804Z
sensor.shelly_plug_sg3_wk_waschmaschine_wk_waschmaschine_leistung,5.1,2026-05-27T09:51:50.831Z
sensor.shelly_plug_sg3_wk_waschmaschine_wk_waschmaschine_leistung,3.8,2026-05-27T09:51:51.852Z
sensor.shelly_plug_sg3_wk_waschmaschine_wk_waschmaschine_leistung,88.8,2026-05-27T09:51:52.888Z
sensor.shelly_plug_sg3_wk_waschmaschine_wk_waschmaschine_leistung,125.9,2026-05-27T09:51:53.918Z
sensor.shelly_plug_sg3_wk_waschmaschine_wk_waschmaschine_leistung,111.4,2026-05-27T09:51:54.944Z
sensor.shelly_plug_sg3_wk_waschmaschine_wk_waschmaschine_leistung,117.4,2026-05-27T09:51:55.972Z
sensor.shelly_plug_sg3_wk_waschmaschine_wk_waschmaschine_leistung,111.5,2026-05-27T09:51:57.000Z
sensor.shelly_plug_sg3_wk_waschmaschine_wk_waschmaschine_leistung,118.2,2026-05-27T09:51:59.057Z
sensor.shelly_plug_sg3_wk_waschmaschine_wk_waschmaschine_leistung,111.6,2026-05-27T09:52:00.085Z
sensor.shelly_plug_sg3_wk_waschmaschine_wk_waschmaschine_leistung,101.8,2026-05-27T09:52:02.142Z
sensor.shelly_plug_sg3_wk_waschmaschine_wk_waschmaschine_leistung,80.8,2026-05-27T09:52:04.197Z
sensor.shelly_plug_sg3_wk_waschmaschine_wk_waschmaschine_leistung,70.9,2026-05-27T09:52:06.253Z
sensor.shelly_plug_sg3_wk_waschmaschine_wk_waschmaschine_leistung,40.7,2026-05-27T09:52:07.282Z
sensor.shelly_plug_sg3_wk_waschmaschine_wk_waschmaschine_leistung,36.1,2026-05-27T09:52:08.299Z
sensor.shelly_plug_sg3_wk_waschmaschine_wk_waschmaschine_leistung,51.4,2026-05-27T09:52:09.339Z
sensor.shelly_plug_sg3_wk_waschmaschine_wk_waschmaschine_leistung,36.7,2026-05-27T09:52:10.366Z
sensor.shelly_plug_sg3_wk_waschmaschine_wk_waschmaschine_leistung,77.9,2026-05-27T09:52:11.394Z
sensor.shelly_plug_sg3_wk_waschmaschine_wk_waschmaschine_leistung,73.6,2026-05-27T09:52:12.413Z
sensor.shelly_plug_sg3_wk_waschmaschine_wk_waschmaschine_leistung,88.1,2026-05-27T09:52:13.451Z
sensor.shelly_plug_sg3_wk_waschmaschine_wk_waschmaschine_leistung,99.3,2026-05-27T09:52:14.479Z
sensor.shelly_plug_sg3_wk_waschmaschine_wk_waschmaschine_leistung,106.4,2026-05-27T09:52:18.590Z
sensor.shelly_plug_sg3_wk_waschmaschine_wk_waschmaschine_leistung,98.7,2026-05-27T09:52:19.618Z
sensor.shelly_plug_sg3_wk_waschmaschine_wk_waschmaschine_leistung,107.2,2026-05-27T09:52:20.647Z
sensor.shelly_plug_sg3_wk_waschmaschine_wk_waschmaschine_leistung,93.1,2026-05-27T09:52:21.675Z
sensor.shelly_plug_sg3_wk_waschmaschine_wk_waschmaschine_leistung,66.1,2026-05-27T09:52:22.703Z
sensor.shelly_plug_sg3_wk_waschmaschine_wk_waschmaschine_leistung,4.2,2026-05-27T09:52:23.731Z
sensor.shelly_plug_sg3_wk_waschmaschine_wk_waschmaschine_leistung,83.9,2026-05-27T09:52:25.788Z
sensor.shelly_plug_sg3_wk_waschmaschine_wk_waschmaschine_leistung,114.5,2026-05-27T09:52:26.816Z
sensor.shelly_plug_sg3_wk_waschmaschine_wk_waschmaschine_leistung,106.0,2026-05-27T09:52:27.844Z
sensor.shelly_plug_sg3_wk_waschmaschine_wk_waschmaschine_leistung,94.4,2026-05-27T09:52:35.040Z
sensor.shelly_plug_sg3_wk_waschmaschine_wk_waschmaschine_leistung,101.6,2026-05-27T09:52:36.069Z
sensor.shelly_plug_sg3_wk_waschmaschine_wk_waschmaschine_leistung,78.5,2026-05-27T09:52:37.097Z
sensor.shelly_plug_sg3_wk_waschmaschine_wk_waschmaschine_leistung,64.6,2026-05-27T09:52:38.125Z
sensor.shelly_plug_sg3_wk_waschmaschine_wk_waschmaschine_leistung,46.9,2026-05-27T09:52:39.155Z
sensor.shelly_plug_sg3_wk_waschmaschine_wk_waschmaschine_leistung,32.2,2026-05-27T09:52:40.181Z
sensor.shelly_plug_sg3_wk_waschmaschine_wk_waschmaschine_leistung,34.2,2026-05-27T09:52:42.228Z
sensor.shelly_plug_sg3_wk_waschmaschine_wk_waschmaschine_leistung,37.8,2026-05-27T09:52:43.267Z
sensor.shelly_plug_sg3_wk_waschmaschine_wk_waschmaschine_leistung,76.9,2026-05-27T09:52:44.294Z
sensor.shelly_plug_sg3_wk_waschmaschine_wk_waschmaschine_leistung,87.2,2026-05-27T09:52:46.350Z
sensor.shelly_plug_sg3_wk_waschmaschine_wk_waschmaschine_leistung,99.1,2026-05-27T09:52:50.464Z
sensor.shelly_plug_sg3_wk_waschmaschine_wk_waschmaschine_leistung,93.3,2026-05-27T09:52:51.492Z
sensor.shelly_plug_sg3_wk_waschmaschine_wk_waschmaschine_leistung,101.8,2026-05-27T09:52:54.574Z
sensor.shelly_plug_sg3_wk_waschmaschine_wk_waschmaschine_leistung,91.9,2026-05-27T09:52:55.602Z
sensor.shelly_plug_sg3_wk_waschmaschine_wk_waschmaschine_leistung,19.1,2026-05-27T09:52:56.631Z
sensor.shelly_plug_sg3_wk_waschmaschine_wk_waschmaschine_leistung,4.3,2026-05-27T09:52:57.670Z
sensor.shelly_plug_sg3_wk_waschmaschine_wk_waschmaschine_leistung,105.6,2026-05-27T09:52:58.689Z
sensor.shelly_plug_sg3_wk_waschmaschine_wk_waschmaschine_leistung,119.0,2026-05-27T09:52:59.707Z
sensor.shelly_plug_sg3_wk_waschmaschine_wk_waschmaschine_leistung,110.6,2026-05-27T09:53:00.735Z
sensor.shelly_plug_sg3_wk_waschmaschine_wk_waschmaschine_leistung,121.8,2026-05-27T09:53:02.801Z
sensor.shelly_plug_sg3_wk_waschmaschine_wk_waschmaschine_leistung,107.2,2026-05-27T09:53:03.830Z
sensor.shelly_plug_sg3_wk_waschmaschine_wk_waschmaschine_leistung,112.5,2026-05-27T09:53:04.848Z
sensor.shelly_plug_sg3_wk_waschmaschine_wk_waschmaschine_leistung,104.4,2026-05-27T09:53:08.969Z
sensor.shelly_plug_sg3_wk_waschmaschine_wk_waschmaschine_leistung,96.0,2026-05-27T09:53:09.997Z
sensor.shelly_plug_sg3_wk_waschmaschine_wk_waschmaschine_leistung,90.7,2026-05-27T09:53:11.016Z
sensor.shelly_plug_sg3_wk_waschmaschine_wk_waschmaschine_leistung,83.7,2026-05-27T09:53:12.054Z
sensor.shelly_plug_sg3_wk_waschmaschine_wk_waschmaschine_leistung,47.6,2026-05-27T09:53:13.084Z
sensor.shelly_plug_sg3_wk_waschmaschine_wk_waschmaschine_leistung,63.2,2026-05-27T09:53:14.114Z
sensor.shelly_plug_sg3_wk_waschmaschine_wk_waschmaschine_leistung,44.4,2026-05-27T09:53:15.139Z
sensor.shelly_plug_sg3_wk_waschmaschine_wk_waschmaschine_leistung,71.4,2026-05-27T09:53:17.195Z
sensor.shelly_plug_sg3_wk_waschmaschine_wk_waschmaschine_leistung,76.5,2026-05-27T09:53:18.223Z
sensor.shelly_plug_sg3_wk_waschmaschine_wk_waschmaschine_leistung,88.2,2026-05-27T09:53:20.279Z
sensor.shelly_plug_sg3_wk_waschmaschine_wk_waschmaschine_leistung,74.4,2026-05-27T09:53:21.307Z
sensor.shelly_plug_sg3_wk_waschmaschine_wk_waschmaschine_leistung,97.5,2026-05-27T09:53:22.338Z
sensor.shelly_plug_sg3_wk_waschmaschine_wk_waschmaschine_leistung,104.4,2026-05-27T09:53:23.363Z
sensor.shelly_plug_sg3_wk_waschmaschine_wk_waschmaschine_leistung,99.0,2026-05-27T09:53:25.409Z
sensor.shelly_plug_sg3_wk_waschmaschine_wk_waschmaschine_leistung,106.1,2026-05-27T09:53:26.437Z
sensor.shelly_plug_sg3_wk_waschmaschine_wk_waschmaschine_leistung,100.6,2026-05-27T09:53:27.466Z
sensor.shelly_plug_sg3_wk_waschmaschine_wk_waschmaschine_leistung,110.5,2026-05-27T09:53:29.531Z
sensor.shelly_plug_sg3_wk_waschmaschine_wk_waschmaschine_leistung,3.9,2026-05-27T09:53:30.562Z
sensor.shelly_plug_sg3_wk_waschmaschine_wk_waschmaschine_leistung,21.5,2026-05-27T09:53:32.615Z
sensor.shelly_plug_sg3_wk_waschmaschine_wk_waschmaschine_leistung,87.8,2026-05-27T09:53:33.644Z
sensor.shelly_plug_sg3_wk_waschmaschine_wk_waschmaschine_leistung,95.0,2026-05-27T09:53:34.690Z
sensor.shelly_plug_sg3_wk_waschmaschine_wk_waschmaschine_leistung,101.4,2026-05-27T09:53:36.729Z
sensor.shelly_plug_sg3_wk_waschmaschine_wk_waschmaschine_leistung,107.0,2026-05-27T09:53:37.757Z
sensor.shelly_plug_sg3_wk_waschmaschine_wk_waschmaschine_leistung,98.0,2026-05-27T09:53:41.868Z
sensor.shelly_plug_sg3_wk_waschmaschine_wk_waschmaschine_leistung,90.4,2026-05-27T09:53:43.925Z
sensor.shelly_plug_sg3_wk_waschmaschine_wk_waschmaschine_leistung,77.9,2026-05-27T09:53:44.953Z
sensor.shelly_plug_sg3_wk_waschmaschine_wk_waschmaschine_leistung,61.7,2026-05-27T09:53:45.981Z
sensor.shelly_plug_sg3_wk_waschmaschine_wk_waschmaschine_leistung,48.8,2026-05-27T09:53:47.009Z
sensor.shelly_plug_sg3_wk_waschmaschine_wk_waschmaschine_leistung,37.6,2026-05-27T09:53:48.038Z
sensor.shelly_plug_sg3_wk_waschmaschine_wk_waschmaschine_leistung,31.6,2026-05-27T09:53:49.066Z
sensor.shelly_plug_sg3_wk_waschmaschine_wk_waschmaschine_leistung,43.9,2026-05-27T09:53:50.099Z
sensor.shelly_plug_sg3_wk_waschmaschine_wk_waschmaschine_leistung,55.6,2026-05-27T09:53:51.122Z
sensor.shelly_plug_sg3_wk_waschmaschine_wk_waschmaschine_leistung,64.7,2026-05-27T09:53:52.153Z
sensor.shelly_plug_sg3_wk_waschmaschine_wk_waschmaschine_leistung,73.6,2026-05-27T09:53:53.178Z
sensor.shelly_plug_sg3_wk_waschmaschine_wk_waschmaschine_leistung,81.6,2026-05-27T09:53:54.207Z
sensor.shelly_plug_sg3_wk_waschmaschine_wk_waschmaschine_leistung,89.0,2026-05-27T09:53:55.235Z
sensor.shelly_plug_sg3_wk_waschmaschine_wk_waschmaschine_leistung,94.0,2026-05-27T09:53:57.291Z
sensor.shelly_plug_sg3_wk_waschmaschine_wk_waschmaschine_leistung,91.9,2026-05-27T09:54:00.002Z
sensor.shelly_plug_sg3_wk_waschmaschine_wk_waschmaschine_leistung,88.0,2026-05-27T09:54:00.374Z
sensor.shelly_plug_sg3_wk_waschmaschine_wk_waschmaschine_leistung,97.1,2026-05-27T09:54:01.402Z
sensor.shelly_plug_sg3_wk_waschmaschine_wk_waschmaschine_leistung,90.3,2026-05-27T09:54:02.431Z
sensor.shelly_plug_sg3_wk_waschmaschine_wk_waschmaschine_leistung,7.8,2026-05-27T09:54:03.459Z
sensor.shelly_plug_sg3_wk_waschmaschine_wk_waschmaschine_leistung,3.9,2026-05-27T09:54:04.487Z
sensor.shelly_plug_sg3_wk_waschmaschine_wk_waschmaschine_leistung,5.3,2026-05-27T09:54:05.506Z
sensor.shelly_plug_sg3_wk_waschmaschine_wk_waschmaschine_leistung,72.8,2026-05-27T09:54:06.547Z
sensor.shelly_plug_sg3_wk_waschmaschine_wk_waschmaschine_leistung,117.8,2026-05-27T09:54:07.572Z
sensor.shelly_plug_sg3_wk_waschmaschine_wk_waschmaschine_leistung,110.4,2026-05-27T09:54:08.602Z
sensor.shelly_plug_sg3_wk_waschmaschine_wk_waschmaschine_leistung,116.8,2026-05-27T09:54:09.629Z
sensor.shelly_plug_sg3_wk_waschmaschine_wk_waschmaschine_leistung,104.1,2026-05-27T09:54:13.741Z
sensor.shelly_plug_sg3_wk_waschmaschine_wk_waschmaschine_leistung,96.7,2026-05-27T09:54:16.824Z
sensor.shelly_plug_sg3_wk_waschmaschine_wk_waschmaschine_leistung,84.3,2026-05-27T09:54:17.853Z
sensor.shelly_plug_sg3_wk_waschmaschine_wk_waschmaschine_leistung,59.5,2026-05-27T09:54:18.881Z
sensor.shelly_plug_sg3_wk_waschmaschine_wk_waschmaschine_leistung,63.9,2026-05-27T09:54:19.900Z
sensor.shelly_plug_sg3_wk_waschmaschine_wk_waschmaschine_leistung,48.1,2026-05-27T09:54:20.940Z
sensor.shelly_plug_sg3_wk_waschmaschine_wk_waschmaschine_leistung,34.4,2026-05-27T09:54:21.968Z
sensor.shelly_plug_sg3_wk_waschmaschine_wk_waschmaschine_leistung,41.7,2026-05-27T09:54:22.994Z
sensor.shelly_plug_sg3_wk_waschmaschine_wk_waschmaschine_leistung,63.7,2026-05-27T09:54:24.022Z
sensor.shelly_plug_sg3_wk_waschmaschine_wk_waschmaschine_leistung,77.9,2026-05-27T09:54:25.051Z
sensor.shelly_plug_sg3_wk_waschmaschine_wk_waschmaschine_leistung,90.9,2026-05-27T09:54:27.108Z
sensor.shelly_plug_sg3_wk_waschmaschine_wk_waschmaschine_leistung,102.6,2026-05-27T09:54:29.163Z
sensor.shelly_plug_sg3_wk_waschmaschine_wk_waschmaschine_leistung,5.5,2026-05-27T09:54:36.358Z
sensor.shelly_plug_sg3_wk_waschmaschine_wk_waschmaschine_leistung,3.6,2026-05-27T09:54:37.386Z
sensor.shelly_plug_sg3_wk_waschmaschine_wk_waschmaschine_leistung,7.7,2026-05-27T09:54:38.414Z
sensor.shelly_plug_sg3_wk_waschmaschine_wk_waschmaschine_leistung,113.4,2026-05-27T09:54:39.442Z
sensor.shelly_plug_sg3_wk_waschmaschine_wk_waschmaschine_leistung,100.1,2026-05-27T09:54:40.470Z
sensor.shelly_plug_sg3_wk_waschmaschine_wk_waschmaschine_leistung,105.3,2026-05-27T09:54:42.518Z
sensor.shelly_plug_sg3_wk_waschmaschine_wk_waschmaschine_leistung,96.6,2026-05-27T09:54:48.695Z
sensor.shelly_plug_sg3_wk_waschmaschine_wk_waschmaschine_leistung,64.1,2026-05-27T09:54:50.751Z
sensor.shelly_plug_sg3_wk_waschmaschine_wk_waschmaschine_leistung,49.8,2026-05-27T09:54:51.781Z
sensor.shelly_plug_sg3_wk_waschmaschine_wk_waschmaschine_leistung,34.2,2026-05-27T09:54:53.835Z
sensor.shelly_plug_sg3_wk_waschmaschine_wk_waschmaschine_leistung,30.4,2026-05-27T09:54:54.854Z
sensor.shelly_plug_sg3_wk_waschmaschine_wk_waschmaschine_leistung,38.0,2026-05-27T09:54:56.919Z
sensor.shelly_plug_sg3_wk_waschmaschine_wk_waschmaschine_leistung,82.2,2026-05-27T09:54:57.948Z
sensor.shelly_plug_sg3_wk_waschmaschine_wk_waschmaschine_leistung,88.1,2026-05-27T09:54:58.975Z
sensor.shelly_plug_sg3_wk_waschmaschine_wk_waschmaschine_leistung,81.7,2026-05-27T09:55:00.022Z
sensor.shelly_plug_sg3_wk_waschmaschine_wk_waschmaschine_leistung,99.4,2026-05-27T09:55:01.048Z
sensor.shelly_plug_sg3_wk_waschmaschine_wk_waschmaschine_leistung,93.6,2026-05-27T09:55:02.076Z
sensor.shelly_plug_sg3_wk_waschmaschine_wk_waschmaschine_leistung,88.1,2026-05-27T09:55:05.162Z
sensor.shelly_plug_sg3_wk_waschmaschine_wk_waschmaschine_leistung,92.8,2026-05-27T09:55:06.178Z
sensor.shelly_plug_sg3_wk_waschmaschine_wk_waschmaschine_leistung,35.7,2026-05-27T09:55:09.272Z
sensor.shelly_plug_sg3_wk_waschmaschine_wk_waschmaschine_leistung,4.2,2026-05-27T09:55:10.301Z
sensor.shelly_plug_sg3_wk_waschmaschine_wk_waschmaschine_leistung,122.5,2026-05-27T09:55:12.359Z
sensor.shelly_plug_sg3_wk_waschmaschine_wk_waschmaschine_leistung,115.0,2026-05-27T09:55:13.387Z
sensor.shelly_plug_sg3_wk_waschmaschine_wk_waschmaschine_leistung,107.0,2026-05-27T09:55:20.580Z
sensor.shelly_plug_sg3_wk_waschmaschine_wk_waschmaschine_leistung,84.3,2026-05-27T09:55:23.663Z
sensor.shelly_plug_sg3_wk_waschmaschine_wk_waschmaschine_leistung,68.1,2026-05-27T09:55:24.691Z
sensor.shelly_plug_sg3_wk_waschmaschine_wk_waschmaschine_leistung,55.0,2026-05-27T09:55:25.720Z
sensor.shelly_plug_sg3_wk_waschmaschine_wk_waschmaschine_leistung,44.2,2026-05-27T09:55:26.748Z
sensor.shelly_plug_sg3_wk_waschmaschine_wk_waschmaschine_leistung,47.5,2026-05-27T09:55:27.767Z
sensor.shelly_plug_sg3_wk_waschmaschine_wk_waschmaschine_leistung,38.1,2026-05-27T09:55:28.806Z
sensor.shelly_plug_sg3_wk_waschmaschine_wk_waschmaschine_leistung,46.0,2026-05-27T09:55:29.833Z
sensor.shelly_plug_sg3_wk_waschmaschine_wk_waschmaschine_leistung,74.6,2026-05-27T09:55:30.861Z
sensor.shelly_plug_sg3_wk_waschmaschine_wk_waschmaschine_leistung,89.4,2026-05-27T09:55:32.917Z
sensor.shelly_plug_sg3_wk_waschmaschine_wk_waschmaschine_leistung,96.2,2026-05-27T09:55:33.946Z
sensor.shelly_plug_sg3_wk_waschmaschine_wk_waschmaschine_leistung,104.2,2026-05-27T09:55:37.030Z
sensor.shelly_plug_sg3_wk_waschmaschine_wk_waschmaschine_leistung,27.0,2026-05-27T09:55:42.169Z
sensor.shelly_plug_sg3_wk_waschmaschine_wk_waschmaschine_leistung,3.7,2026-05-27T09:55:43.197Z
sensor.shelly_plug_sg3_wk_waschmaschine_wk_waschmaschine_leistung,95.3,2026-05-27T09:55:45.254Z
sensor.shelly_plug_sg3_wk_waschmaschine_wk_waschmaschine_leistung,103.7,2026-05-27T09:55:47.310Z
sensor.shelly_plug_sg3_wk_waschmaschine_wk_waschmaschine_leistung,110.7,2026-05-27T09:55:52.450Z
sensor.shelly_plug_sg3_wk_waschmaschine_wk_waschmaschine_leistung,100.6,2026-05-27T09:55:54.510Z
sensor.shelly_plug_sg3_wk_waschmaschine_wk_waschmaschine_leistung,84.0,2026-05-27T09:55:55.535Z
sensor.shelly_plug_sg3_wk_waschmaschine_wk_waschmaschine_leistung,70.6,2026-05-27T09:55:56.562Z
sensor.shelly_plug_sg3_wk_waschmaschine_wk_waschmaschine_leistung,62.4,2026-05-27T09:55:57.592Z
sensor.shelly_plug_sg3_wk_waschmaschine_wk_waschmaschine_leistung,56.5,2026-05-27T09:55:58.618Z
sensor.shelly_plug_sg3_wk_waschmaschine_wk_waschmaschine_leistung,37.3,2026-05-27T09:55:59.649Z
sensor.shelly_plug_sg3_wk_waschmaschine_wk_waschmaschine_leistung,31.3,2026-05-27T09:56:00.676Z
sensor.shelly_plug_sg3_wk_waschmaschine_wk_waschmaschine_leistung,29.0,2026-05-27T09:56:01.696Z
sensor.shelly_plug_sg3_wk_waschmaschine_wk_waschmaschine_leistung,58.5,2026-05-27T09:56:02.735Z
sensor.shelly_plug_sg3_wk_waschmaschine_wk_waschmaschine_leistung,64.4,2026-05-27T09:56:03.760Z
sensor.shelly_plug_sg3_wk_waschmaschine_wk_waschmaschine_leistung,69.5,2026-05-27T09:56:04.779Z
sensor.shelly_plug_sg3_wk_waschmaschine_wk_waschmaschine_leistung,82.6,2026-05-27T09:56:05.816Z
sensor.shelly_plug_sg3_wk_waschmaschine_wk_waschmaschine_leistung,87.6,2026-05-27T09:56:06.846Z
sensor.shelly_plug_sg3_wk_waschmaschine_wk_waschmaschine_leistung,93.1,2026-05-27T09:56:07.872Z
sensor.shelly_plug_sg3_wk_waschmaschine_wk_waschmaschine_leistung,81.7,2026-05-27T09:56:15.068Z
sensor.shelly_plug_sg3_wk_waschmaschine_wk_waschmaschine_leistung,5.4,2026-05-27T09:56:16.096Z
sensor.shelly_plug_sg3_wk_waschmaschine_wk_waschmaschine_leistung,9.3,2026-05-27T09:56:17.116Z
sensor.shelly_plug_sg3_wk_waschmaschine_wk_waschmaschine_leistung,82.8,2026-05-27T09:56:18.153Z
sensor.shelly_plug_sg3_wk_waschmaschine_wk_waschmaschine_leistung,121.7,2026-05-27T09:56:19.181Z
sensor.shelly_plug_sg3_wk_waschmaschine_wk_waschmaschine_leistung,114.7,2026-05-27T09:56:22.256Z
sensor.shelly_plug_sg3_wk_waschmaschine_wk_waschmaschine_leistung,103.4,2026-05-27T09:56:27.407Z
sensor.shelly_plug_sg3_wk_waschmaschine_wk_waschmaschine_leistung,87.7,2026-05-27T09:56:29.462Z
sensor.shelly_plug_sg3_wk_waschmaschine_wk_waschmaschine_leistung,64.3,2026-05-27T09:56:30.491Z
sensor.shelly_plug_sg3_wk_waschmaschine_wk_waschmaschine_leistung,53.6,2026-05-27T09:56:31.509Z
sensor.shelly_plug_sg3_wk_waschmaschine_wk_waschmaschine_leistung,44.6,2026-05-27T09:56:32.546Z
sensor.shelly_plug_sg3_wk_waschmaschine_wk_waschmaschine_leistung,38.5,2026-05-27T09:56:33.573Z
sensor.shelly_plug_sg3_wk_waschmaschine_wk_waschmaschine_leistung,33.9,2026-05-27T09:56:34.596Z
sensor.shelly_plug_sg3_wk_waschmaschine_wk_waschmaschine_leistung,56.7,2026-05-27T09:56:35.630Z
sensor.shelly_plug_sg3_wk_waschmaschine_wk_waschmaschine_leistung,76.5,2026-05-27T09:56:36.659Z
sensor.shelly_plug_sg3_wk_waschmaschine_wk_waschmaschine_leistung,66.4,2026-05-27T09:56:37.687Z
sensor.shelly_plug_sg3_wk_waschmaschine_wk_waschmaschine_leistung,75.4,2026-05-27T09:56:38.715Z
sensor.shelly_plug_sg3_wk_waschmaschine_wk_waschmaschine_leistung,99.8,2026-05-27T09:56:39.744Z
sensor.shelly_plug_sg3_wk_waschmaschine_wk_waschmaschine_leistung,104.9,2026-05-27T09:56:43.846Z
sensor.shelly_plug_sg3_wk_waschmaschine_wk_waschmaschine_leistung,67.3,2026-05-27T09:56:47.968Z
sensor.shelly_plug_sg3_wk_waschmaschine_wk_waschmaschine_leistung,4.4,2026-05-27T09:56:48.996Z
sensor.shelly_plug_sg3_wk_waschmaschine_wk_waschmaschine_leistung,13.6,2026-05-27T09:56:50.029Z
sensor.shelly_plug_sg3_wk_waschmaschine_wk_waschmaschine_leistung,70.8,2026-05-27T09:56:51.052Z
sensor.shelly_plug_sg3_wk_waschmaschine_wk_waschmaschine_leistung,115.1,2026-05-27T09:56:52.084Z
sensor.shelly_plug_sg3_wk_waschmaschine_wk_waschmaschine_leistung,99.1,2026-05-27T09:56:53.109Z
sensor.shelly_plug_sg3_wk_waschmaschine_wk_waschmaschine_leistung,105.0,2026-05-27T09:56:55.167Z
sensor.shelly_plug_sg3_wk_waschmaschine_wk_waschmaschine_leistung,95.5,2026-05-27T09:56:56.197Z
sensor.shelly_plug_sg3_wk_waschmaschine_wk_waschmaschine_leistung,104.3,2026-05-27T09:56:57.222Z
sensor.shelly_plug_sg3_wk_waschmaschine_wk_waschmaschine_leistung,102.7,2026-05-27T09:56:59.996Z
sensor.shelly_plug_sg3_wk_waschmaschine_wk_waschmaschine_leistung,113.6,2026-05-27T09:57:01.334Z
sensor.shelly_plug_sg3_wk_waschmaschine_wk_waschmaschine_leistung,85.9,2026-05-27T09:57:02.362Z
sensor.shelly_plug_sg3_wk_waschmaschine_wk_waschmaschine_leistung,95.8,2026-05-27T09:57:03.390Z
sensor.shelly_plug_sg3_wk_waschmaschine_wk_waschmaschine_leistung,82.7,2026-05-27T09:57:04.418Z
sensor.shelly_plug_sg3_wk_waschmaschine_wk_waschmaschine_leistung,75.6,2026-05-27T09:57:05.449Z
sensor.shelly_plug_sg3_wk_waschmaschine_wk_waschmaschine_leistung,60.9,2026-05-27T09:57:06.475Z
sensor.shelly_plug_sg3_wk_waschmaschine_wk_waschmaschine_leistung,42.3,2026-05-27T09:57:07.503Z
sensor.shelly_plug_sg3_wk_waschmaschine_wk_waschmaschine_leistung,37.7,2026-05-27T09:57:08.522Z
sensor.shelly_plug_sg3_wk_waschmaschine_wk_waschmaschine_leistung,35.8,2026-05-27T09:57:09.560Z
sensor.shelly_plug_sg3_wk_waschmaschine_wk_waschmaschine_leistung,56.1,2026-05-27T09:57:10.588Z
sensor.shelly_plug_sg3_wk_waschmaschine_wk_waschmaschine_leistung,82.5,2026-05-27T09:57:11.616Z
sensor.shelly_plug_sg3_wk_waschmaschine_wk_waschmaschine_leistung,77.4,2026-05-27T09:57:12.646Z
sensor.shelly_plug_sg3_wk_waschmaschine_wk_waschmaschine_leistung,82.8,2026-05-27T09:57:13.672Z
sensor.shelly_plug_sg3_wk_waschmaschine_wk_waschmaschine_leistung,88.4,2026-05-27T09:57:14.700Z
sensor.shelly_plug_sg3_wk_waschmaschine_wk_waschmaschine_leistung,96.5,2026-05-27T09:57:16.758Z
sensor.shelly_plug_sg3_wk_waschmaschine_wk_waschmaschine_leistung,91.6,2026-05-27T09:57:19.832Z
sensor.shelly_plug_sg3_wk_waschmaschine_wk_waschmaschine_leistung,12.6,2026-05-27T09:57:22.925Z
sensor.shelly_plug_sg3_wk_waschmaschine_wk_waschmaschine_leistung,4.0,2026-05-27T09:57:23.953Z
sensor.shelly_plug_sg3_wk_waschmaschine_wk_waschmaschine_leistung,123.5,2026-05-27T09:57:26.010Z
sensor.shelly_plug_sg3_wk_waschmaschine_wk_waschmaschine_leistung,114.2,2026-05-27T09:57:27.038Z
sensor.shelly_plug_sg3_wk_waschmaschine_wk_waschmaschine_leistung,120.1,2026-05-27T09:57:32.170Z
sensor.shelly_plug_sg3_wk_waschmaschine_wk_waschmaschine_leistung,111.7,2026-05-27T09:57:33.197Z
sensor.shelly_plug_sg3_wk_waschmaschine_wk_waschmaschine_leistung,102.2,2026-05-27T09:57:34.234Z
sensor.shelly_plug_sg3_wk_waschmaschine_wk_waschmaschine_leistung,92.7,2026-05-27T09:57:36.290Z
sensor.shelly_plug_sg3_wk_waschmaschine_wk_waschmaschine_leistung,80.7,2026-05-27T09:57:37.321Z
sensor.shelly_plug_sg3_wk_waschmaschine_wk_waschmaschine_leistung,66.7,2026-05-27T09:57:38.347Z
sensor.shelly_plug_sg3_wk_waschmaschine_wk_waschmaschine_leistung,49.9,2026-05-27T09:57:39.375Z
sensor.shelly_plug_sg3_wk_waschmaschine_wk_waschmaschine_leistung,41.1,2026-05-27T09:57:40.404Z
sensor.shelly_plug_sg3_wk_waschmaschine_wk_waschmaschine_leistung,49.2,2026-05-27T09:57:41.431Z
sensor.shelly_plug_sg3_wk_waschmaschine_wk_waschmaschine_leistung,45.2,2026-05-27T09:57:42.453Z
sensor.shelly_plug_sg3_wk_waschmaschine_wk_waschmaschine_leistung,56.2,2026-05-27T09:57:43.491Z
sensor.shelly_plug_sg3_wk_waschmaschine_wk_waschmaschine_leistung,85.0,2026-05-27T09:57:44.516Z
sensor.shelly_plug_sg3_wk_waschmaschine_wk_waschmaschine_leistung,95.1,2026-05-27T09:57:46.574Z
sensor.shelly_plug_sg3_wk_waschmaschine_wk_waschmaschine_leistung,103.9,2026-05-27T09:57:47.593Z
sensor.shelly_plug_sg3_wk_waschmaschine_wk_waschmaschine_leistung,110.0,2026-05-27T09:57:51.713Z
sensor.shelly_plug_sg3_wk_waschmaschine_wk_waschmaschine_leistung,99.8,2026-05-27T09:57:53.773Z
sensor.shelly_plug_sg3_wk_waschmaschine_wk_waschmaschine_leistung,106.3,2026-05-27T09:57:54.797Z
sensor.shelly_plug_sg3_wk_waschmaschine_wk_waschmaschine_leistung,8.7,2026-05-27T09:57:55.825Z
sensor.shelly_plug_sg3_wk_waschmaschine_wk_waschmaschine_leistung,3.7,2026-05-27T09:57:56.853Z
sensor.shelly_plug_sg3_wk_waschmaschine_wk_waschmaschine_leistung,5.1,2026-05-27T09:57:57.874Z
sensor.shelly_plug_sg3_wk_waschmaschine_wk_waschmaschine_leistung,113.6,2026-05-27T09:57:58.911Z
sensor.shelly_plug_sg3_wk_waschmaschine_wk_waschmaschine_leistung,102.9,2026-05-27T09:57:59.940Z
sensor.shelly_plug_sg3_wk_waschmaschine_wk_waschmaschine_leistung,89.0,2026-05-27T09:58:09.190Z
sensor.shelly_plug_sg3_wk_waschmaschine_wk_waschmaschine_leistung,76.0,2026-05-27T09:58:10.217Z
sensor.shelly_plug_sg3_wk_waschmaschine_wk_waschmaschine_leistung,62.8,2026-05-27T09:58:11.246Z
sensor.shelly_plug_sg3_wk_waschmaschine_wk_waschmaschine_leistung,42.9,2026-05-27T09:58:12.274Z
sensor.shelly_plug_sg3_wk_waschmaschine_wk_waschmaschine_leistung,45.5,2026-05-27T09:58:13.294Z
sensor.shelly_plug_sg3_wk_waschmaschine_wk_waschmaschine_leistung,36.5,2026-05-27T09:58:14.329Z
sensor.shelly_plug_sg3_wk_waschmaschine_wk_waschmaschine_leistung,30.8,2026-05-27T09:58:15.357Z
sensor.shelly_plug_sg3_wk_waschmaschine_wk_waschmaschine_leistung,68.8,2026-05-27T09:58:17.413Z
sensor.shelly_plug_sg3_wk_waschmaschine_wk_waschmaschine_leistung,85.8,2026-05-27T09:58:18.441Z
sensor.shelly_plug_sg3_wk_waschmaschine_wk_waschmaschine_leistung,92.6,2026-05-27T09:58:20.497Z
sensor.shelly_plug_sg3_wk_waschmaschine_wk_waschmaschine_leistung,97.6,2026-05-27T09:58:22.544Z
sensor.shelly_plug_sg3_wk_waschmaschine_wk_waschmaschine_leistung,91.3,2026-05-27T09:58:27.684Z
sensor.shelly_plug_sg3_wk_waschmaschine_wk_waschmaschine_leistung,45.1,2026-05-27T09:58:28.722Z
sensor.shelly_plug_sg3_wk_waschmaschine_wk_waschmaschine_leistung,4.5,2026-05-27T09:58:29.749Z
sensor.shelly_plug_sg3_wk_waschmaschine_wk_waschmaschine_leistung,124.2,2026-05-27T09:58:31.805Z
sensor.shelly_plug_sg3_wk_waschmaschine_wk_waschmaschine_leistung,103.1,2026-05-27T09:58:32.834Z
sensor.shelly_plug_sg3_wk_waschmaschine_wk_waschmaschine_leistung,113.4,2026-05-27T09:58:33.862Z
sensor.shelly_plug_sg3_wk_waschmaschine_wk_waschmaschine_leistung,105.0,2026-05-27T09:58:40.029Z
sensor.shelly_plug_sg3_wk_waschmaschine_wk_waschmaschine_leistung,111.2,2026-05-27T09:58:41.058Z
sensor.shelly_plug_sg3_wk_waschmaschine_wk_waschmaschine_leistung,78.4,2026-05-27T09:58:43.114Z
sensor.shelly_plug_sg3_wk_waschmaschine_wk_waschmaschine_leistung,63.6,2026-05-27T09:58:44.142Z
sensor.shelly_plug_sg3_wk_waschmaschine_wk_waschmaschine_leistung,52.6,2026-05-27T09:58:45.174Z
sensor.shelly_plug_sg3_wk_waschmaschine_wk_waschmaschine_leistung,37.5,2026-05-27T09:58:46.199Z
sensor.shelly_plug_sg3_wk_waschmaschine_wk_waschmaschine_leistung,30.7,2026-05-27T09:58:47.227Z
sensor.shelly_plug_sg3_wk_waschmaschine_wk_waschmaschine_leistung,68.6,2026-05-27T09:58:49.282Z
sensor.shelly_plug_sg3_wk_waschmaschine_wk_waschmaschine_leistung,73.2,2026-05-27T09:58:51.329Z
sensor.shelly_plug_sg3_wk_waschmaschine_wk_waschmaschine_leistung,88.1,2026-05-27T09:58:52.366Z
sensor.shelly_plug_sg3_wk_waschmaschine_wk_waschmaschine_leistung,95.7,2026-05-27T09:58:53.395Z
sensor.shelly_plug_sg3_wk_waschmaschine_wk_waschmaschine_leistung,106.0,2026-05-27T09:58:54.423Z
sensor.shelly_plug_sg3_wk_waschmaschine_wk_waschmaschine_leistung,93.0,2026-05-27T09:58:55.451Z
sensor.shelly_plug_sg3_wk_waschmaschine_wk_waschmaschine_leistung,102.5,2026-05-27T09:58:56.479Z
sensor.shelly_plug_sg3_wk_waschmaschine_wk_waschmaschine_leistung,99.2,2026-05-27T09:58:59.993Z
sensor.shelly_plug_sg3_wk_waschmaschine_wk_waschmaschine_leistung,39.5,2026-05-27T09:59:01.620Z
sensor.shelly_plug_sg3_wk_waschmaschine_wk_waschmaschine_leistung,3.7,2026-05-27T09:59:02.649Z
sensor.shelly_plug_sg3_wk_waschmaschine_wk_waschmaschine_leistung,31.2,2026-05-27T09:59:03.669Z
sensor.shelly_plug_sg3_wk_waschmaschine_wk_waschmaschine_leistung,92.1,2026-05-27T09:59:04.705Z
sensor.shelly_plug_sg3_wk_waschmaschine_wk_waschmaschine_leistung,107.0,2026-05-27T09:59:05.732Z
sensor.shelly_plug_sg3_wk_waschmaschine_wk_waschmaschine_leistung,94.4,2026-05-27T09:59:06.760Z
sensor.shelly_plug_sg3_wk_waschmaschine_wk_waschmaschine_leistung,105.4,2026-05-27T09:59:07.789Z
sensor.shelly_plug_sg3_wk_waschmaschine_wk_waschmaschine_leistung,99.3,2026-05-27T09:59:10.877Z
sensor.shelly_plug_sg3_wk_waschmaschine_wk_waschmaschine_leistung,107.5,2026-05-27T09:59:11.904Z
sensor.shelly_plug_sg3_wk_waschmaschine_wk_waschmaschine_leistung,97.6,2026-05-27T09:59:12.930Z
sensor.shelly_plug_sg3_wk_waschmaschine_wk_waschmaschine_leistung,85.4,2026-05-27T09:59:16.013Z
sensor.shelly_plug_sg3_wk_waschmaschine_wk_waschmaschine_leistung,69.1,2026-05-27T09:59:17.041Z
sensor.shelly_plug_sg3_wk_waschmaschine_wk_waschmaschine_leistung,51.4,2026-05-27T09:59:19.097Z
sensor.shelly_plug_sg3_wk_waschmaschine_wk_waschmaschine_leistung,34.9,2026-05-27T09:59:20.126Z
sensor.shelly_plug_sg3_wk_waschmaschine_wk_waschmaschine_leistung,29.6,2026-05-27T09:59:21.156Z
sensor.shelly_plug_sg3_wk_waschmaschine_wk_waschmaschine_leistung,44.6,2026-05-27T09:59:22.182Z
sensor.shelly_plug_sg3_wk_waschmaschine_wk_waschmaschine_leistung,55.0,2026-05-27T09:59:23.211Z
sensor.shelly_plug_sg3_wk_waschmaschine_wk_waschmaschine_leistung,71.0,2026-05-27T09:59:24.239Z
sensor.shelly_plug_sg3_wk_waschmaschine_wk_waschmaschine_leistung,78.4,2026-05-27T09:59:25.268Z
sensor.shelly_plug_sg3_wk_waschmaschine_wk_waschmaschine_leistung,86.6,2026-05-27T09:59:26.296Z
sensor.shelly_plug_sg3_wk_waschmaschine_wk_waschmaschine_leistung,93.1,2026-05-27T09:59:28.352Z
sensor.shelly_plug_sg3_wk_waschmaschine_wk_waschmaschine_leistung,69.6,2026-05-27T09:59:34.518Z
sensor.shelly_plug_sg3_wk_waschmaschine_wk_waschmaschine_leistung,5.8,2026-05-27T09:59:35.550Z
sensor.shelly_plug_sg3_wk_waschmaschine_wk_waschmaschine_leistung,9.3,2026-05-27T09:59:36.567Z
sensor.shelly_plug_sg3_wk_waschmaschine_wk_waschmaschine_leistung,88.5,2026-05-27T09:59:37.605Z
sensor.shelly_plug_sg3_wk_waschmaschine_wk_waschmaschine_leistung,135.9,2026-05-27T09:59:38.632Z
sensor.shelly_plug_sg3_wk_waschmaschine_wk_waschmaschine_leistung,124.9,2026-05-27T09:59:39.659Z
sensor.shelly_plug_sg3_wk_waschmaschine_wk_waschmaschine_leistung,117.5,2026-05-27T09:59:40.688Z
sensor.shelly_plug_sg3_wk_waschmaschine_wk_waschmaschine_leistung,93.0,2026-05-27T09:59:45.831Z
sensor.shelly_plug_sg3_wk_waschmaschine_wk_waschmaschine_leistung,28.4,2026-05-27T09:59:46.864Z
sensor.shelly_plug_sg3_wk_waschmaschine_wk_waschmaschine_leistung,21.2,2026-05-27T09:59:47.884Z
sensor.shelly_plug_sg3_wk_waschmaschine_wk_waschmaschine_leistung,22.6,2026-05-27T09:59:51.986Z
sensor.shelly_plug_sg3_wk_waschmaschine_wk_waschmaschine_leistung,23.9,2026-05-27T09:59:56.099Z
sensor.shelly_plug_sg3_wk_waschmaschine_wk_waschmaschine_leistung,25.7,2026-05-27T09:59:58.155Z
sensor.shelly_plug_sg3_wk_waschmaschine_wk_waschmaschine_leistung,24.5,2026-05-27T09:59:59.989Z
sensor.shelly_plug_sg3_wk_waschmaschine_wk_waschmaschine_leistung,22.6,2026-05-27T10:00:00.210Z
sensor.shelly_plug_sg3_wk_waschmaschine_wk_waschmaschine_leistung,19.6,2026-05-27T10:00:01.238Z
sensor.shelly_plug_sg3_wk_waschmaschine_wk_waschmaschine_leistung,17.8,2026-05-27T10:00:02.270Z
sensor.shelly_plug_sg3_wk_waschmaschine_wk_waschmaschine_leistung,3.9,2026-05-27T10:00:05.361Z
sensor.shelly_plug_sg3_wk_waschmaschine_wk_waschmaschine_leistung,96.7,2026-05-27T10:00:37.223Z
sensor.shelly_plug_sg3_wk_waschmaschine_wk_waschmaschine_leistung,116.3,2026-05-27T10:00:38.251Z
sensor.shelly_plug_sg3_wk_waschmaschine_wk_waschmaschine_leistung,105.7,2026-05-27T10:00:40.307Z
sensor.shelly_plug_sg3_wk_waschmaschine_wk_waschmaschine_leistung,85.9,2026-05-27T10:00:41.337Z
sensor.shelly_plug_sg3_wk_waschmaschine_wk_waschmaschine_leistung,63.2,2026-05-27T10:00:42.367Z
sensor.shelly_plug_sg3_wk_waschmaschine_wk_waschmaschine_leistung,47.1,2026-05-27T10:00:43.395Z
sensor.shelly_plug_sg3_wk_waschmaschine_wk_waschmaschine_leistung,40.6,2026-05-27T10:00:44.420Z
sensor.shelly_plug_sg3_wk_waschmaschine_wk_waschmaschine_leistung,38.5,2026-05-27T10:00:46.467Z
sensor.shelly_plug_sg3_wk_waschmaschine_wk_waschmaschine_leistung,50.4,2026-05-27T10:00:53.674Z
sensor.shelly_plug_sg3_wk_waschmaschine_wk_waschmaschine_leistung,330.5,2026-05-27T10:00:54.700Z
sensor.shelly_plug_sg3_wk_waschmaschine_wk_waschmaschine_leistung,192.3,2026-05-27T10:00:55.730Z
sensor.shelly_plug_sg3_wk_waschmaschine_wk_waschmaschine_leistung,21.6,2026-05-27T10:00:56.757Z
sensor.shelly_plug_sg3_wk_waschmaschine_wk_waschmaschine_leistung,23.0,2026-05-27T10:00:57.776Z
sensor.shelly_plug_sg3_wk_waschmaschine_wk_waschmaschine_leistung,23.8,2026-05-27T10:00:59.985Z
sensor.shelly_plug_sg3_wk_waschmaschine_wk_waschmaschine_leistung,5.7,2026-05-27T10:01:03.952Z
sensor.shelly_plug_sg3_wk_waschmaschine_wk_waschmaschine_leistung,3.6,2026-05-27T10:01:04.971Z
sensor.shelly_plug_sg3_wk_waschmaschine_wk_waschmaschine_leistung,74.1,2026-05-27T10:01:36.847Z
sensor.shelly_plug_sg3_wk_waschmaschine_wk_waschmaschine_leistung,83.1,2026-05-27T10:01:37.862Z
sensor.shelly_plug_sg3_wk_waschmaschine_wk_waschmaschine_leistung,76.9,2026-05-27T10:01:40.956Z
sensor.shelly_plug_sg3_wk_waschmaschine_wk_waschmaschine_leistung,69.2,2026-05-27T10:01:41.984Z
sensor.shelly_plug_sg3_wk_waschmaschine_wk_waschmaschine_leistung,51.6,2026-05-27T10:01:43.013Z
sensor.shelly_plug_sg3_wk_waschmaschine_wk_waschmaschine_leistung,43.2,2026-05-27T10:01:44.041Z
sensor.shelly_plug_sg3_wk_waschmaschine_wk_waschmaschine_leistung,40.6,2026-05-27T10:01:45.059Z
sensor.shelly_plug_sg3_wk_waschmaschine_wk_waschmaschine_leistung,36.5,2026-05-27T10:01:46.097Z
sensor.shelly_plug_sg3_wk_waschmaschine_wk_waschmaschine_leistung,311.3,2026-05-27T10:01:54.321Z
sensor.shelly_plug_sg3_wk_waschmaschine_wk_waschmaschine_leistung,189.8,2026-05-27T10:01:55.349Z
sensor.shelly_plug_sg3_wk_waschmaschine_wk_waschmaschine_leistung,52.6,2026-05-27T10:01:56.377Z
sensor.shelly_plug_sg3_wk_waschmaschine_wk_waschmaschine_leistung,27.4,2026-05-27T10:01:57.405Z
sensor.shelly_plug_sg3_wk_waschmaschine_wk_waschmaschine_leistung,31.0,2026-05-27T10:01:58.424Z
sensor.shelly_plug_sg3_wk_waschmaschine_wk_waschmaschine_leistung,49.2,2026-05-27T10:01:59.462Z
sensor.shelly_plug_sg3_wk_waschmaschine_wk_waschmaschine_leistung,83.2,2026-05-27T10:02:00.490Z
sensor.shelly_plug_sg3_wk_waschmaschine_wk_waschmaschine_leistung,101.1,2026-05-27T10:02:01.518Z
sensor.shelly_plug_sg3_wk_waschmaschine_wk_waschmaschine_leistung,107.3,2026-05-27T10:02:04.605Z
sensor.shelly_plug_sg3_wk_waschmaschine_wk_waschmaschine_leistung,121.8,2026-05-27T10:02:05.632Z
sensor.shelly_plug_sg3_wk_waschmaschine_wk_waschmaschine_leistung,128.8,2026-05-27T10:02:06.661Z
sensor.shelly_plug_sg3_wk_waschmaschine_wk_waschmaschine_leistung,136.0,2026-05-27T10:02:07.687Z
sensor.shelly_plug_sg3_wk_waschmaschine_wk_waschmaschine_leistung,151.8,2026-05-27T10:02:08.716Z
sensor.shelly_plug_sg3_wk_waschmaschine_wk_waschmaschine_leistung,161.0,2026-05-27T10:02:09.745Z
sensor.shelly_plug_sg3_wk_waschmaschine_wk_waschmaschine_leistung,170.0,2026-05-27T10:02:10.774Z
sensor.shelly_plug_sg3_wk_waschmaschine_wk_waschmaschine_leistung,180.5,2026-05-27T10:02:11.801Z
sensor.shelly_plug_sg3_wk_waschmaschine_wk_waschmaschine_leistung,203.6,2026-05-27T10:02:12.830Z
sensor.shelly_plug_sg3_wk_waschmaschine_wk_waschmaschine_leistung,216.1,2026-05-27T10:02:13.856Z
sensor.shelly_plug_sg3_wk_waschmaschine_wk_waschmaschine_leistung,229.0,2026-05-27T10:02:14.884Z
sensor.shelly_plug_sg3_wk_waschmaschine_wk_waschmaschine_leistung,168.1,2026-05-27T10:02:15.912Z
sensor.shelly_plug_sg3_wk_waschmaschine_wk_waschmaschine_leistung,117.4,2026-05-27T10:02:16.941Z
sensor.shelly_plug_sg3_wk_waschmaschine_wk_waschmaschine_leistung,104.9,2026-05-27T10:02:17.969Z
sensor.shelly_plug_sg3_wk_waschmaschine_wk_waschmaschine_leistung,111.8,2026-05-27T10:02:18.997Z
sensor.shelly_plug_sg3_wk_waschmaschine_wk_waschmaschine_leistung,134.8,2026-05-27T10:02:20.026Z
sensor.shelly_plug_sg3_wk_waschmaschine_wk_waschmaschine_leistung,179.5,2026-05-27T10:02:21.054Z
sensor.shelly_plug_sg3_wk_waschmaschine_wk_waschmaschine_leistung,244.9,2026-05-27T10:02:22.085Z
sensor.shelly_plug_sg3_wk_waschmaschine_wk_waschmaschine_leistung,357.6,2026-05-27T10:02:23.118Z
sensor.shelly_plug_sg3_wk_waschmaschine_wk_waschmaschine_leistung,395.0,2026-05-27T10:02:24.145Z
sensor.shelly_plug_sg3_wk_waschmaschine_wk_waschmaschine_leistung,421.7,2026-05-27T10:02:25.167Z
sensor.shelly_plug_sg3_wk_waschmaschine_wk_waschmaschine_leistung,360.7,2026-05-27T10:02:26.195Z
sensor.shelly_plug_sg3_wk_waschmaschine_wk_waschmaschine_leistung,219.7,2026-05-27T10:02:27.226Z
sensor.shelly_plug_sg3_wk_waschmaschine_wk_waschmaschine_leistung,189.7,2026-05-27T10:02:28.252Z
sensor.shelly_plug_sg3_wk_waschmaschine_wk_waschmaschine_leistung,173.6,2026-05-27T10:02:29.280Z
sensor.shelly_plug_sg3_wk_waschmaschine_wk_waschmaschine_leistung,194.4,2026-05-27T10:02:30.309Z
sensor.shelly_plug_sg3_wk_waschmaschine_wk_waschmaschine_leistung,287.2,2026-05-27T10:02:31.336Z
sensor.shelly_plug_sg3_wk_waschmaschine_wk_waschmaschine_leistung,343.7,2026-05-27T10:02:32.368Z
sensor.shelly_plug_sg3_wk_waschmaschine_wk_waschmaschine_leistung,316.5,2026-05-27T10:02:33.393Z
sensor.shelly_plug_sg3_wk_waschmaschine_wk_waschmaschine_leistung,396.8,2026-05-27T10:02:35.449Z
sensor.shelly_plug_sg3_wk_waschmaschine_wk_waschmaschine_leistung,467.7,2026-05-27T10:02:36.478Z
sensor.shelly_plug_sg3_wk_waschmaschine_wk_waschmaschine_leistung,349.4,2026-05-27T10:02:37.505Z
sensor.shelly_plug_sg3_wk_waschmaschine_wk_waschmaschine_leistung,278.8,2026-05-27T10:02:38.533Z
sensor.shelly_plug_sg3_wk_waschmaschine_wk_waschmaschine_leistung,220.9,2026-05-27T10:02:39.561Z
sensor.shelly_plug_sg3_wk_waschmaschine_wk_waschmaschine_leistung,177.6,2026-05-27T10:02:40.589Z
sensor.shelly_plug_sg3_wk_waschmaschine_wk_waschmaschine_leistung,127.9,2026-05-27T10:02:41.618Z
sensor.shelly_plug_sg3_wk_waschmaschine_wk_waschmaschine_leistung,117.4,2026-05-27T10:02:42.646Z
sensor.shelly_plug_sg3_wk_waschmaschine_wk_waschmaschine_leistung,137.1,2026-05-27T10:02:45.730Z
sensor.shelly_plug_sg3_wk_waschmaschine_wk_waschmaschine_leistung,150.9,2026-05-27T10:02:46.758Z
sensor.shelly_plug_sg3_wk_waschmaschine_wk_waschmaschine_leistung,165.3,2026-05-27T10:02:47.786Z
sensor.shelly_plug_sg3_wk_waschmaschine_wk_waschmaschine_leistung,187.6,2026-05-27T10:02:48.814Z
sensor.shelly_plug_sg3_wk_waschmaschine_wk_waschmaschine_leistung,176.9,2026-05-27T10:02:54.983Z
sensor.shelly_plug_sg3_wk_waschmaschine_wk_waschmaschine_leistung,169.4,2026-05-27T10:03:00.048Z
sensor.shelly_plug_sg3_wk_waschmaschine_wk_waschmaschine_leistung,177.2,2026-05-27T10:04:00.045Z
sensor.shelly_plug_sg3_wk_waschmaschine_wk_waschmaschine_leistung,149.4,2026-05-27T10:04:28.515Z
sensor.shelly_plug_sg3_wk_waschmaschine_wk_waschmaschine_leistung,20.7,2026-05-27T10:04:29.542Z
sensor.shelly_plug_sg3_wk_waschmaschine_wk_waschmaschine_leistung,16.9,2026-05-27T10:04:30.573Z
sensor.shelly_plug_sg3_wk_waschmaschine_wk_waschmaschine_leistung,16.8,2026-05-27T10:05:00.045Z
sensor.shelly_plug_sg3_wk_waschmaschine_wk_waschmaschine_leistung,15.7,2026-05-27T10:05:10.648Z
sensor.shelly_plug_sg3_wk_waschmaschine_wk_waschmaschine_leistung,4.2,2026-05-27T10:05:11.684Z
sensor.shelly_plug_sg3_wk_waschmaschine_wk_waschmaschine_leistung,11.0,2026-05-27T10:05:29.148Z
sensor.shelly_plug_sg3_wk_waschmaschine_wk_waschmaschine_leistung,37.5,2026-05-27T10:05:35.327Z
sensor.shelly_plug_sg3_wk_waschmaschine_wk_waschmaschine_leistung,45.4,2026-05-27T10:05:36.353Z
sensor.shelly_plug_sg3_wk_waschmaschine_wk_waschmaschine_leistung,29.6,2026-05-27T10:05:37.382Z
sensor.shelly_plug_sg3_wk_waschmaschine_wk_waschmaschine_leistung,43.3,2026-05-27T10:05:38.414Z
sensor.shelly_plug_sg3_wk_waschmaschine_wk_waschmaschine_leistung,11.7,2026-05-27T10:05:39.438Z
sensor.shelly_plug_sg3_wk_waschmaschine_wk_waschmaschine_leistung,30.2,2026-05-27T10:05:44.578Z
sensor.shelly_plug_sg3_wk_waschmaschine_wk_waschmaschine_leistung,55.8,2026-05-27T10:05:45.606Z
sensor.shelly_plug_sg3_wk_waschmaschine_wk_waschmaschine_leistung,45.9,2026-05-27T10:05:46.634Z
sensor.shelly_plug_sg3_wk_waschmaschine_wk_waschmaschine_leistung,43.0,2026-05-27T10:05:48.680Z
sensor.shelly_plug_sg3_wk_waschmaschine_wk_waschmaschine_leistung,47.2,2026-05-27T10:05:49.708Z
sensor.shelly_plug_sg3_wk_waschmaschine_wk_waschmaschine_leistung,44.8,2026-05-27T10:05:50.736Z
sensor.shelly_plug_sg3_wk_waschmaschine_wk_waschmaschine_leistung,49.6,2026-05-27T10:05:51.768Z
sensor.shelly_plug_sg3_wk_waschmaschine_wk_waschmaschine_leistung,46.7,2026-05-27T10:05:53.821Z
sensor.shelly_plug_sg3_wk_waschmaschine_wk_waschmaschine_leistung,15.0,2026-05-27T10:05:54.858Z
sensor.shelly_plug_sg3_wk_waschmaschine_wk_waschmaschine_leistung,11.1,2026-05-27T10:05:55.887Z
sensor.shelly_plug_sg3_wk_waschmaschine_wk_waschmaschine_leistung,11.5,2026-05-27T10:06:00.040Z
sensor.shelly_plug_sg3_wk_waschmaschine_wk_waschmaschine_leistung,65.0,2026-05-27T10:06:01.027Z
sensor.shelly_plug_sg3_wk_waschmaschine_wk_waschmaschine_leistung,46.3,2026-05-27T10:06:02.055Z
sensor.shelly_plug_sg3_wk_waschmaschine_wk_waschmaschine_leistung,57.7,2026-05-27T10:06:03.084Z
sensor.shelly_plug_sg3_wk_waschmaschine_wk_waschmaschine_leistung,52.0,2026-05-27T10:06:07.196Z
sensor.shelly_plug_sg3_wk_waschmaschine_wk_waschmaschine_leistung,59.4,2026-05-27T10:06:09.252Z
sensor.shelly_plug_sg3_wk_waschmaschine_wk_waschmaschine_leistung,36.0,2026-05-27T10:06:10.282Z
sensor.shelly_plug_sg3_wk_waschmaschine_wk_waschmaschine_leistung,11.6,2026-05-27T10:06:11.311Z
sensor.shelly_plug_sg3_wk_waschmaschine_wk_waschmaschine_leistung,38.9,2026-05-27T10:06:15.422Z
sensor.shelly_plug_sg3_wk_waschmaschine_wk_waschmaschine_leistung,94.8,2026-05-27T10:06:16.449Z
sensor.shelly_plug_sg3_wk_waschmaschine_wk_waschmaschine_leistung,75.1,2026-05-27T10:06:17.477Z
sensor.shelly_plug_sg3_wk_waschmaschine_wk_waschmaschine_leistung,81.1,2026-05-27T10:06:19.533Z
sensor.shelly_plug_sg3_wk_waschmaschine_wk_waschmaschine_leistung,85.4,2026-05-27T10:06:24.663Z
sensor.shelly_plug_sg3_wk_waschmaschine_wk_waschmaschine_leistung,79.6,2026-05-27T10:06:25.691Z
sensor.shelly_plug_sg3_wk_waschmaschine_wk_waschmaschine_leistung,11.1,2026-05-27T10:06:26.728Z
sensor.shelly_plug_sg3_wk_waschmaschine_wk_waschmaschine_leistung,12.5,2026-05-27T10:06:30.831Z
sensor.shelly_plug_sg3_wk_waschmaschine_wk_waschmaschine_leistung,73.1,2026-05-27T10:06:31.871Z
sensor.shelly_plug_sg3_wk_waschmaschine_wk_waschmaschine_leistung,100.9,2026-05-27T10:06:32.897Z
sensor.shelly_plug_sg3_wk_waschmaschine_wk_waschmaschine_leistung,91.4,2026-05-27T10:06:33.927Z
sensor.shelly_plug_sg3_wk_waschmaschine_wk_waschmaschine_leistung,49.6,2026-05-27T10:06:41.121Z
sensor.shelly_plug_sg3_wk_waschmaschine_wk_waschmaschine_leistung,11.4,2026-05-27T10:06:42.151Z
sensor.shelly_plug_sg3_wk_waschmaschine_wk_waschmaschine_leistung,5.8,2026-05-27T10:06:46.251Z
sensor.shelly_plug_sg3_wk_waschmaschine_wk_waschmaschine_leistung,44.3,2026-05-27T10:06:47.291Z
sensor.shelly_plug_sg3_wk_waschmaschine_wk_waschmaschine_leistung,125.8,2026-05-27T10:06:48.319Z
sensor.shelly_plug_sg3_wk_waschmaschine_wk_waschmaschine_leistung,110.3,2026-05-27T10:06:49.346Z
sensor.shelly_plug_sg3_wk_waschmaschine_wk_waschmaschine_leistung,119.6,2026-05-27T10:06:54.485Z
sensor.shelly_plug_sg3_wk_waschmaschine_wk_waschmaschine_leistung,97.8,2026-05-27T10:06:56.541Z
sensor.shelly_plug_sg3_wk_waschmaschine_wk_waschmaschine_leistung,6.8,2026-05-27T10:06:57.569Z
sensor.shelly_plug_sg3_wk_waschmaschine_wk_waschmaschine_leistung,3.6,2026-05-27T10:06:58.597Z
sensor.shelly_plug_sg3_wk_waschmaschine_wk_waschmaschine_leistung,91.7,2026-05-27T10:07:02.709Z
sensor.shelly_plug_sg3_wk_waschmaschine_wk_waschmaschine_leistung,121.7,2026-05-27T10:07:03.737Z
sensor.shelly_plug_sg3_wk_waschmaschine_wk_waschmaschine_leistung,111.5,2026-05-27T10:07:05.786Z
sensor.shelly_plug_sg3_wk_waschmaschine_wk_waschmaschine_leistung,41.6,2026-05-27T10:07:12.991Z
sensor.shelly_plug_sg3_wk_waschmaschine_wk_waschmaschine_leistung,3.6,2026-05-27T10:07:14.017Z
sensor.shelly_plug_sg3_wk_waschmaschine_wk_waschmaschine_leistung,54.3,2026-05-27T10:07:18.129Z
sensor.shelly_plug_sg3_wk_waschmaschine_wk_waschmaschine_leistung,147.6,2026-05-27T10:07:19.157Z
sensor.shelly_plug_sg3_wk_waschmaschine_wk_waschmaschine_leistung,120.1,2026-05-27T10:07:20.186Z
sensor.shelly_plug_sg3_wk_waschmaschine_wk_waschmaschine_leistung,5.8,2026-05-27T10:07:28.409Z
sensor.shelly_plug_sg3_wk_waschmaschine_wk_waschmaschine_leistung,3.7,2026-05-27T10:07:29.437Z
sensor.shelly_plug_sg3_wk_waschmaschine_wk_waschmaschine_leistung,10.7,2026-05-27T10:07:33.548Z
sensor.shelly_plug_sg3_wk_waschmaschine_wk_waschmaschine_leistung,102.2,2026-05-27T10:07:34.576Z
sensor.shelly_plug_sg3_wk_waschmaschine_wk_waschmaschine_leistung,124.8,2026-05-27T10:07:35.604Z
sensor.shelly_plug_sg3_wk_waschmaschine_wk_waschmaschine_leistung,111.8,2026-05-27T10:07:36.633Z
sensor.shelly_plug_sg3_wk_waschmaschine_wk_waschmaschine_leistung,28.5,2026-05-27T10:07:43.828Z
sensor.shelly_plug_sg3_wk_waschmaschine_wk_waschmaschine_leistung,3.7,2026-05-27T10:07:44.856Z
sensor.shelly_plug_sg3_wk_waschmaschine_wk_waschmaschine_leistung,147.4,2026-05-27T10:07:49.998Z
sensor.shelly_plug_sg3_wk_waschmaschine_wk_waschmaschine_leistung,125.7,2026-05-27T10:07:51.027Z
sensor.shelly_plug_sg3_wk_waschmaschine_wk_waschmaschine_leistung,118.6,2026-05-27T10:07:54.114Z
sensor.shelly_plug_sg3_wk_waschmaschine_wk_waschmaschine_leistung,91.3,2026-05-27T10:07:59.249Z
sensor.shelly_plug_sg3_wk_waschmaschine_wk_waschmaschine_leistung,3.6,2026-05-27T10:08:00.278Z
sensor.shelly_plug_sg3_wk_waschmaschine_wk_waschmaschine_leistung,16.8,2026-05-27T10:08:04.389Z
sensor.shelly_plug_sg3_wk_waschmaschine_wk_waschmaschine_leistung,100.6,2026-05-27T10:08:05.418Z
sensor.shelly_plug_sg3_wk_waschmaschine_wk_waschmaschine_leistung,117.7,2026-05-27T10:08:06.446Z
sensor.shelly_plug_sg3_wk_waschmaschine_wk_waschmaschine_leistung,105.3,2026-05-27T10:08:12.613Z
sensor.shelly_plug_sg3_wk_waschmaschine_wk_waschmaschine_leistung,21.6,2026-05-27T10:08:14.669Z
sensor.shelly_plug_sg3_wk_waschmaschine_wk_waschmaschine_leistung,3.7,2026-05-27T10:08:15.697Z
sensor.shelly_plug_sg3_wk_waschmaschine_wk_waschmaschine_leistung,71.4,2026-05-27T10:08:20.837Z
sensor.shelly_plug_sg3_wk_waschmaschine_wk_waschmaschine_leistung,125.7,2026-05-27T10:08:21.866Z
sensor.shelly_plug_sg3_wk_waschmaschine_wk_waschmaschine_leistung,116.6,2026-05-27T10:08:22.898Z
sensor.shelly_plug_sg3_wk_waschmaschine_wk_waschmaschine_leistung,125.9,2026-05-27T10:08:23.922Z
sensor.shelly_plug_sg3_wk_waschmaschine_wk_waschmaschine_leistung,116.9,2026-05-27T10:08:27.006Z
sensor.shelly_plug_sg3_wk_waschmaschine_wk_waschmaschine_leistung,71.7,2026-05-27T10:08:30.091Z
sensor.shelly_plug_sg3_wk_waschmaschine_wk_waschmaschine_leistung,4.2,2026-05-27T10:08:31.119Z
sensor.shelly_plug_sg3_wk_waschmaschine_wk_waschmaschine_leistung,26.4,2026-05-27T10:08:36.259Z
sensor.shelly_plug_sg3_wk_waschmaschine_wk_waschmaschine_leistung,112.1,2026-05-27T10:08:37.287Z
sensor.shelly_plug_sg3_wk_waschmaschine_wk_waschmaschine_leistung,121.0,2026-05-27T10:08:38.315Z
sensor.shelly_plug_sg3_wk_waschmaschine_wk_waschmaschine_leistung,110.1,2026-05-27T10:08:39.344Z
sensor.shelly_plug_sg3_wk_waschmaschine_wk_waschmaschine_leistung,118.3,2026-05-27T10:08:44.483Z
sensor.shelly_plug_sg3_wk_waschmaschine_wk_waschmaschine_leistung,106.0,2026-05-27T10:08:45.512Z
sensor.shelly_plug_sg3_wk_waschmaschine_wk_waschmaschine_leistung,13.3,2026-05-27T10:08:46.539Z
sensor.shelly_plug_sg3_wk_waschmaschine_wk_waschmaschine_leistung,3.6,2026-05-27T10:08:47.568Z
sensor.shelly_plug_sg3_wk_waschmaschine_wk_waschmaschine_leistung,87.8,2026-05-27T10:08:51.680Z
sensor.shelly_plug_sg3_wk_waschmaschine_wk_waschmaschine_leistung,162.2,2026-05-27T10:08:52.708Z
sensor.shelly_plug_sg3_wk_waschmaschine_wk_waschmaschine_leistung,118.4,2026-05-27T10:08:53.736Z
sensor.shelly_plug_sg3_wk_waschmaschine_wk_waschmaschine_leistung,125.3,2026-05-27T10:08:56.820Z
sensor.shelly_plug_sg3_wk_waschmaschine_wk_waschmaschine_leistung,111.8,2026-05-27T10:08:57.848Z
sensor.shelly_plug_sg3_wk_waschmaschine_wk_waschmaschine_leistung,125.6,2026-05-27T10:08:58.878Z
sensor.shelly_plug_sg3_wk_waschmaschine_wk_waschmaschine_leistung,120.2,2026-05-27T10:09:00.032Z
sensor.shelly_plug_sg3_wk_waschmaschine_wk_waschmaschine_leistung,4.0,2026-05-27T10:09:01.960Z
sensor.shelly_plug_sg3_wk_waschmaschine_wk_waschmaschine_leistung,33.2,2026-05-27T10:09:07.107Z
sensor.shelly_plug_sg3_wk_waschmaschine_wk_waschmaschine_leistung,120.7,2026-05-27T10:09:08.136Z
sensor.shelly_plug_sg3_wk_waschmaschine_wk_waschmaschine_leistung,113.4,2026-05-27T10:09:11.211Z
sensor.shelly_plug_sg3_wk_waschmaschine_wk_waschmaschine_leistung,106.4,2026-05-27T10:09:14.304Z
sensor.shelly_plug_sg3_wk_waschmaschine_wk_waschmaschine_leistung,99.9,2026-05-27T10:09:16.350Z
sensor.shelly_plug_sg3_wk_waschmaschine_wk_waschmaschine_leistung,9.3,2026-05-27T10:09:17.389Z
sensor.shelly_plug_sg3_wk_waschmaschine_wk_waschmaschine_leistung,3.6,2026-05-27T10:09:18.417Z
sensor.shelly_plug_sg3_wk_waschmaschine_wk_waschmaschine_leistung,5.4,2026-05-27T10:09:22.518Z
sensor.shelly_plug_sg3_wk_waschmaschine_wk_waschmaschine_leistung,150.8,2026-05-27T10:09:23.556Z
sensor.shelly_plug_sg3_wk_waschmaschine_wk_waschmaschine_leistung,133.1,2026-05-27T10:09:24.584Z
sensor.shelly_plug_sg3_wk_waschmaschine_wk_waschmaschine_leistung,122.2,2026-05-27T10:09:25.612Z
sensor.shelly_plug_sg3_wk_waschmaschine_wk_waschmaschine_leistung,52.0,2026-05-27T10:09:32.807Z
sensor.shelly_plug_sg3_wk_waschmaschine_wk_waschmaschine_leistung,3.7,2026-05-27T10:09:33.835Z
sensor.shelly_plug_sg3_wk_waschmaschine_wk_waschmaschine_leistung,41.7,2026-05-27T10:09:37.938Z
sensor.shelly_plug_sg3_wk_waschmaschine_wk_waschmaschine_leistung,119.4,2026-05-27T10:09:38.977Z
sensor.shelly_plug_sg3_wk_waschmaschine_wk_waschmaschine_leistung,110.5,2026-05-27T10:09:41.036Z
sensor.shelly_plug_sg3_wk_waschmaschine_wk_waschmaschine_leistung,117.5,2026-05-27T10:09:42.060Z
sensor.shelly_plug_sg3_wk_waschmaschine_wk_waschmaschine_leistung,105.5,2026-05-27T10:09:44.116Z
sensor.shelly_plug_sg3_wk_waschmaschine_wk_waschmaschine_leistung,115.0,2026-05-27T10:09:45.145Z
sensor.shelly_plug_sg3_wk_waschmaschine_wk_waschmaschine_leistung,105.7,2026-05-27T10:09:47.203Z
sensor.shelly_plug_sg3_wk_waschmaschine_wk_waschmaschine_leistung,91.9,2026-05-27T10:09:48.231Z
sensor.shelly_plug_sg3_wk_waschmaschine_wk_waschmaschine_leistung,3.6,2026-05-27T10:09:49.259Z
sensor.shelly_plug_sg3_wk_waschmaschine_wk_waschmaschine_leistung,8.1,2026-05-27T10:09:53.370Z
sensor.shelly_plug_sg3_wk_waschmaschine_wk_waschmaschine_leistung,112.4,2026-05-27T10:09:54.397Z
sensor.shelly_plug_sg3_wk_waschmaschine_wk_waschmaschine_leistung,141.3,2026-05-27T10:09:55.425Z
sensor.shelly_plug_sg3_wk_waschmaschine_wk_waschmaschine_leistung,125.4,2026-05-27T10:09:56.453Z
sensor.shelly_plug_sg3_wk_waschmaschine_wk_waschmaschine_leistung,124.0,2026-05-27T10:10:00.030Z
sensor.shelly_plug_sg3_wk_waschmaschine_wk_waschmaschine_leistung,116.9,2026-05-27T10:10:00.568Z
sensor.shelly_plug_sg3_wk_waschmaschine_wk_waschmaschine_leistung,126.9,2026-05-27T10:10:02.623Z
sensor.shelly_plug_sg3_wk_waschmaschine_wk_waschmaschine_leistung,43.7,2026-05-27T10:10:03.650Z
sensor.shelly_plug_sg3_wk_waschmaschine_wk_waschmaschine_leistung,3.6,2026-05-27T10:10:04.679Z
sensor.shelly_plug_sg3_wk_waschmaschine_wk_waschmaschine_leistung,49.4,2026-05-27T10:10:09.817Z
sensor.shelly_plug_sg3_wk_waschmaschine_wk_waschmaschine_leistung,119.6,2026-05-27T10:10:10.847Z
sensor.shelly_plug_sg3_wk_waschmaschine_wk_waschmaschine_leistung,111.3,2026-05-27T10:10:12.901Z
sensor.shelly_plug_sg3_wk_waschmaschine_wk_waschmaschine_leistung,117.3,2026-05-27T10:10:13.930Z
sensor.shelly_plug_sg3_wk_waschmaschine_wk_waschmaschine_leistung,90.8,2026-05-27T10:10:19.070Z
sensor.shelly_plug_sg3_wk_waschmaschine_wk_waschmaschine_leistung,5.7,2026-05-27T10:10:20.098Z
sensor.shelly_plug_sg3_wk_waschmaschine_wk_waschmaschine_leistung,3.6,2026-05-27T10:10:21.126Z
sensor.shelly_plug_sg3_wk_waschmaschine_wk_waschmaschine_leistung,130.0,2026-05-27T10:10:25.238Z
sensor.shelly_plug_sg3_wk_waschmaschine_wk_waschmaschine_leistung,117.3,2026-05-27T10:10:28.323Z
sensor.shelly_plug_sg3_wk_waschmaschine_wk_waschmaschine_leistung,131.2,2026-05-27T10:10:29.351Z
sensor.shelly_plug_sg3_wk_waschmaschine_wk_waschmaschine_leistung,118.8,2026-05-27T10:10:30.381Z
sensor.shelly_plug_sg3_wk_waschmaschine_wk_waschmaschine_leistung,112.6,2026-05-27T10:10:31.398Z
sensor.shelly_plug_sg3_wk_waschmaschine_wk_waschmaschine_leistung,119.9,2026-05-27T10:10:32.426Z
sensor.shelly_plug_sg3_wk_waschmaschine_wk_waschmaschine_leistung,126.6,2026-05-27T10:10:33.464Z
sensor.shelly_plug_sg3_wk_waschmaschine_wk_waschmaschine_leistung,116.1,2026-05-27T10:10:34.491Z
sensor.shelly_plug_sg3_wk_waschmaschine_wk_waschmaschine_leistung,33.2,2026-05-27T10:10:35.522Z
sensor.shelly_plug_sg3_wk_waschmaschine_wk_waschmaschine_leistung,3.6,2026-05-27T10:10:36.548Z
sensor.shelly_plug_sg3_wk_waschmaschine_wk_waschmaschine_leistung,56.0,2026-05-27T10:10:40.660Z
sensor.shelly_plug_sg3_wk_waschmaschine_wk_waschmaschine_leistung,128.0,2026-05-27T10:10:41.688Z
sensor.shelly_plug_sg3_wk_waschmaschine_wk_waschmaschine_leistung,119.5,2026-05-27T10:10:42.718Z
sensor.shelly_plug_sg3_wk_waschmaschine_wk_waschmaschine_leistung,112.4,2026-05-27T10:10:43.745Z
sensor.shelly_plug_sg3_wk_waschmaschine_wk_waschmaschine_leistung,5.1,2026-05-27T10:10:50.940Z
sensor.shelly_plug_sg3_wk_waschmaschine_wk_waschmaschine_leistung,3.7,2026-05-27T10:10:51.958Z
sensor.shelly_plug_sg3_wk_waschmaschine_wk_waschmaschine_leistung,20.5,2026-05-27T10:10:56.080Z
sensor.shelly_plug_sg3_wk_waschmaschine_wk_waschmaschine_leistung,133.1,2026-05-27T10:10:57.109Z
sensor.shelly_plug_sg3_wk_waschmaschine_wk_waschmaschine_leistung,115.2,2026-05-27T10:10:59.166Z
sensor.shelly_plug_sg3_wk_waschmaschine_wk_waschmaschine_leistung,124.2,2026-05-27T10:11:00.193Z
sensor.shelly_plug_sg3_wk_waschmaschine_wk_waschmaschine_leistung,132.7,2026-05-27T10:11:03.276Z
sensor.shelly_plug_sg3_wk_waschmaschine_wk_waschmaschine_leistung,103.7,2026-05-27T10:11:04.315Z
sensor.shelly_plug_sg3_wk_waschmaschine_wk_waschmaschine_leistung,127.0,2026-05-27T10:11:05.333Z
sensor.shelly_plug_sg3_wk_waschmaschine_wk_waschmaschine_leistung,17.7,2026-05-27T10:11:06.363Z
sensor.shelly_plug_sg3_wk_waschmaschine_wk_waschmaschine_leistung,3.6,2026-05-27T10:11:07.389Z
sensor.shelly_plug_sg3_wk_waschmaschine_wk_waschmaschine_leistung,128.2,2026-05-27T10:11:12.530Z
sensor.shelly_plug_sg3_wk_waschmaschine_wk_waschmaschine_leistung,115.5,2026-05-27T10:11:14.584Z
sensor.shelly_plug_sg3_wk_waschmaschine_wk_waschmaschine_leistung,108.0,2026-05-27T10:11:17.668Z
sensor.shelly_plug_sg3_wk_waschmaschine_wk_waschmaschine_leistung,113.8,2026-05-27T10:11:19.725Z
sensor.shelly_plug_sg3_wk_waschmaschine_wk_waschmaschine_leistung,65.7,2026-05-27T10:11:21.781Z
sensor.shelly_plug_sg3_wk_waschmaschine_wk_waschmaschine_leistung,4.3,2026-05-27T10:11:22.811Z
sensor.shelly_plug_sg3_wk_waschmaschine_wk_waschmaschine_leistung,30.4,2026-05-27T10:11:26.921Z
sensor.shelly_plug_sg3_wk_waschmaschine_wk_waschmaschine_leistung,133.2,2026-05-27T10:11:27.950Z
sensor.shelly_plug_sg3_wk_waschmaschine_wk_waschmaschine_leistung,119.7,2026-05-27T10:11:30.005Z
sensor.shelly_plug_sg3_wk_waschmaschine_wk_waschmaschine_leistung,127.2,2026-05-27T10:11:36.173Z
sensor.shelly_plug_sg3_wk_waschmaschine_wk_waschmaschine_leistung,3.6,2026-05-27T10:11:38.229Z
sensor.shelly_plug_sg3_wk_waschmaschine_wk_waschmaschine_leistung,4.6,2026-05-27T10:11:42.332Z
sensor.shelly_plug_sg3_wk_waschmaschine_wk_waschmaschine_leistung,76.5,2026-05-27T10:11:43.370Z
sensor.shelly_plug_sg3_wk_waschmaschine_wk_waschmaschine_leistung,132.9,2026-05-27T10:11:44.398Z
sensor.shelly_plug_sg3_wk_waschmaschine_wk_waschmaschine_leistung,119.9,2026-05-27T10:11:45.428Z
sensor.shelly_plug_sg3_wk_waschmaschine_wk_waschmaschine_leistung,111.3,2026-05-27T10:11:46.456Z
sensor.shelly_plug_sg3_wk_waschmaschine_wk_waschmaschine_leistung,121.0,2026-05-27T10:11:48.510Z
sensor.shelly_plug_sg3_wk_waschmaschine_wk_waschmaschine_leistung,114.3,2026-05-27T10:11:49.539Z
sensor.shelly_plug_sg3_wk_waschmaschine_wk_waschmaschine_leistung,105.1,2026-05-27T10:11:50.568Z
sensor.shelly_plug_sg3_wk_waschmaschine_wk_waschmaschine_leistung,51.0,2026-05-27T10:11:52.623Z
sensor.shelly_plug_sg3_wk_waschmaschine_wk_waschmaschine_leistung,4.4,2026-05-27T10:11:53.653Z
sensor.shelly_plug_sg3_wk_waschmaschine_wk_waschmaschine_leistung,42.1,2026-05-27T10:11:58.790Z
sensor.shelly_plug_sg3_wk_waschmaschine_wk_waschmaschine_leistung,125.5,2026-05-27T10:11:59.819Z
sensor.shelly_plug_sg3_wk_waschmaschine_wk_waschmaschine_leistung,117.3,2026-05-27T10:12:04.959Z
sensor.shelly_plug_sg3_wk_waschmaschine_wk_waschmaschine_leistung,123.7,2026-05-27T10:12:07.006Z
sensor.shelly_plug_sg3_wk_waschmaschine_wk_waschmaschine_leistung,114.7,2026-05-27T10:12:08.034Z
sensor.shelly_plug_sg3_wk_waschmaschine_wk_waschmaschine_leistung,8.2,2026-05-27T10:12:09.072Z
sensor.shelly_plug_sg3_wk_waschmaschine_wk_waschmaschine_leistung,3.6,2026-05-27T10:12:10.101Z
sensor.shelly_plug_sg3_wk_waschmaschine_wk_waschmaschine_leistung,84.6,2026-05-27T10:12:14.212Z
sensor.shelly_plug_sg3_wk_waschmaschine_wk_waschmaschine_leistung,132.3,2026-05-27T10:12:15.240Z
sensor.shelly_plug_sg3_wk_waschmaschine_wk_waschmaschine_leistung,119.8,2026-05-27T10:12:16.268Z
sensor.shelly_plug_sg3_wk_waschmaschine_wk_waschmaschine_leistung,105.4,2026-05-27T10:12:18.326Z
sensor.shelly_plug_sg3_wk_waschmaschine_wk_waschmaschine_leistung,115.3,2026-05-27T10:12:19.353Z
sensor.shelly_plug_sg3_wk_waschmaschine_wk_waschmaschine_leistung,108.2,2026-05-27T10:12:23.464Z
sensor.shelly_plug_sg3_wk_waschmaschine_wk_waschmaschine_leistung,42.9,2026-05-27T10:12:24.492Z
sensor.shelly_plug_sg3_wk_waschmaschine_wk_waschmaschine_leistung,3.6,2026-05-27T10:12:25.520Z
sensor.shelly_plug_sg3_wk_waschmaschine_wk_waschmaschine_leistung,51.7,2026-05-27T10:12:29.632Z
sensor.shelly_plug_sg3_wk_waschmaschine_wk_waschmaschine_leistung,150.1,2026-05-27T10:12:30.661Z
sensor.shelly_plug_sg3_wk_waschmaschine_wk_waschmaschine_leistung,127.8,2026-05-27T10:12:31.689Z
sensor.shelly_plug_sg3_wk_waschmaschine_wk_waschmaschine_leistung,115.3,2026-05-27T10:12:37.856Z
sensor.shelly_plug_sg3_wk_waschmaschine_wk_waschmaschine_leistung,123.5,2026-05-27T10:12:38.884Z
sensor.shelly_plug_sg3_wk_waschmaschine_wk_waschmaschine_leistung,6.1,2026-05-27T10:12:39.916Z
sensor.shelly_plug_sg3_wk_waschmaschine_wk_waschmaschine_leistung,3.7,2026-05-27T10:12:40.942Z
sensor.shelly_plug_sg3_wk_waschmaschine_wk_waschmaschine_leistung,9.4,2026-05-27T10:12:45.053Z
sensor.shelly_plug_sg3_wk_waschmaschine_wk_waschmaschine_leistung,99.9,2026-05-27T10:12:46.081Z
sensor.shelly_plug_sg3_wk_waschmaschine_wk_waschmaschine_leistung,116.9,2026-05-27T10:12:47.110Z
sensor.shelly_plug_sg3_wk_waschmaschine_wk_waschmaschine_leistung,104.9,2026-05-27T10:12:50.202Z
sensor.shelly_plug_sg3_wk_waschmaschine_wk_waschmaschine_leistung,112.3,2026-05-27T10:12:51.222Z
sensor.shelly_plug_sg3_wk_waschmaschine_wk_waschmaschine_leistung,36.2,2026-05-27T10:12:55.333Z
sensor.shelly_plug_sg3_wk_waschmaschine_wk_waschmaschine_leistung,3.7,2026-05-27T10:12:56.362Z
sensor.shelly_plug_sg3_wk_waschmaschine_wk_waschmaschine_leistung,3.6,2026-05-27T10:13:00.024Z
sensor.shelly_plug_sg3_wk_waschmaschine_wk_waschmaschine_leistung,148.5,2026-05-27T10:13:01.505Z
sensor.shelly_plug_sg3_wk_waschmaschine_wk_waschmaschine_leistung,126.1,2026-05-27T10:13:02.531Z
sensor.shelly_plug_sg3_wk_waschmaschine_wk_waschmaschine_leistung,117.2,2026-05-27T10:13:06.641Z
sensor.shelly_plug_sg3_wk_waschmaschine_wk_waschmaschine_leistung,130.0,2026-05-27T10:13:09.726Z
sensor.shelly_plug_sg3_wk_waschmaschine_wk_waschmaschine_leistung,86.4,2026-05-27T10:13:10.753Z
sensor.shelly_plug_sg3_wk_waschmaschine_wk_waschmaschine_leistung,3.6,2026-05-27T10:13:11.780Z
sensor.shelly_plug_sg3_wk_waschmaschine_wk_waschmaschine_leistung,15.0,2026-05-27T10:13:15.892Z
sensor.shelly_plug_sg3_wk_waschmaschine_wk_waschmaschine_leistung,106.3,2026-05-27T10:13:16.921Z
sensor.shelly_plug_sg3_wk_waschmaschine_wk_waschmaschine_leistung,119.4,2026-05-27T10:13:17.949Z
sensor.shelly_plug_sg3_wk_waschmaschine_wk_waschmaschine_leistung,112.6,2026-05-27T10:13:23.090Z
sensor.shelly_plug_sg3_wk_waschmaschine_wk_waschmaschine_leistung,3.7,2026-05-27T10:13:27.202Z
sensor.shelly_plug_sg3_wk_waschmaschine_wk_waschmaschine_leistung,68.5,2026-05-27T10:13:32.339Z
sensor.shelly_plug_sg3_wk_waschmaschine_wk_waschmaschine_leistung,154.5,2026-05-27T10:13:33.367Z
sensor.shelly_plug_sg3_wk_waschmaschine_wk_waschmaschine_leistung,121.9,2026-05-27T10:13:34.396Z
sensor.shelly_plug_sg3_wk_waschmaschine_wk_waschmaschine_leistung,131.1,2026-05-27T10:13:38.507Z
sensor.shelly_plug_sg3_wk_waschmaschine_wk_waschmaschine_leistung,124.0,2026-05-27T10:13:39.536Z
sensor.shelly_plug_sg3_wk_waschmaschine_wk_waschmaschine_leistung,79.3,2026-05-27T10:13:41.594Z
sensor.shelly_plug_sg3_wk_waschmaschine_wk_waschmaschine_leistung,4.4,2026-05-27T10:13:42.620Z
sensor.shelly_plug_sg3_wk_waschmaschine_wk_waschmaschine_leistung,22.8,2026-05-27T10:13:47.761Z
sensor.shelly_plug_sg3_wk_waschmaschine_wk_waschmaschine_leistung,114.5,2026-05-27T10:13:48.791Z
sensor.shelly_plug_sg3_wk_waschmaschine_wk_waschmaschine_leistung,122.4,2026-05-27T10:13:54.956Z
sensor.shelly_plug_sg3_wk_waschmaschine_wk_waschmaschine_leistung,115.1,2026-05-27T10:13:55.984Z
sensor.shelly_plug_sg3_wk_waschmaschine_wk_waschmaschine_leistung,13.7,2026-05-27T10:13:58.040Z
sensor.shelly_plug_sg3_wk_waschmaschine_wk_waschmaschine_leistung,3.6,2026-05-27T10:13:59.071Z
sensor.shelly_plug_sg3_wk_waschmaschine_wk_waschmaschine_leistung,83.0,2026-05-27T10:14:03.182Z
sensor.shelly_plug_sg3_wk_waschmaschine_wk_waschmaschine_leistung,150.1,2026-05-27T10:14:04.211Z
sensor.shelly_plug_sg3_wk_waschmaschine_wk_waschmaschine_leistung,133.4,2026-05-27T10:14:05.237Z
sensor.shelly_plug_sg3_wk_waschmaschine_wk_waschmaschine_leistung,118.5,2026-05-27T10:14:07.292Z
sensor.shelly_plug_sg3_wk_waschmaschine_wk_waschmaschine_leistung,128.9,2026-05-27T10:14:08.321Z
sensor.shelly_plug_sg3_wk_waschmaschine_wk_waschmaschine_leistung,119.1,2026-05-27T10:14:09.349Z
sensor.shelly_plug_sg3_wk_waschmaschine_wk_waschmaschine_leistung,129.8,2026-05-27T10:14:10.377Z
sensor.shelly_plug_sg3_wk_waschmaschine_wk_waschmaschine_leistung,121.8,2026-05-27T10:14:11.407Z
sensor.shelly_plug_sg3_wk_waschmaschine_wk_waschmaschine_leistung,4.2,2026-05-27T10:14:13.462Z
sensor.shelly_plug_sg3_wk_waschmaschine_wk_waschmaschine_leistung,30.5,2026-05-27T10:14:18.601Z
sensor.shelly_plug_sg3_wk_waschmaschine_wk_waschmaschine_leistung,116.2,2026-05-27T10:14:19.631Z
sensor.shelly_plug_sg3_wk_waschmaschine_wk_waschmaschine_leistung,138.4,2026-05-27T10:14:20.658Z
sensor.shelly_plug_sg3_wk_waschmaschine_wk_waschmaschine_leistung,106.0,2026-05-27T10:14:21.686Z
sensor.shelly_plug_sg3_wk_waschmaschine_wk_waschmaschine_leistung,117.1,2026-05-27T10:14:22.714Z
sensor.shelly_plug_sg3_wk_waschmaschine_wk_waschmaschine_leistung,43.2,2026-05-27T10:14:27.844Z
sensor.shelly_plug_sg3_wk_waschmaschine_wk_waschmaschine_leistung,4.4,2026-05-27T10:14:28.882Z
sensor.shelly_plug_sg3_wk_waschmaschine_wk_waschmaschine_leistung,49.5,2026-05-27T10:14:29.910Z
sensor.shelly_plug_sg3_wk_waschmaschine_wk_waschmaschine_leistung,140.3,2026-05-27T10:14:30.938Z
sensor.shelly_plug_sg3_wk_waschmaschine_wk_waschmaschine_leistung,131.7,2026-05-27T10:14:31.966Z
sensor.shelly_plug_sg3_wk_waschmaschine_wk_waschmaschine_leistung,118.2,2026-05-27T10:14:32.997Z
sensor.shelly_plug_sg3_wk_waschmaschine_wk_waschmaschine_leistung,131.0,2026-05-27T10:14:34.024Z
sensor.shelly_plug_sg3_wk_waschmaschine_wk_waschmaschine_leistung,124.2,2026-05-27T10:14:35.065Z
sensor.shelly_plug_sg3_wk_waschmaschine_wk_waschmaschine_leistung,134.9,2026-05-27T10:14:37.107Z
sensor.shelly_plug_sg3_wk_waschmaschine_wk_waschmaschine_leistung,118.1,2026-05-27T10:14:38.136Z
sensor.shelly_plug_sg3_wk_waschmaschine_wk_waschmaschine_leistung,3.6,2026-05-27T10:14:39.163Z
sensor.shelly_plug_sg3_wk_waschmaschine_wk_waschmaschine_leistung,59.3,2026-05-27T10:14:44.304Z
sensor.shelly_plug_sg3_wk_waschmaschine_wk_waschmaschine_leistung,138.5,2026-05-27T10:14:45.333Z
sensor.shelly_plug_sg3_wk_waschmaschine_wk_waschmaschine_leistung,114.0,2026-05-27T10:14:46.361Z
sensor.shelly_plug_sg3_wk_waschmaschine_wk_waschmaschine_leistung,78.5,2026-05-27T10:14:53.554Z
sensor.shelly_plug_sg3_wk_waschmaschine_wk_waschmaschine_leistung,4.8,2026-05-27T10:14:54.583Z
sensor.shelly_plug_sg3_wk_waschmaschine_wk_waschmaschine_leistung,3.6,2026-05-27T10:14:55.603Z
sensor.shelly_plug_sg3_wk_waschmaschine_wk_waschmaschine_leistung,21.5,2026-05-27T10:14:59.722Z
sensor.shelly_plug_sg3_wk_waschmaschine_wk_waschmaschine_leistung,138.9,2026-05-27T10:15:00.751Z
sensor.shelly_plug_sg3_wk_waschmaschine_wk_waschmaschine_leistung,125.1,2026-05-27T10:15:01.781Z
sensor.shelly_plug_sg3_wk_waschmaschine_wk_waschmaschine_leistung,131.9,2026-05-27T10:15:02.807Z
sensor.shelly_plug_sg3_wk_waschmaschine_wk_waschmaschine_leistung,117.5,2026-05-27T10:15:03.836Z
sensor.shelly_plug_sg3_wk_waschmaschine_wk_waschmaschine_leistung,127.4,2026-05-27T10:15:05.894Z
sensor.shelly_plug_sg3_wk_waschmaschine_wk_waschmaschine_leistung,114.0,2026-05-27T10:15:06.920Z
sensor.shelly_plug_sg3_wk_waschmaschine_wk_waschmaschine_leistung,123.5,2026-05-27T10:15:07.948Z
sensor.shelly_plug_sg3_wk_waschmaschine_wk_waschmaschine_leistung,17.1,2026-05-27T10:15:10.006Z
sensor.shelly_plug_sg3_wk_waschmaschine_wk_waschmaschine_leistung,3.6,2026-05-27T10:15:11.032Z
sensor.shelly_plug_sg3_wk_waschmaschine_wk_waschmaschine_leistung,69.0,2026-05-27T10:15:15.144Z
sensor.shelly_plug_sg3_wk_waschmaschine_wk_waschmaschine_leistung,133.4,2026-05-27T10:15:16.173Z
sensor.shelly_plug_sg3_wk_waschmaschine_wk_waschmaschine_leistung,118.9,2026-05-27T10:15:17.201Z
sensor.shelly_plug_sg3_wk_waschmaschine_wk_waschmaschine_leistung,111.6,2026-05-27T10:15:19.259Z
sensor.shelly_plug_sg3_wk_waschmaschine_wk_waschmaschine_leistung,64.7,2026-05-27T10:15:25.424Z
sensor.shelly_plug_sg3_wk_waschmaschine_wk_waschmaschine_leistung,3.6,2026-05-27T10:15:26.452Z
sensor.shelly_plug_sg3_wk_waschmaschine_wk_waschmaschine_leistung,31.4,2026-05-27T10:15:30.564Z
sensor.shelly_plug_sg3_wk_waschmaschine_wk_waschmaschine_leistung,137.7,2026-05-27T10:15:31.593Z
sensor.shelly_plug_sg3_wk_waschmaschine_wk_waschmaschine_leistung,130.8,2026-05-27T10:15:32.621Z
sensor.shelly_plug_sg3_wk_waschmaschine_wk_waschmaschine_leistung,115.2,2026-05-27T10:15:33.649Z
sensor.shelly_plug_sg3_wk_waschmaschine_wk_waschmaschine_leistung,124.7,2026-05-27T10:15:35.706Z
sensor.shelly_plug_sg3_wk_waschmaschine_wk_waschmaschine_leistung,11.3,2026-05-27T10:15:40.845Z
sensor.shelly_plug_sg3_wk_waschmaschine_wk_waschmaschine_leistung,3.6,2026-05-27T10:15:41.873Z
sensor.shelly_plug_sg3_wk_waschmaschine_wk_waschmaschine_leistung,4.7,2026-05-27T10:15:45.977Z
sensor.shelly_plug_sg3_wk_waschmaschine_wk_waschmaschine_leistung,71.8,2026-05-27T10:15:47.013Z
sensor.shelly_plug_sg3_wk_waschmaschine_wk_waschmaschine_leistung,116.8,2026-05-27T10:15:48.043Z
sensor.shelly_plug_sg3_wk_waschmaschine_wk_waschmaschine_leistung,123.7,2026-05-27T10:15:49.070Z
sensor.shelly_plug_sg3_wk_waschmaschine_wk_waschmaschine_leistung,109.7,2026-05-27T10:15:51.126Z
sensor.shelly_plug_sg3_wk_waschmaschine_wk_waschmaschine_leistung,115.4,2026-05-27T10:15:52.145Z
sensor.shelly_plug_sg3_wk_waschmaschine_wk_waschmaschine_leistung,121.3,2026-05-27T10:15:54.210Z
sensor.shelly_plug_sg3_wk_waschmaschine_wk_waschmaschine_leistung,112.6,2026-05-27T10:15:55.238Z
sensor.shelly_plug_sg3_wk_waschmaschine_wk_waschmaschine_leistung,57.4,2026-05-27T10:15:56.266Z
sensor.shelly_plug_sg3_wk_waschmaschine_wk_waschmaschine_leistung,4.0,2026-05-27T10:15:57.294Z
sensor.shelly_plug_sg3_wk_waschmaschine_wk_waschmaschine_leistung,3.7,2026-05-27T10:16:00.017Z
sensor.shelly_plug_sg3_wk_waschmaschine_wk_waschmaschine_leistung,147.8,2026-05-27T10:16:02.436Z
sensor.shelly_plug_sg3_wk_waschmaschine_wk_waschmaschine_leistung,136.3,2026-05-27T10:16:03.462Z
sensor.shelly_plug_sg3_wk_waschmaschine_wk_waschmaschine_leistung,123.7,2026-05-27T10:16:04.490Z
sensor.shelly_plug_sg3_wk_waschmaschine_wk_waschmaschine_leistung,105.6,2026-05-27T10:16:11.685Z
sensor.shelly_plug_sg3_wk_waschmaschine_wk_waschmaschine_leistung,7.6,2026-05-27T10:16:12.715Z
sensor.shelly_plug_sg3_wk_waschmaschine_wk_waschmaschine_leistung,3.6,2026-05-27T10:16:13.741Z
sensor.shelly_plug_sg3_wk_waschmaschine_wk_waschmaschine_leistung,6.5,2026-05-27T10:16:16.815Z
sensor.shelly_plug_sg3_wk_waschmaschine_wk_waschmaschine_leistung,87.8,2026-05-27T10:16:17.853Z
sensor.shelly_plug_sg3_wk_waschmaschine_wk_waschmaschine_leistung,134.5,2026-05-27T10:16:18.882Z
sensor.shelly_plug_sg3_wk_waschmaschine_wk_waschmaschine_leistung,119.4,2026-05-27T10:16:19.910Z
sensor.shelly_plug_sg3_wk_waschmaschine_wk_waschmaschine_leistung,111.8,2026-05-27T10:16:24.024Z
sensor.shelly_plug_sg3_wk_waschmaschine_wk_waschmaschine_leistung,120.5,2026-05-27T10:16:27.105Z
sensor.shelly_plug_sg3_wk_waschmaschine_wk_waschmaschine_leistung,29.0,2026-05-27T10:16:28.133Z
sensor.shelly_plug_sg3_wk_waschmaschine_wk_waschmaschine_leistung,24.3,2026-05-27T10:16:29.162Z
sensor.shelly_plug_sg3_wk_waschmaschine_wk_waschmaschine_leistung,21.8,2026-05-27T10:16:30.181Z
sensor.shelly_plug_sg3_wk_waschmaschine_wk_waschmaschine_leistung,23.1,2026-05-27T10:16:32.237Z
sensor.shelly_plug_sg3_wk_waschmaschine_wk_waschmaschine_leistung,72.4,2026-05-27T10:16:33.274Z
sensor.shelly_plug_sg3_wk_waschmaschine_wk_waschmaschine_leistung,167.0,2026-05-27T10:16:34.302Z
sensor.shelly_plug_sg3_wk_waschmaschine_wk_waschmaschine_leistung,148.0,2026-05-27T10:16:35.330Z
sensor.shelly_plug_sg3_wk_waschmaschine_wk_waschmaschine_leistung,140.3,2026-05-27T10:16:36.358Z
sensor.shelly_plug_sg3_wk_waschmaschine_wk_waschmaschine_leistung,131.6,2026-05-27T10:16:39.442Z
sensor.shelly_plug_sg3_wk_waschmaschine_wk_waschmaschine_leistung,111.3,2026-05-27T10:16:42.528Z
sensor.shelly_plug_sg3_wk_waschmaschine_wk_waschmaschine_leistung,26.7,2026-05-27T10:16:43.554Z
sensor.shelly_plug_sg3_wk_waschmaschine_wk_waschmaschine_leistung,23.2,2026-05-27T10:16:44.582Z
sensor.shelly_plug_sg3_wk_waschmaschine_wk_waschmaschine_leistung,19.9,2026-05-27T10:16:45.603Z
sensor.shelly_plug_sg3_wk_waschmaschine_wk_waschmaschine_leistung,18.6,2026-05-27T10:16:47.657Z
sensor.shelly_plug_sg3_wk_waschmaschine_wk_waschmaschine_leistung,24.6,2026-05-27T10:16:48.686Z
sensor.shelly_plug_sg3_wk_waschmaschine_wk_waschmaschine_leistung,121.2,2026-05-27T10:16:49.723Z
sensor.shelly_plug_sg3_wk_waschmaschine_wk_waschmaschine_leistung,112.8,2026-05-27T10:16:53.826Z
sensor.shelly_plug_sg3_wk_waschmaschine_wk_waschmaschine_leistung,44.0,2026-05-27T10:16:58.975Z
sensor.shelly_plug_sg3_wk_waschmaschine_wk_waschmaschine_leistung,17.6,2026-05-27T10:17:00.035Z
sensor.shelly_plug_sg3_wk_waschmaschine_wk_waschmaschine_leistung,64.9,2026-05-27T10:17:04.145Z
sensor.shelly_plug_sg3_wk_waschmaschine_wk_waschmaschine_leistung,148.7,2026-05-27T10:17:05.175Z
sensor.shelly_plug_sg3_wk_waschmaschine_wk_waschmaschine_leistung,122.1,2026-05-27T10:17:06.201Z
sensor.shelly_plug_sg3_wk_waschmaschine_wk_waschmaschine_leistung,115.2,2026-05-27T10:17:07.230Z
sensor.shelly_plug_sg3_wk_waschmaschine_wk_waschmaschine_leistung,98.9,2026-05-27T10:17:08.258Z
sensor.shelly_plug_sg3_wk_waschmaschine_wk_waschmaschine_leistung,68.6,2026-05-27T10:17:10.314Z
sensor.shelly_plug_sg3_wk_waschmaschine_wk_waschmaschine_leistung,43.4,2026-05-27T10:17:11.343Z
sensor.shelly_plug_sg3_wk_waschmaschine_wk_waschmaschine_leistung,40.1,2026-05-27T10:17:13.391Z
sensor.shelly_plug_sg3_wk_waschmaschine_wk_waschmaschine_leistung,42.8,2026-05-27T10:17:18.529Z
sensor.shelly_plug_sg3_wk_waschmaschine_wk_waschmaschine_leistung,40.2,2026-05-27T10:17:21.614Z
sensor.shelly_plug_sg3_wk_waschmaschine_wk_waschmaschine_leistung,506.8,2026-05-27T10:17:22.650Z
sensor.shelly_plug_sg3_wk_waschmaschine_wk_waschmaschine_leistung,681.4,2026-05-27T10:17:23.679Z
sensor.shelly_plug_sg3_wk_waschmaschine_wk_waschmaschine_leistung,520.0,2026-05-27T10:17:24.707Z
sensor.shelly_plug_sg3_wk_waschmaschine_wk_waschmaschine_leistung,24.7,2026-05-27T10:17:25.759Z
sensor.shelly_plug_sg3_wk_waschmaschine_wk_waschmaschine_leistung,18.7,2026-05-27T10:17:37.032Z
sensor.shelly_plug_sg3_wk_waschmaschine_wk_waschmaschine_leistung,14.7,2026-05-27T10:17:38.070Z
sensor.shelly_plug_sg3_wk_waschmaschine_wk_waschmaschine_leistung,3.8,2026-05-27T10:17:39.098Z
sensor.shelly_plug_sg3_wk_waschmaschine_wk_waschmaschine_leistung,8.0,2026-05-27T10:17:53.480Z
sensor.shelly_plug_sg3_wk_waschmaschine_wk_waschmaschine_leistung,70.4,2026-05-27T10:17:54.517Z
sensor.shelly_plug_sg3_wk_waschmaschine_wk_waschmaschine_leistung,60.5,2026-05-27T10:17:55.545Z
sensor.shelly_plug_sg3_wk_waschmaschine_wk_waschmaschine_leistung,55.5,2026-05-27T10:17:56.564Z
sensor.shelly_plug_sg3_wk_waschmaschine_wk_waschmaschine_leistung,58.5,2026-05-27T10:17:58.620Z
sensor.shelly_plug_sg3_wk_waschmaschine_wk_waschmaschine_leistung,57.3,2026-05-27T10:18:00.012Z
sensor.shelly_plug_sg3_wk_waschmaschine_wk_waschmaschine_leistung,36.7,2026-05-27T10:18:02.740Z
sensor.shelly_plug_sg3_wk_waschmaschine_wk_waschmaschine_leistung,8.9,2026-05-27T10:18:03.768Z
sensor.shelly_plug_sg3_wk_waschmaschine_wk_waschmaschine_leistung,68.7,2026-05-27T10:18:08.907Z
sensor.shelly_plug_sg3_wk_waschmaschine_wk_waschmaschine_leistung,63.4,2026-05-27T10:18:10.963Z
sensor.shelly_plug_sg3_wk_waschmaschine_wk_waschmaschine_leistung,70.2,2026-05-27T10:18:13.010Z
sensor.shelly_plug_sg3_wk_waschmaschine_wk_waschmaschine_leistung,63.1,2026-05-27T10:18:14.040Z
sensor.shelly_plug_sg3_wk_waschmaschine_wk_waschmaschine_leistung,73.0,2026-05-27T10:18:15.076Z
sensor.shelly_plug_sg3_wk_waschmaschine_wk_waschmaschine_leistung,68.1,2026-05-27T10:18:18.150Z
sensor.shelly_plug_sg3_wk_waschmaschine_wk_waschmaschine_leistung,14.0,2026-05-27T10:18:19.188Z
sensor.shelly_plug_sg3_wk_waschmaschine_wk_waschmaschine_leistung,11.2,2026-05-27T10:18:20.217Z
sensor.shelly_plug_sg3_wk_waschmaschine_wk_waschmaschine_leistung,12.4,2026-05-27T10:18:23.291Z
sensor.shelly_plug_sg3_wk_waschmaschine_wk_waschmaschine_leistung,63.8,2026-05-27T10:18:24.331Z
sensor.shelly_plug_sg3_wk_waschmaschine_wk_waschmaschine_leistung,78.7,2026-05-27T10:18:25.357Z
sensor.shelly_plug_sg3_wk_waschmaschine_wk_waschmaschine_leistung,65.2,2026-05-27T10:18:26.385Z
sensor.shelly_plug_sg3_wk_waschmaschine_wk_waschmaschine_leistung,70.2,2026-05-27T10:18:27.415Z
sensor.shelly_plug_sg3_wk_waschmaschine_wk_waschmaschine_leistung,65.8,2026-05-27T10:18:28.432Z
sensor.shelly_plug_sg3_wk_waschmaschine_wk_waschmaschine_leistung,71.1,2026-05-27T10:18:30.488Z
sensor.shelly_plug_sg3_wk_waschmaschine_wk_waschmaschine_leistung,11.5,2026-05-27T10:18:34.609Z
sensor.shelly_plug_sg3_wk_waschmaschine_wk_waschmaschine_leistung,46.3,2026-05-27T10:18:39.751Z
sensor.shelly_plug_sg3_wk_waschmaschine_wk_waschmaschine_leistung,101.8,2026-05-27T10:18:40.779Z
sensor.shelly_plug_sg3_wk_waschmaschine_wk_waschmaschine_leistung,89.3,2026-05-27T10:18:41.805Z
sensor.shelly_plug_sg3_wk_waschmaschine_wk_waschmaschine_leistung,14.2,2026-05-27T10:18:50.027Z
sensor.shelly_plug_sg3_wk_waschmaschine_wk_waschmaschine_leistung,11.2,2026-05-27T10:18:51.056Z
sensor.shelly_plug_sg3_wk_waschmaschine_wk_waschmaschine_leistung,13.9,2026-05-27T10:18:55.158Z
sensor.shelly_plug_sg3_wk_waschmaschine_wk_waschmaschine_leistung,108.9,2026-05-27T10:18:56.196Z
sensor.shelly_plug_sg3_wk_waschmaschine_wk_waschmaschine_leistung,95.0,2026-05-27T10:18:57.223Z
sensor.shelly_plug_sg3_wk_waschmaschine_wk_waschmaschine_leistung,97.2,2026-05-27T10:19:00.009Z
sensor.shelly_plug_sg3_wk_waschmaschine_wk_waschmaschine_leistung,100.4,2026-05-27T10:19:01.336Z
sensor.shelly_plug_sg3_wk_waschmaschine_wk_waschmaschine_leistung,109.6,2026-05-27T10:19:04.422Z
sensor.shelly_plug_sg3_wk_waschmaschine_wk_waschmaschine_leistung,41.2,2026-05-27T10:19:05.449Z
sensor.shelly_plug_sg3_wk_waschmaschine_wk_waschmaschine_leistung,11.4,2026-05-27T10:19:06.476Z
sensor.shelly_plug_sg3_wk_waschmaschine_wk_waschmaschine_leistung,59.9,2026-05-27T10:19:10.588Z
sensor.shelly_plug_sg3_wk_waschmaschine_wk_waschmaschine_leistung,148.2,2026-05-27T10:19:11.617Z
sensor.shelly_plug_sg3_wk_waschmaschine_wk_waschmaschine_leistung,137.9,2026-05-27T10:19:12.644Z
sensor.shelly_plug_sg3_wk_waschmaschine_wk_waschmaschine_leistung,127.9,2026-05-27T10:19:13.676Z
sensor.shelly_plug_sg3_wk_waschmaschine_wk_waschmaschine_leistung,134.9,2026-05-27T10:19:15.730Z
sensor.shelly_plug_sg3_wk_waschmaschine_wk_waschmaschine_leistung,150.2,2026-05-27T10:19:19.842Z
sensor.shelly_plug_sg3_wk_waschmaschine_wk_waschmaschine_leistung,103.2,2026-05-27T10:19:20.870Z
sensor.shelly_plug_sg3_wk_waschmaschine_wk_waschmaschine_leistung,11.2,2026-05-27T10:19:21.897Z
sensor.shelly_plug_sg3_wk_waschmaschine_wk_waschmaschine_leistung,17.2,2026-05-27T10:19:26.009Z
sensor.shelly_plug_sg3_wk_waschmaschine_wk_waschmaschine_leistung,103.0,2026-05-27T10:19:27.038Z
sensor.shelly_plug_sg3_wk_waschmaschine_wk_waschmaschine_leistung,144.9,2026-05-27T10:19:28.068Z
sensor.shelly_plug_sg3_wk_waschmaschine_wk_waschmaschine_leistung,131.7,2026-05-27T10:19:29.094Z
sensor.shelly_plug_sg3_wk_waschmaschine_wk_waschmaschine_leistung,35.5,2026-05-27T10:19:36.290Z
sensor.shelly_plug_sg3_wk_waschmaschine_wk_waschmaschine_leistung,4.2,2026-05-27T10:19:37.318Z
sensor.shelly_plug_sg3_wk_waschmaschine_wk_waschmaschine_leistung,63.8,2026-05-27T10:19:42.459Z
sensor.shelly_plug_sg3_wk_waschmaschine_wk_waschmaschine_leistung,149.4,2026-05-27T10:19:43.488Z
sensor.shelly_plug_sg3_wk_waschmaschine_wk_waschmaschine_leistung,139.1,2026-05-27T10:19:46.571Z
sensor.shelly_plug_sg3_wk_waschmaschine_wk_waschmaschine_leistung,109.7,2026-05-27T10:19:51.709Z
sensor.shelly_plug_sg3_wk_waschmaschine_wk_waschmaschine_leistung,5.2,2026-05-27T10:19:52.738Z
sensor.shelly_plug_sg3_wk_waschmaschine_wk_waschmaschine_leistung,3.7,2026-05-27T10:19:53.766Z
sensor.shelly_plug_sg3_wk_waschmaschine_wk_waschmaschine_leistung,121.8,2026-05-27T10:19:57.878Z
sensor.shelly_plug_sg3_wk_waschmaschine_wk_waschmaschine_leistung,149.2,2026-05-27T10:19:58.908Z
sensor.shelly_plug_sg3_wk_waschmaschine_wk_waschmaschine_leistung,153.0,2026-05-27T10:20:00.008Z
sensor.shelly_plug_sg3_wk_waschmaschine_wk_waschmaschine_leistung,138.2,2026-05-27T10:20:00.962Z
sensor.shelly_plug_sg3_wk_waschmaschine_wk_waschmaschine_leistung,149.1,2026-05-27T10:20:06.101Z
sensor.shelly_plug_sg3_wk_waschmaschine_wk_waschmaschine_leistung,123.3,2026-05-27T10:20:07.129Z
sensor.shelly_plug_sg3_wk_waschmaschine_wk_waschmaschine_leistung,27.3,2026-05-27T10:20:08.157Z
sensor.shelly_plug_sg3_wk_waschmaschine_wk_waschmaschine_leistung,3.6,2026-05-27T10:20:09.186Z
sensor.shelly_plug_sg3_wk_waschmaschine_wk_waschmaschine_leistung,75.1,2026-05-27T10:20:13.298Z
sensor.shelly_plug_sg3_wk_waschmaschine_wk_waschmaschine_leistung,183.7,2026-05-27T10:20:14.326Z
sensor.shelly_plug_sg3_wk_waschmaschine_wk_waschmaschine_leistung,148.4,2026-05-27T10:20:15.353Z
sensor.shelly_plug_sg3_wk_waschmaschine_wk_waschmaschine_leistung,140.6,2026-05-27T10:20:19.465Z
sensor.shelly_plug_sg3_wk_waschmaschine_wk_waschmaschine_leistung,152.8,2026-05-27T10:20:20.494Z
sensor.shelly_plug_sg3_wk_waschmaschine_wk_waschmaschine_leistung,141.5,2026-05-27T10:20:22.549Z
sensor.shelly_plug_sg3_wk_waschmaschine_wk_waschmaschine_leistung,4.4,2026-05-27T10:20:23.577Z
sensor.shelly_plug_sg3_wk_waschmaschine_wk_waschmaschine_leistung,24.1,2026-05-27T10:20:28.721Z
sensor.shelly_plug_sg3_wk_waschmaschine_wk_waschmaschine_leistung,128.3,2026-05-27T10:20:29.750Z
sensor.shelly_plug_sg3_wk_waschmaschine_wk_waschmaschine_leistung,143.5,2026-05-27T10:20:30.776Z
sensor.shelly_plug_sg3_wk_waschmaschine_wk_waschmaschine_leistung,133.8,2026-05-27T10:20:32.829Z
sensor.shelly_plug_sg3_wk_waschmaschine_wk_waschmaschine_leistung,142.8,2026-05-27T10:20:33.858Z
sensor.shelly_plug_sg3_wk_waschmaschine_wk_waschmaschine_leistung,133.1,2026-05-27T10:20:34.886Z
sensor.shelly_plug_sg3_wk_waschmaschine_wk_waschmaschine_leistung,142.0,2026-05-27T10:20:35.914Z
sensor.shelly_plug_sg3_wk_waschmaschine_wk_waschmaschine_leistung,132.8,2026-05-27T10:20:36.942Z
sensor.shelly_plug_sg3_wk_waschmaschine_wk_waschmaschine_leistung,124.2,2026-05-27T10:20:37.971Z
sensor.shelly_plug_sg3_wk_waschmaschine_wk_waschmaschine_leistung,15.5,2026-05-27T10:20:38.998Z
sensor.shelly_plug_sg3_wk_waschmaschine_wk_waschmaschine_leistung,3.9,2026-05-27T10:20:40.027Z
sensor.shelly_plug_sg3_wk_waschmaschine_wk_waschmaschine_leistung,178.8,2026-05-27T10:20:45.166Z
sensor.shelly_plug_sg3_wk_waschmaschine_wk_waschmaschine_leistung,155.8,2026-05-27T10:20:46.194Z
sensor.shelly_plug_sg3_wk_waschmaschine_wk_waschmaschine_leistung,142.7,2026-05-27T10:20:47.222Z
sensor.shelly_plug_sg3_wk_waschmaschine_wk_waschmaschine_leistung,158.5,2026-05-27T10:20:48.251Z
sensor.shelly_plug_sg3_wk_waschmaschine_wk_waschmaschine_leistung,139.4,2026-05-27T10:20:49.279Z
sensor.shelly_plug_sg3_wk_waschmaschine_wk_waschmaschine_leistung,148.0,2026-05-27T10:20:51.335Z
sensor.shelly_plug_sg3_wk_waschmaschine_wk_waschmaschine_leistung,81.9,2026-05-27T10:20:54.419Z
sensor.shelly_plug_sg3_wk_waschmaschine_wk_waschmaschine_leistung,4.1,2026-05-27T10:20:55.447Z
sensor.shelly_plug_sg3_wk_waschmaschine_wk_waschmaschine_leistung,33.2,2026-05-27T10:20:59.558Z
sensor.shelly_plug_sg3_wk_waschmaschine_wk_waschmaschine_leistung,136.2,2026-05-27T10:21:00.587Z
sensor.shelly_plug_sg3_wk_waschmaschine_wk_waschmaschine_leistung,145.0,2026-05-27T10:21:01.606Z
sensor.shelly_plug_sg3_wk_waschmaschine_wk_waschmaschine_leistung,137.5,2026-05-27T10:21:04.691Z
sensor.shelly_plug_sg3_wk_waschmaschine_wk_waschmaschine_leistung,127.5,2026-05-27T10:21:09.831Z
sensor.shelly_plug_sg3_wk_waschmaschine_wk_waschmaschine_leistung,3.9,2026-05-27T10:21:10.867Z
sensor.shelly_plug_sg3_wk_waschmaschine_wk_waschmaschine_leistung,5.2,2026-05-27T10:21:14.970Z
sensor.shelly_plug_sg3_wk_waschmaschine_wk_waschmaschine_leistung,107.1,2026-05-27T10:21:16.009Z
sensor.shelly_plug_sg3_wk_waschmaschine_wk_waschmaschine_leistung,177.7,2026-05-27T10:21:17.035Z
sensor.shelly_plug_sg3_wk_waschmaschine_wk_waschmaschine_leistung,141.3,2026-05-27T10:21:18.063Z
sensor.shelly_plug_sg3_wk_waschmaschine_wk_waschmaschine_leistung,149.5,2026-05-27T10:21:19.092Z
sensor.shelly_plug_sg3_wk_waschmaschine_wk_waschmaschine_leistung,141.4,2026-05-27T10:21:22.166Z
sensor.shelly_plug_sg3_wk_waschmaschine_wk_waschmaschine_leistung,60.0,2026-05-27T10:21:25.260Z
sensor.shelly_plug_sg3_wk_waschmaschine_wk_waschmaschine_leistung,3.8,2026-05-27T10:21:26.290Z
sensor.shelly_plug_sg3_wk_waschmaschine_wk_waschmaschine_leistung,43.4,2026-05-27T10:21:31.426Z
sensor.shelly_plug_sg3_wk_waschmaschine_wk_waschmaschine_leistung,139.7,2026-05-27T10:21:32.454Z
sensor.shelly_plug_sg3_wk_waschmaschine_wk_waschmaschine_leistung,147.2,2026-05-27T10:21:33.482Z
sensor.shelly_plug_sg3_wk_waschmaschine_wk_waschmaschine_leistung,135.9,2026-05-27T10:21:35.539Z
sensor.shelly_plug_sg3_wk_waschmaschine_wk_waschmaschine_leistung,115.2,2026-05-27T10:21:40.679Z
sensor.shelly_plug_sg3_wk_waschmaschine_wk_waschmaschine_leistung,7.8,2026-05-27T10:21:41.706Z
sensor.shelly_plug_sg3_wk_waschmaschine_wk_waschmaschine_leistung,3.6,2026-05-27T10:21:42.735Z
sensor.shelly_plug_sg3_wk_waschmaschine_wk_waschmaschine_leistung,130.1,2026-05-27T10:21:46.847Z
sensor.shelly_plug_sg3_wk_waschmaschine_wk_waschmaschine_leistung,169.2,2026-05-27T10:21:47.875Z
sensor.shelly_plug_sg3_wk_waschmaschine_wk_waschmaschine_leistung,154.5,2026-05-27T10:21:48.903Z
sensor.shelly_plug_sg3_wk_waschmaschine_wk_waschmaschine_leistung,143.1,2026-05-27T10:21:50.961Z
sensor.shelly_plug_sg3_wk_waschmaschine_wk_waschmaschine_leistung,3.8,2026-05-27T10:21:57.127Z
sensor.shelly_plug_sg3_wk_waschmaschine_wk_waschmaschine_leistung,3.6,2026-05-27T10:22:00.003Z
sensor.shelly_plug_sg3_wk_waschmaschine_wk_waschmaschine_leistung,49.8,2026-05-27T10:22:02.267Z
sensor.shelly_plug_sg3_wk_waschmaschine_wk_waschmaschine_leistung,155.2,2026-05-27T10:22:03.295Z
sensor.shelly_plug_sg3_wk_waschmaschine_wk_waschmaschine_leistung,130.5,2026-05-27T10:22:06.379Z
sensor.shelly_plug_sg3_wk_waschmaschine_wk_waschmaschine_leistung,140.2,2026-05-27T10:22:07.408Z
sensor.shelly_plug_sg3_wk_waschmaschine_wk_waschmaschine_leistung,127.1,2026-05-27T10:22:09.465Z
sensor.shelly_plug_sg3_wk_waschmaschine_wk_waschmaschine_leistung,135.7,2026-05-27T10:22:10.491Z
sensor.shelly_plug_sg3_wk_waschmaschine_wk_waschmaschine_leistung,128.8,2026-05-27T10:22:11.511Z
sensor.shelly_plug_sg3_wk_waschmaschine_wk_waschmaschine_leistung,6.1,2026-05-27T10:22:12.551Z
sensor.shelly_plug_sg3_wk_waschmaschine_wk_waschmaschine_leistung,3.8,2026-05-27T10:22:13.577Z
sensor.shelly_plug_sg3_wk_waschmaschine_wk_waschmaschine_leistung,12.2,2026-05-27T10:22:17.689Z
sensor.shelly_plug_sg3_wk_waschmaschine_wk_waschmaschine_leistung,140.4,2026-05-27T10:22:18.725Z
sensor.shelly_plug_sg3_wk_waschmaschine_wk_waschmaschine_leistung,36.0,2026-05-27T10:22:27.968Z
sensor.shelly_plug_sg3_wk_waschmaschine_wk_waschmaschine_leistung,3.7,2026-05-27T10:22:28.996Z
sensor.shelly_plug_sg3_wk_waschmaschine_wk_waschmaschine_leistung,154.2,2026-05-27T10:22:34.138Z
sensor.shelly_plug_sg3_wk_waschmaschine_wk_waschmaschine_leistung,142.3,2026-05-27T10:22:36.183Z
sensor.shelly_plug_sg3_wk_waschmaschine_wk_waschmaschine_leistung,133.2,2026-05-27T10:22:38.250Z
sensor.shelly_plug_sg3_wk_waschmaschine_wk_waschmaschine_leistung,140.2,2026-05-27T10:22:39.278Z
sensor.shelly_plug_sg3_wk_waschmaschine_wk_waschmaschine_leistung,94.5,2026-05-27T10:22:43.409Z
sensor.shelly_plug_sg3_wk_waschmaschine_wk_waschmaschine_leistung,3.7,2026-05-27T10:22:44.417Z
sensor.shelly_plug_sg3_wk_waschmaschine_wk_waschmaschine_leistung,19.5,2026-05-27T10:22:48.534Z
sensor.shelly_plug_sg3_wk_waschmaschine_wk_waschmaschine_leistung,148.8,2026-05-27T10:22:49.557Z
sensor.shelly_plug_sg3_wk_waschmaschine_wk_waschmaschine_leistung,162.1,2026-05-27T10:22:50.585Z
sensor.shelly_plug_sg3_wk_waschmaschine_wk_waschmaschine_leistung,149.8,2026-05-27T10:22:51.614Z
sensor.shelly_plug_sg3_wk_waschmaschine_wk_waschmaschine_leistung,139.2,2026-05-27T10:22:52.642Z
sensor.shelly_plug_sg3_wk_waschmaschine_wk_waschmaschine_leistung,149.6,2026-05-27T10:22:53.670Z
sensor.shelly_plug_sg3_wk_waschmaschine_wk_waschmaschine_leistung,141.5,2026-05-27T10:22:55.726Z
sensor.shelly_plug_sg3_wk_waschmaschine_wk_waschmaschine_leistung,151.9,2026-05-27T10:22:56.754Z
sensor.shelly_plug_sg3_wk_waschmaschine_wk_waschmaschine_leistung,143.0,2026-05-27T10:22:57.782Z
sensor.shelly_plug_sg3_wk_waschmaschine_wk_waschmaschine_leistung,23.2,2026-05-27T10:22:58.811Z
sensor.shelly_plug_sg3_wk_waschmaschine_wk_waschmaschine_leistung,3.7,2026-05-27T10:22:59.839Z
sensor.shelly_plug_sg3_wk_waschmaschine_wk_waschmaschine_leistung,68.3,2026-05-27T10:23:04.980Z
sensor.shelly_plug_sg3_wk_waschmaschine_wk_waschmaschine_leistung,138.5,2026-05-27T10:23:06.008Z
sensor.shelly_plug_sg3_wk_waschmaschine_wk_waschmaschine_leistung,130.9,2026-05-27T10:23:09.083Z
sensor.shelly_plug_sg3_wk_waschmaschine_wk_waschmaschine_leistung,139.9,2026-05-27T10:23:13.204Z
sensor.shelly_plug_sg3_wk_waschmaschine_wk_waschmaschine_leistung,76.2,2026-05-27T10:23:14.232Z
sensor.shelly_plug_sg3_wk_waschmaschine_wk_waschmaschine_leistung,4.4,2026-05-27T10:23:15.260Z
sensor.shelly_plug_sg3_wk_waschmaschine_wk_waschmaschine_leistung,29.8,2026-05-27T10:23:20.400Z
sensor.shelly_plug_sg3_wk_waschmaschine_wk_waschmaschine_leistung,161.0,2026-05-27T10:23:21.429Z
sensor.shelly_plug_sg3_wk_waschmaschine_wk_waschmaschine_leistung,151.4,2026-05-27T10:23:23.487Z
sensor.shelly_plug_sg3_wk_waschmaschine_wk_waschmaschine_leistung,140.4,2026-05-27T10:23:26.569Z
sensor.shelly_plug_sg3_wk_waschmaschine_wk_waschmaschine_leistung,150.1,2026-05-27T10:23:28.625Z
sensor.shelly_plug_sg3_wk_waschmaschine_wk_waschmaschine_leistung,139.3,2026-05-27T10:23:29.653Z
sensor.shelly_plug_sg3_wk_waschmaschine_wk_waschmaschine_leistung,14.9,2026-05-27T10:23:30.682Z
sensor.shelly_plug_sg3_wk_waschmaschine_wk_waschmaschine_leistung,3.5,2026-05-27T10:23:31.710Z
sensor.shelly_plug_sg3_wk_waschmaschine_wk_waschmaschine_leistung,77.6,2026-05-27T10:23:35.822Z
sensor.shelly_plug_sg3_wk_waschmaschine_wk_waschmaschine_leistung,158.1,2026-05-27T10:23:36.850Z
sensor.shelly_plug_sg3_wk_waschmaschine_wk_waschmaschine_leistung,137.1,2026-05-27T10:23:37.878Z
sensor.shelly_plug_sg3_wk_waschmaschine_wk_waschmaschine_leistung,147.9,2026-05-27T10:23:38.962Z
sensor.shelly_plug_sg3_wk_waschmaschine_wk_waschmaschine_leistung,139.8,2026-05-27T10:23:39.935Z
sensor.shelly_plug_sg3_wk_waschmaschine_wk_waschmaschine_leistung,4.5,2026-05-27T10:23:46.103Z
sensor.shelly_plug_sg3_wk_waschmaschine_wk_waschmaschine_leistung,41.3,2026-05-27T10:23:51.242Z
sensor.shelly_plug_sg3_wk_waschmaschine_wk_waschmaschine_leistung,165.7,2026-05-27T10:23:52.271Z
sensor.shelly_plug_sg3_wk_waschmaschine_wk_waschmaschine_leistung,140.7,2026-05-27T10:23:54.326Z
sensor.shelly_plug_sg3_wk_waschmaschine_wk_waschmaschine_leistung,150.2,2026-05-27T10:23:55.355Z
sensor.shelly_plug_sg3_wk_waschmaschine_wk_waschmaschine_leistung,141.8,2026-05-27T10:23:56.383Z
sensor.shelly_plug_sg3_wk_waschmaschine_wk_waschmaschine_leistung,150.1,2026-05-27T10:23:59.467Z
sensor.shelly_plug_sg3_wk_waschmaschine_wk_waschmaschine_leistung,130.1,2026-05-27T10:24:00.500Z
sensor.shelly_plug_sg3_wk_waschmaschine_wk_waschmaschine_leistung,9.3,2026-05-27T10:24:01.523Z
sensor.shelly_plug_sg3_wk_waschmaschine_wk_waschmaschine_leistung,3.6,2026-05-27T10:24:02.551Z
sensor.shelly_plug_sg3_wk_waschmaschine_wk_waschmaschine_leistung,6.1,2026-05-27T10:24:06.654Z
sensor.shelly_plug_sg3_wk_waschmaschine_wk_waschmaschine_leistung,158.2,2026-05-27T10:24:07.691Z
sensor.shelly_plug_sg3_wk_waschmaschine_wk_waschmaschine_leistung,145.6,2026-05-27T10:24:08.720Z
sensor.shelly_plug_sg3_wk_waschmaschine_wk_waschmaschine_leistung,129.7,2026-05-27T10:24:12.833Z
sensor.shelly_plug_sg3_wk_waschmaschine_wk_waschmaschine_leistung,137.5,2026-05-27T10:24:13.859Z
sensor.shelly_plug_sg3_wk_waschmaschine_wk_waschmaschine_leistung,51.8,2026-05-27T10:24:16.943Z
sensor.shelly_plug_sg3_wk_waschmaschine_wk_waschmaschine_leistung,4.3,2026-05-27T10:24:17.973Z
sensor.shelly_plug_sg3_wk_waschmaschine_wk_waschmaschine_leistung,179.6,2026-05-27T10:24:23.112Z
sensor.shelly_plug_sg3_wk_waschmaschine_wk_waschmaschine_leistung,150.0,2026-05-27T10:24:24.139Z
sensor.shelly_plug_sg3_wk_waschmaschine_wk_waschmaschine_leistung,135.7,2026-05-27T10:24:29.279Z
sensor.shelly_plug_sg3_wk_waschmaschine_wk_waschmaschine_leistung,147.1,2026-05-27T10:24:30.307Z
sensor.shelly_plug_sg3_wk_waschmaschine_wk_waschmaschine_leistung,119.9,2026-05-27T10:24:32.365Z
sensor.shelly_plug_sg3_wk_waschmaschine_wk_waschmaschine_leistung,3.7,2026-05-27T10:24:33.391Z
sensor.shelly_plug_sg3_wk_waschmaschine_wk_waschmaschine_leistung,9.0,2026-05-27T10:24:37.502Z
sensor.shelly_plug_sg3_wk_waschmaschine_wk_waschmaschine_leistung,108.9,2026-05-27T10:24:38.536Z
sensor.shelly_plug_sg3_wk_waschmaschine_wk_waschmaschine_leistung,155.1,2026-05-27T10:24:39.559Z
sensor.shelly_plug_sg3_wk_waschmaschine_wk_waschmaschine_leistung,139.7,2026-05-27T10:24:40.587Z
sensor.shelly_plug_sg3_wk_waschmaschine_wk_waschmaschine_leistung,132.3,2026-05-27T10:24:42.643Z
sensor.shelly_plug_sg3_wk_waschmaschine_wk_waschmaschine_leistung,45.3,2026-05-27T10:24:47.782Z
sensor.shelly_plug_sg3_wk_waschmaschine_wk_waschmaschine_leistung,3.7,2026-05-27T10:24:48.812Z
sensor.shelly_plug_sg3_wk_waschmaschine_wk_waschmaschine_leistung,14.6,2026-05-27T10:24:51.894Z
sensor.shelly_plug_sg3_wk_waschmaschine_wk_waschmaschine_leistung,102.7,2026-05-27T10:24:52.923Z
sensor.shelly_plug_sg3_wk_waschmaschine_wk_waschmaschine_leistung,194.9,2026-05-27T10:24:53.955Z
sensor.shelly_plug_sg3_wk_waschmaschine_wk_waschmaschine_leistung,165.3,2026-05-27T10:24:54.982Z
sensor.shelly_plug_sg3_wk_waschmaschine_wk_waschmaschine_leistung,161.5,2026-05-27T10:24:59.998Z
sensor.shelly_plug_sg3_wk_waschmaschine_wk_waschmaschine_leistung,155.7,2026-05-27T10:25:00.119Z
sensor.shelly_plug_sg3_wk_waschmaschine_wk_waschmaschine_leistung,104.4,2026-05-27T10:25:02.175Z
sensor.shelly_plug_sg3_wk_waschmaschine_wk_waschmaschine_leistung,25.9,2026-05-27T10:25:03.208Z
sensor.shelly_plug_sg3_wk_waschmaschine_wk_waschmaschine_leistung,45.9,2026-05-27T10:25:08.342Z
sensor.shelly_plug_sg3_wk_waschmaschine_wk_waschmaschine_leistung,133.4,2026-05-27T10:25:09.371Z
sensor.shelly_plug_sg3_wk_waschmaschine_wk_waschmaschine_leistung,142.1,2026-05-27T10:25:10.398Z
sensor.shelly_plug_sg3_wk_waschmaschine_wk_waschmaschine_leistung,127.3,2026-05-27T10:25:11.427Z
sensor.shelly_plug_sg3_wk_waschmaschine_wk_waschmaschine_leistung,140.0,2026-05-27T10:25:12.455Z
sensor.shelly_plug_sg3_wk_waschmaschine_wk_waschmaschine_leistung,131.4,2026-05-27T10:25:13.483Z
sensor.shelly_plug_sg3_wk_waschmaschine_wk_waschmaschine_leistung,119.8,2026-05-27T10:25:16.571Z
sensor.shelly_plug_sg3_wk_waschmaschine_wk_waschmaschine_leistung,27.6,2026-05-27T10:25:18.623Z
sensor.shelly_plug_sg3_wk_waschmaschine_wk_waschmaschine_leistung,18.1,2026-05-27T10:25:19.651Z
sensor.shelly_plug_sg3_wk_waschmaschine_wk_waschmaschine_leistung,55.2,2026-05-27T10:25:20.682Z
sensor.shelly_plug_sg3_wk_waschmaschine_wk_waschmaschine_leistung,152.9,2026-05-27T10:25:21.710Z
sensor.shelly_plug_sg3_wk_waschmaschine_wk_waschmaschine_leistung,114.5,2026-05-27T10:25:23.764Z
sensor.shelly_plug_sg3_wk_waschmaschine_wk_waschmaschine_leistung,100.9,2026-05-27T10:25:24.795Z
sensor.shelly_plug_sg3_wk_waschmaschine_wk_waschmaschine_leistung,95.8,2026-05-27T10:25:25.814Z
sensor.shelly_plug_sg3_wk_waschmaschine_wk_waschmaschine_leistung,63.9,2026-05-27T10:25:26.857Z
sensor.shelly_plug_sg3_wk_waschmaschine_wk_waschmaschine_leistung,46.4,2026-05-27T10:25:27.876Z
sensor.shelly_plug_sg3_wk_waschmaschine_wk_waschmaschine_leistung,41.1,2026-05-27T10:25:29.924Z
sensor.shelly_plug_sg3_wk_waschmaschine_wk_waschmaschine_leistung,43.8,2026-05-27T10:25:37.118Z
sensor.shelly_plug_sg3_wk_waschmaschine_wk_waschmaschine_leistung,49.4,2026-05-27T10:25:38.155Z
sensor.shelly_plug_sg3_wk_waschmaschine_wk_waschmaschine_leistung,246.6,2026-05-27T10:25:39.183Z
sensor.shelly_plug_sg3_wk_waschmaschine_wk_waschmaschine_leistung,27.0,2026-05-27T10:25:40.212Z
sensor.shelly_plug_sg3_wk_waschmaschine_wk_waschmaschine_leistung,25.1,2026-05-27T10:25:41.241Z
sensor.shelly_plug_sg3_wk_waschmaschine_wk_waschmaschine_leistung,23.3,2026-05-27T10:25:47.403Z
sensor.shelly_plug_sg3_wk_waschmaschine_wk_waschmaschine_leistung,21.4,2026-05-27T10:25:48.426Z
sensor.shelly_plug_sg3_wk_waschmaschine_wk_waschmaschine_leistung,4.4,2026-05-27T10:25:49.464Z
sensor.shelly_plug_sg3_wk_waschmaschine_wk_waschmaschine_leistung,3.6,2026-05-27T10:25:59.996Z
sensor.shelly_plug_sg3_wk_waschmaschine_wk_waschmaschine_leistung,47.1,2026-05-27T10:26:18.243Z
sensor.shelly_plug_sg3_wk_waschmaschine_wk_waschmaschine_leistung,91.6,2026-05-27T10:26:19.274Z
sensor.shelly_plug_sg3_wk_waschmaschine_wk_waschmaschine_leistung,69.2,2026-05-27T10:26:20.302Z
sensor.shelly_plug_sg3_wk_waschmaschine_wk_waschmaschine_leistung,103.2,2026-05-27T10:26:21.329Z
sensor.shelly_plug_sg3_wk_waschmaschine_wk_waschmaschine_leistung,87.4,2026-05-27T10:26:22.356Z
sensor.shelly_plug_sg3_wk_waschmaschine_wk_waschmaschine_leistung,76.2,2026-05-27T10:26:23.385Z
sensor.shelly_plug_sg3_wk_waschmaschine_wk_waschmaschine_leistung,62.0,2026-05-27T10:26:24.413Z
sensor.shelly_plug_sg3_wk_waschmaschine_wk_waschmaschine_leistung,51.9,2026-05-27T10:26:25.443Z
sensor.shelly_plug_sg3_wk_waschmaschine_wk_waschmaschine_leistung,43.7,2026-05-27T10:26:26.470Z
sensor.shelly_plug_sg3_wk_waschmaschine_wk_waschmaschine_leistung,38.5,2026-05-27T10:26:27.489Z
sensor.shelly_plug_sg3_wk_waschmaschine_wk_waschmaschine_leistung,36.6,2026-05-27T10:26:28.526Z
sensor.shelly_plug_sg3_wk_waschmaschine_wk_waschmaschine_leistung,38.6,2026-05-27T10:26:35.712Z
sensor.shelly_plug_sg3_wk_waschmaschine_wk_waschmaschine_leistung,260.8,2026-05-27T10:26:36.752Z
sensor.shelly_plug_sg3_wk_waschmaschine_wk_waschmaschine_leistung,73.2,2026-05-27T10:26:37.778Z
sensor.shelly_plug_sg3_wk_waschmaschine_wk_waschmaschine_leistung,34.3,2026-05-27T10:26:38.806Z
sensor.shelly_plug_sg3_wk_waschmaschine_wk_waschmaschine_leistung,36.9,2026-05-27T10:26:39.826Z
sensor.shelly_plug_sg3_wk_waschmaschine_wk_waschmaschine_leistung,56.1,2026-05-27T10:26:40.862Z
sensor.shelly_plug_sg3_wk_waschmaschine_wk_waschmaschine_leistung,90.3,2026-05-27T10:26:41.898Z
sensor.shelly_plug_sg3_wk_waschmaschine_wk_waschmaschine_leistung,102.3,2026-05-27T10:26:42.918Z
sensor.shelly_plug_sg3_wk_waschmaschine_wk_waschmaschine_leistung,108.5,2026-05-27T10:26:43.946Z
sensor.shelly_plug_sg3_wk_waschmaschine_wk_waschmaschine_leistung,116.7,2026-05-27T10:26:46.002Z
sensor.shelly_plug_sg3_wk_waschmaschine_wk_waschmaschine_leistung,134.7,2026-05-27T10:26:48.059Z
sensor.shelly_plug_sg3_wk_waschmaschine_wk_waschmaschine_leistung,142.8,2026-05-27T10:26:49.087Z
sensor.shelly_plug_sg3_wk_waschmaschine_wk_waschmaschine_leistung,150.9,2026-05-27T10:26:50.116Z
sensor.shelly_plug_sg3_wk_waschmaschine_wk_waschmaschine_leistung,168.7,2026-05-27T10:26:51.144Z
sensor.shelly_plug_sg3_wk_waschmaschine_wk_waschmaschine_leistung,178.3,2026-05-27T10:26:52.172Z
sensor.shelly_plug_sg3_wk_waschmaschine_wk_waschmaschine_leistung,188.6,2026-05-27T10:26:53.200Z
sensor.shelly_plug_sg3_wk_waschmaschine_wk_waschmaschine_leistung,199.3,2026-05-27T10:26:54.232Z
sensor.shelly_plug_sg3_wk_waschmaschine_wk_waschmaschine_leistung,224.4,2026-05-27T10:26:55.258Z
sensor.shelly_plug_sg3_wk_waschmaschine_wk_waschmaschine_leistung,238.5,2026-05-27T10:26:56.284Z
sensor.shelly_plug_sg3_wk_waschmaschine_wk_waschmaschine_leistung,135.6,2026-05-27T10:26:58.342Z
sensor.shelly_plug_sg3_wk_waschmaschine_wk_waschmaschine_leistung,116.9,2026-05-27T10:26:59.368Z
sensor.shelly_plug_sg3_wk_waschmaschine_wk_waschmaschine_leistung,132.8,2026-05-27T10:27:01.425Z
sensor.shelly_plug_sg3_wk_waschmaschine_wk_waschmaschine_leistung,180.9,2026-05-27T10:27:02.453Z
sensor.shelly_plug_sg3_wk_waschmaschine_wk_waschmaschine_leistung,245.1,2026-05-27T10:27:03.482Z
sensor.shelly_plug_sg3_wk_waschmaschine_wk_waschmaschine_leistung,309.4,2026-05-27T10:27:04.512Z
sensor.shelly_plug_sg3_wk_waschmaschine_wk_waschmaschine_leistung,403.3,2026-05-27T10:27:05.537Z
sensor.shelly_plug_sg3_wk_waschmaschine_wk_waschmaschine_leistung,434.1,2026-05-27T10:27:06.566Z
sensor.shelly_plug_sg3_wk_waschmaschine_wk_waschmaschine_leistung,403.8,2026-05-27T10:27:07.594Z
sensor.shelly_plug_sg3_wk_waschmaschine_wk_waschmaschine_leistung,299.5,2026-05-27T10:27:08.622Z
sensor.shelly_plug_sg3_wk_waschmaschine_wk_waschmaschine_leistung,214.6,2026-05-27T10:27:09.650Z
sensor.shelly_plug_sg3_wk_waschmaschine_wk_waschmaschine_leistung,197.7,2026-05-27T10:27:10.679Z
sensor.shelly_plug_sg3_wk_waschmaschine_wk_waschmaschine_leistung,181.6,2026-05-27T10:27:11.707Z
sensor.shelly_plug_sg3_wk_waschmaschine_wk_waschmaschine_leistung,304.7,2026-05-27T10:27:12.735Z
sensor.shelly_plug_sg3_wk_waschmaschine_wk_waschmaschine_leistung,373.4,2026-05-27T10:27:13.763Z
sensor.shelly_plug_sg3_wk_waschmaschine_wk_waschmaschine_leistung,345.9,2026-05-27T10:27:14.791Z
sensor.shelly_plug_sg3_wk_waschmaschine_wk_waschmaschine_leistung,301.1,2026-05-27T10:27:15.822Z
sensor.shelly_plug_sg3_wk_waschmaschine_wk_waschmaschine_leistung,418.1,2026-05-27T10:27:16.848Z
sensor.shelly_plug_sg3_wk_waschmaschine_wk_waschmaschine_leistung,479.0,2026-05-27T10:27:17.876Z
sensor.shelly_plug_sg3_wk_waschmaschine_wk_waschmaschine_leistung,325.7,2026-05-27T10:27:19.933Z
sensor.shelly_plug_sg3_wk_waschmaschine_wk_waschmaschine_leistung,261.2,2026-05-27T10:27:20.961Z
sensor.shelly_plug_sg3_wk_waschmaschine_wk_waschmaschine_leistung,212.9,2026-05-27T10:27:21.989Z
sensor.shelly_plug_sg3_wk_waschmaschine_wk_waschmaschine_leistung,180.6,2026-05-27T10:27:23.018Z
sensor.shelly_plug_sg3_wk_waschmaschine_wk_waschmaschine_leistung,152.4,2026-05-27T10:27:24.047Z
sensor.shelly_plug_sg3_wk_waschmaschine_wk_waschmaschine_leistung,180.5,2026-05-27T10:27:27.130Z
sensor.shelly_plug_sg3_wk_waschmaschine_wk_waschmaschine_leistung,195.3,2026-05-27T10:27:28.158Z
sensor.shelly_plug_sg3_wk_waschmaschine_wk_waschmaschine_leistung,209.1,2026-05-27T10:27:29.187Z
sensor.shelly_plug_sg3_wk_waschmaschine_wk_waschmaschine_leistung,219.9,2026-05-27T10:27:30.219Z
sensor.shelly_plug_sg3_wk_waschmaschine_wk_waschmaschine_leistung,207.3,2026-05-27T10:27:37.410Z
sensor.shelly_plug_sg3_wk_waschmaschine_wk_waschmaschine_leistung,205.1,2026-05-27T10:27:59.987Z
sensor.shelly_plug_sg3_wk_waschmaschine_wk_waschmaschine_leistung,19.4,2026-05-27T10:28:25.735Z
sensor.shelly_plug_sg3_wk_waschmaschine_wk_waschmaschine_leistung,17.4,2026-05-27T10:28:26.765Z
sensor.shelly_plug_sg3_wk_waschmaschine_wk_waschmaschine_leistung,17.3,2026-05-27T10:29:00.053Z
sensor.shelly_plug_sg3_wk_waschmaschine_wk_waschmaschine_leistung,5.1,2026-05-27T10:29:03.765Z
sensor.shelly_plug_sg3_wk_waschmaschine_wk_waschmaschine_leistung,3.6,2026-05-27T10:29:04.783Z
sensor.shelly_plug_sg3_wk_waschmaschine_wk_waschmaschine_leistung,8.3,2026-05-27T10:29:20.201Z
sensor.shelly_plug_sg3_wk_waschmaschine_wk_waschmaschine_leistung,48.6,2026-05-27T10:29:27.406Z
sensor.shelly_plug_sg3_wk_waschmaschine_wk_waschmaschine_leistung,32.1,2026-05-27T10:29:28.437Z
sensor.shelly_plug_sg3_wk_waschmaschine_wk_waschmaschine_leistung,45.0,2026-05-27T10:29:29.462Z
sensor.shelly_plug_sg3_wk_waschmaschine_wk_waschmaschine_leistung,11.2,2026-05-27T10:29:30.490Z
sensor.shelly_plug_sg3_wk_waschmaschine_wk_waschmaschine_leistung,43.5,2026-05-27T10:29:35.629Z
sensor.shelly_plug_sg3_wk_waschmaschine_wk_waschmaschine_leistung,39.5,2026-05-27T10:29:37.686Z
sensor.shelly_plug_sg3_wk_waschmaschine_wk_waschmaschine_leistung,37.2,2026-05-27T10:29:39.732Z
sensor.shelly_plug_sg3_wk_waschmaschine_wk_waschmaschine_leistung,40.9,2026-05-27T10:29:40.761Z
sensor.shelly_plug_sg3_wk_waschmaschine_wk_waschmaschine_leistung,36.4,2026-05-27T10:29:42.817Z
sensor.shelly_plug_sg3_wk_waschmaschine_wk_waschmaschine_leistung,41.1,2026-05-27T10:29:43.845Z
sensor.shelly_plug_sg3_wk_waschmaschine_wk_waschmaschine_leistung,29.6,2026-05-27T10:29:44.882Z
sensor.shelly_plug_sg3_wk_waschmaschine_wk_waschmaschine_leistung,11.8,2026-05-27T10:29:45.910Z
sensor.shelly_plug_sg3_wk_waschmaschine_wk_waschmaschine_leistung,33.0,2026-05-27T10:29:51.050Z
sensor.shelly_plug_sg3_wk_waschmaschine_wk_waschmaschine_leistung,48.2,2026-05-27T10:29:52.079Z
sensor.shelly_plug_sg3_wk_waschmaschine_wk_waschmaschine_leistung,54.6,2026-05-27T10:29:53.107Z
sensor.shelly_plug_sg3_wk_waschmaschine_wk_waschmaschine_leistung,48.9,2026-05-27T10:29:54.136Z
sensor.shelly_plug_sg3_wk_waschmaschine_wk_waschmaschine_leistung,55.4,2026-05-27T10:29:57.219Z
sensor.shelly_plug_sg3_wk_waschmaschine_wk_waschmaschine_leistung,52.4,2026-05-27T10:29:58.238Z
sensor.shelly_plug_sg3_wk_waschmaschine_wk_waschmaschine_leistung,54.2,2026-05-27T10:30:00.047Z
sensor.shelly_plug_sg3_wk_waschmaschine_wk_waschmaschine_leistung,55.9,2026-05-27T10:30:00.294Z
sensor.shelly_plug_sg3_wk_waschmaschine_wk_waschmaschine_leistung,14.9,2026-05-27T10:30:01.331Z
sensor.shelly_plug_sg3_wk_waschmaschine_wk_waschmaschine_leistung,11.1,2026-05-27T10:30:02.362Z
sensor.shelly_plug_sg3_wk_waschmaschine_wk_waschmaschine_leistung,55.5,2026-05-27T10:30:06.471Z
sensor.shelly_plug_sg3_wk_waschmaschine_wk_waschmaschine_leistung,68.1,2026-05-27T10:30:07.500Z
sensor.shelly_plug_sg3_wk_waschmaschine_wk_waschmaschine_leistung,60.2,2026-05-27T10:30:08.528Z
sensor.shelly_plug_sg3_wk_waschmaschine_wk_waschmaschine_leistung,54.2,2026-05-27T10:30:09.548Z
sensor.shelly_plug_sg3_wk_waschmaschine_wk_waschmaschine_leistung,50.9,2026-05-27T10:30:10.585Z
sensor.shelly_plug_sg3_wk_waschmaschine_wk_waschmaschine_leistung,55.5,2026-05-27T10:30:11.603Z
sensor.shelly_plug_sg3_wk_waschmaschine_wk_waschmaschine_leistung,59.1,2026-05-27T10:30:13.669Z
sensor.shelly_plug_sg3_wk_waschmaschine_wk_waschmaschine_leistung,36.2,2026-05-27T10:30:16.753Z
sensor.shelly_plug_sg3_wk_waschmaschine_wk_waschmaschine_leistung,8.2,2026-05-27T10:30:17.781Z
sensor.shelly_plug_sg3_wk_waschmaschine_wk_waschmaschine_leistung,39.9,2026-05-27T10:30:21.893Z
sensor.shelly_plug_sg3_wk_waschmaschine_wk_waschmaschine_leistung,85.6,2026-05-27T10:30:22.921Z
sensor.shelly_plug_sg3_wk_waschmaschine_wk_waschmaschine_leistung,76.4,2026-05-27T10:30:23.949Z
sensor.shelly_plug_sg3_wk_waschmaschine_wk_waschmaschine_leistung,72.0,2026-05-27T10:30:25.997Z
sensor.shelly_plug_sg3_wk_waschmaschine_wk_waschmaschine_leistung,76.7,2026-05-27T10:30:27.026Z
sensor.shelly_plug_sg3_wk_waschmaschine_wk_waschmaschine_leistung,83.2,2026-05-27T10:30:29.090Z
sensor.shelly_plug_sg3_wk_waschmaschine_wk_waschmaschine_leistung,76.4,2026-05-27T10:30:31.146Z
sensor.shelly_plug_sg3_wk_waschmaschine_wk_waschmaschine_leistung,14.1,2026-05-27T10:30:32.175Z
sensor.shelly_plug_sg3_wk_waschmaschine_wk_waschmaschine_leistung,11.1,2026-05-27T10:30:33.203Z
sensor.shelly_plug_sg3_wk_waschmaschine_wk_waschmaschine_leistung,13.3,2026-05-27T10:30:37.307Z
sensor.shelly_plug_sg3_wk_waschmaschine_wk_waschmaschine_leistung,75.3,2026-05-27T10:30:38.342Z
sensor.shelly_plug_sg3_wk_waschmaschine_wk_waschmaschine_leistung,79.6,2026-05-27T10:30:39.361Z
sensor.shelly_plug_sg3_wk_waschmaschine_wk_waschmaschine_leistung,87.6,2026-05-27T10:30:41.427Z
sensor.shelly_plug_sg3_wk_waschmaschine_wk_waschmaschine_leistung,79.6,2026-05-27T10:30:42.455Z
sensor.shelly_plug_sg3_wk_waschmaschine_wk_waschmaschine_leistung,87.9,2026-05-27T10:30:43.483Z
sensor.shelly_plug_sg3_wk_waschmaschine_wk_waschmaschine_leistung,44.5,2026-05-27T10:30:47.598Z
sensor.shelly_plug_sg3_wk_waschmaschine_wk_waschmaschine_leistung,11.5,2026-05-27T10:30:48.623Z
sensor.shelly_plug_sg3_wk_waschmaschine_wk_waschmaschine_leistung,120.1,2026-05-27T10:30:53.762Z
sensor.shelly_plug_sg3_wk_waschmaschine_wk_waschmaschine_leistung,111.0,2026-05-27T10:30:55.821Z
sensor.shelly_plug_sg3_wk_waschmaschine_wk_waschmaschine_leistung,117.1,2026-05-27T10:30:56.848Z
sensor.shelly_plug_sg3_wk_waschmaschine_wk_waschmaschine_leistung,118.4,2026-05-27T10:31:00.045Z
sensor.shelly_plug_sg3_wk_waschmaschine_wk_waschmaschine_leistung,123.3,2026-05-27T10:31:00.952Z
sensor.shelly_plug_sg3_wk_waschmaschine_wk_waschmaschine_leistung,108.5,2026-05-27T10:31:03.015Z
sensor.shelly_plug_sg3_wk_waschmaschine_wk_waschmaschine_leistung,12.2,2026-05-27T10:31:04.045Z
sensor.shelly_plug_sg3_wk_waschmaschine_wk_waschmaschine_leistung,3.6,2026-05-27T10:31:05.072Z
sensor.shelly_plug_sg3_wk_waschmaschine_wk_waschmaschine_leistung,8.6,2026-05-27T10:31:08.156Z
sensor.shelly_plug_sg3_wk_waschmaschine_wk_waschmaschine_leistung,95.5,2026-05-27T10:31:09.184Z
sensor.shelly_plug_sg3_wk_waschmaschine_wk_waschmaschine_leistung,125.9,2026-05-27T10:31:10.212Z
sensor.shelly_plug_sg3_wk_waschmaschine_wk_waschmaschine_leistung,111.9,2026-05-27T10:31:11.241Z
sensor.shelly_plug_sg3_wk_waschmaschine_wk_waschmaschine_leistung,3.8,2026-05-27T10:31:19.464Z
sensor.shelly_plug_sg3_wk_waschmaschine_wk_waschmaschine_leistung,59.3,2026-05-27T10:31:24.603Z
sensor.shelly_plug_sg3_wk_waschmaschine_wk_waschmaschine_leistung,147.6,2026-05-27T10:31:25.632Z
sensor.shelly_plug_sg3_wk_waschmaschine_wk_waschmaschine_leistung,120.9,2026-05-27T10:31:26.661Z
sensor.shelly_plug_sg3_wk_waschmaschine_wk_waschmaschine_leistung,88.5,2026-05-27T10:31:33.857Z
sensor.shelly_plug_sg3_wk_waschmaschine_wk_waschmaschine_leistung,5.0,2026-05-27T10:31:34.884Z
sensor.shelly_plug_sg3_wk_waschmaschine_wk_waschmaschine_leistung,3.6,2026-05-27T10:31:35.913Z
sensor.shelly_plug_sg3_wk_waschmaschine_wk_waschmaschine_leistung,13.7,2026-05-27T10:31:40.025Z
sensor.shelly_plug_sg3_wk_waschmaschine_wk_waschmaschine_leistung,127.4,2026-05-27T10:31:41.056Z
sensor.shelly_plug_sg3_wk_waschmaschine_wk_waschmaschine_leistung,120.7,2026-05-27T10:31:43.109Z
sensor.shelly_plug_sg3_wk_waschmaschine_wk_waschmaschine_leistung,109.6,2026-05-27T10:31:45.167Z
sensor.shelly_plug_sg3_wk_waschmaschine_wk_waschmaschine_leistung,116.0,2026-05-27T10:31:46.196Z
sensor.shelly_plug_sg3_wk_waschmaschine_wk_waschmaschine_leistung,108.9,2026-05-27T10:31:47.222Z
sensor.shelly_plug_sg3_wk_waschmaschine_wk_waschmaschine_leistung,23.7,2026-05-27T10:31:50.306Z
sensor.shelly_plug_sg3_wk_waschmaschine_wk_waschmaschine_leistung,3.8,2026-05-27T10:31:51.339Z
sensor.shelly_plug_sg3_wk_waschmaschine_wk_waschmaschine_leistung,65.0,2026-05-27T10:31:55.448Z
sensor.shelly_plug_sg3_wk_waschmaschine_wk_waschmaschine_leistung,150.0,2026-05-27T10:31:56.474Z
sensor.shelly_plug_sg3_wk_waschmaschine_wk_waschmaschine_leistung,132.0,2026-05-27T10:31:57.502Z
sensor.shelly_plug_sg3_wk_waschmaschine_wk_waschmaschine_leistung,118.5,2026-05-27T10:31:59.559Z
sensor.shelly_plug_sg3_wk_waschmaschine_wk_waschmaschine_leistung,124.5,2026-05-27T10:32:02.635Z
sensor.shelly_plug_sg3_wk_waschmaschine_wk_waschmaschine_leistung,81.7,2026-05-27T10:32:05.730Z
sensor.shelly_plug_sg3_wk_waschmaschine_wk_waschmaschine_leistung,3.6,2026-05-27T10:32:06.755Z
sensor.shelly_plug_sg3_wk_waschmaschine_wk_waschmaschine_leistung,21.5,2026-05-27T10:32:10.867Z
sensor.shelly_plug_sg3_wk_waschmaschine_wk_waschmaschine_leistung,107.9,2026-05-27T10:32:11.898Z
sensor.shelly_plug_sg3_wk_waschmaschine_wk_waschmaschine_leistung,125.9,2026-05-27T10:32:12.924Z
sensor.shelly_plug_sg3_wk_waschmaschine_wk_waschmaschine_leistung,116.4,2026-05-27T10:32:13.954Z
sensor.shelly_plug_sg3_wk_waschmaschine_wk_waschmaschine_leistung,109.6,2026-05-27T10:32:14.981Z
sensor.shelly_plug_sg3_wk_waschmaschine_wk_waschmaschine_leistung,119.2,2026-05-27T10:32:17.036Z
sensor.shelly_plug_sg3_wk_waschmaschine_wk_waschmaschine_leistung,107.2,2026-05-27T10:32:18.065Z
sensor.shelly_plug_sg3_wk_waschmaschine_wk_waschmaschine_leistung,112.9,2026-05-27T10:32:19.084Z
sensor.shelly_plug_sg3_wk_waschmaschine_wk_waschmaschine_leistung,16.6,2026-05-27T10:32:21.149Z
sensor.shelly_plug_sg3_wk_waschmaschine_wk_waschmaschine_leistung,3.6,2026-05-27T10:32:22.177Z
sensor.shelly_plug_sg3_wk_waschmaschine_wk_waschmaschine_leistung,82.7,2026-05-27T10:32:27.316Z
sensor.shelly_plug_sg3_wk_waschmaschine_wk_waschmaschine_leistung,124.7,2026-05-27T10:32:28.349Z
sensor.shelly_plug_sg3_wk_waschmaschine_wk_waschmaschine_leistung,118.3,2026-05-27T10:32:29.364Z
sensor.shelly_plug_sg3_wk_waschmaschine_wk_waschmaschine_leistung,124.9,2026-05-27T10:32:30.392Z
sensor.shelly_plug_sg3_wk_waschmaschine_wk_waschmaschine_leistung,117.2,2026-05-27T10:32:34.513Z
sensor.shelly_plug_sg3_wk_waschmaschine_wk_waschmaschine_leistung,74.6,2026-05-27T10:32:36.573Z
sensor.shelly_plug_sg3_wk_waschmaschine_wk_waschmaschine_leistung,4.1,2026-05-27T10:32:37.597Z
sensor.shelly_plug_sg3_wk_waschmaschine_wk_waschmaschine_leistung,117.0,2026-05-27T10:32:42.741Z
sensor.shelly_plug_sg3_wk_waschmaschine_wk_waschmaschine_leistung,129.9,2026-05-27T10:32:43.765Z
sensor.shelly_plug_sg3_wk_waschmaschine_wk_waschmaschine_leistung,114.4,2026-05-27T10:32:44.795Z
sensor.shelly_plug_sg3_wk_waschmaschine_wk_waschmaschine_leistung,11.1,2026-05-27T10:32:53.017Z
sensor.shelly_plug_sg3_wk_waschmaschine_wk_waschmaschine_leistung,3.6,2026-05-27T10:32:54.048Z
sensor.shelly_plug_sg3_wk_waschmaschine_wk_waschmaschine_leistung,4.7,2026-05-27T10:32:57.120Z
sensor.shelly_plug_sg3_wk_waschmaschine_wk_waschmaschine_leistung,95.6,2026-05-27T10:32:58.157Z
sensor.shelly_plug_sg3_wk_waschmaschine_wk_waschmaschine_leistung,151.0,2026-05-27T10:32:59.186Z
sensor.shelly_plug_sg3_wk_waschmaschine_wk_waschmaschine_leistung,132.7,2026-05-27T10:33:00.216Z
sensor.shelly_plug_sg3_wk_waschmaschine_wk_waschmaschine_leistung,123.5,2026-05-27T10:33:01.242Z
sensor.shelly_plug_sg3_wk_waschmaschine_wk_waschmaschine_leistung,113.8,2026-05-27T10:33:02.270Z
sensor.shelly_plug_sg3_wk_waschmaschine_wk_waschmaschine_leistung,120.6,2026-05-27T10:33:03.300Z
sensor.shelly_plug_sg3_wk_waschmaschine_wk_waschmaschine_leistung,3.9,2026-05-27T10:33:08.438Z
sensor.shelly_plug_sg3_wk_waschmaschine_wk_waschmaschine_leistung,37.1,2026-05-27T10:33:13.577Z
sensor.shelly_plug_sg3_wk_waschmaschine_wk_waschmaschine_leistung,119.6,2026-05-27T10:33:14.606Z
sensor.shelly_plug_sg3_wk_waschmaschine_wk_waschmaschine_leistung,109.6,2026-05-27T10:33:21.792Z
sensor.shelly_plug_sg3_wk_waschmaschine_wk_waschmaschine_leistung,97.2,2026-05-27T10:33:22.829Z
sensor.shelly_plug_sg3_wk_waschmaschine_wk_waschmaschine_leistung,8.3,2026-05-27T10:33:23.857Z
sensor.shelly_plug_sg3_wk_waschmaschine_wk_waschmaschine_leistung,3.6,2026-05-27T10:33:24.889Z
sensor.shelly_plug_sg3_wk_waschmaschine_wk_waschmaschine_leistung,6.5,2026-05-27T10:33:28.988Z
sensor.shelly_plug_sg3_wk_waschmaschine_wk_waschmaschine_leistung,148.2,2026-05-27T10:33:30.026Z
sensor.shelly_plug_sg3_wk_waschmaschine_wk_waschmaschine_leistung,122.8,2026-05-27T10:33:31.056Z
sensor.shelly_plug_sg3_wk_waschmaschine_wk_waschmaschine_leistung,116.5,2026-05-27T10:33:37.213Z
sensor.shelly_plug_sg3_wk_waschmaschine_wk_waschmaschine_leistung,47.9,2026-05-27T10:33:39.278Z
sensor.shelly_plug_sg3_wk_waschmaschine_wk_waschmaschine_leistung,3.6,2026-05-27T10:33:40.308Z
sensor.shelly_plug_sg3_wk_waschmaschine_wk_waschmaschine_leistung,46.8,2026-05-27T10:33:44.418Z
sensor.shelly_plug_sg3_wk_waschmaschine_wk_waschmaschine_leistung,120.5,2026-05-27T10:33:45.446Z
sensor.shelly_plug_sg3_wk_waschmaschine_wk_waschmaschine_leistung,110.3,2026-05-27T10:33:47.503Z
sensor.shelly_plug_sg3_wk_waschmaschine_wk_waschmaschine_leistung,117.8,2026-05-27T10:33:53.669Z
sensor.shelly_plug_sg3_wk_waschmaschine_wk_waschmaschine_leistung,84.3,2026-05-27T10:33:54.698Z
sensor.shelly_plug_sg3_wk_waschmaschine_wk_waschmaschine_leistung,3.8,2026-05-27T10:33:55.726Z
sensor.shelly_plug_sg3_wk_waschmaschine_wk_waschmaschine_leistung,10.1,2026-05-27T10:33:59.839Z
sensor.shelly_plug_sg3_wk_waschmaschine_wk_waschmaschine_leistung,123.0,2026-05-27T10:34:00.867Z
sensor.shelly_plug_sg3_wk_waschmaschine_wk_waschmaschine_leistung,140.6,2026-05-27T10:34:01.895Z
sensor.shelly_plug_sg3_wk_waschmaschine_wk_waschmaschine_leistung,121.7,2026-05-27T10:34:02.923Z
sensor.shelly_plug_sg3_wk_waschmaschine_wk_waschmaschine_leistung,128.9,2026-05-27T10:34:04.981Z
sensor.shelly_plug_sg3_wk_waschmaschine_wk_waschmaschine_leistung,120.1,2026-05-27T10:34:07.037Z
sensor.shelly_plug_sg3_wk_waschmaschine_wk_waschmaschine_leistung,31.0,2026-05-27T10:34:10.119Z
sensor.shelly_plug_sg3_wk_waschmaschine_wk_waschmaschine_leistung,3.7,2026-05-27T10:34:11.147Z
sensor.shelly_plug_sg3_wk_waschmaschine_wk_waschmaschine_leistung,49.9,2026-05-27T10:34:16.287Z
sensor.shelly_plug_sg3_wk_waschmaschine_wk_waschmaschine_leistung,120.6,2026-05-27T10:34:17.317Z
sensor.shelly_plug_sg3_wk_waschmaschine_wk_waschmaschine_leistung,111.6,2026-05-27T10:34:20.399Z
sensor.shelly_plug_sg3_wk_waschmaschine_wk_waschmaschine_leistung,80.4,2026-05-27T10:34:25.539Z
sensor.shelly_plug_sg3_wk_waschmaschine_wk_waschmaschine_leistung,5.0,2026-05-27T10:34:26.567Z
sensor.shelly_plug_sg3_wk_waschmaschine_wk_waschmaschine_leistung,3.7,2026-05-27T10:34:27.586Z
sensor.shelly_plug_sg3_wk_waschmaschine_wk_waschmaschine_leistung,140.5,2026-05-27T10:34:31.708Z
sensor.shelly_plug_sg3_wk_waschmaschine_wk_waschmaschine_leistung,127.9,2026-05-27T10:34:32.735Z
sensor.shelly_plug_sg3_wk_waschmaschine_wk_waschmaschine_leistung,137.2,2026-05-27T10:34:33.763Z
sensor.shelly_plug_sg3_wk_waschmaschine_wk_waschmaschine_leistung,121.4,2026-05-27T10:34:34.791Z
sensor.shelly_plug_sg3_wk_waschmaschine_wk_waschmaschine_leistung,113.7,2026-05-27T10:34:38.903Z
sensor.shelly_plug_sg3_wk_waschmaschine_wk_waschmaschine_leistung,123.9,2026-05-27T10:34:39.932Z
sensor.shelly_plug_sg3_wk_waschmaschine_wk_waschmaschine_leistung,3.6,2026-05-27T10:34:41.988Z
sensor.shelly_plug_sg3_wk_waschmaschine_wk_waschmaschine_leistung,61.6,2026-05-27T10:34:47.127Z
sensor.shelly_plug_sg3_wk_waschmaschine_wk_waschmaschine_leistung,137.4,2026-05-27T10:34:48.155Z
sensor.shelly_plug_sg3_wk_waschmaschine_wk_waschmaschine_leistung,115.8,2026-05-27T10:34:49.184Z
sensor.shelly_plug_sg3_wk_waschmaschine_wk_waschmaschine_leistung,71.5,2026-05-27T10:34:56.379Z
sensor.shelly_plug_sg3_wk_waschmaschine_wk_waschmaschine_leistung,4.9,2026-05-27T10:34:57.412Z
sensor.shelly_plug_sg3_wk_waschmaschine_wk_waschmaschine_leistung,3.7,2026-05-27T10:34:58.425Z
sensor.shelly_plug_sg3_wk_waschmaschine_wk_waschmaschine_leistung,3.6,2026-05-27T10:35:00.036Z
sensor.shelly_plug_sg3_wk_waschmaschine_wk_waschmaschine_leistung,25.5,2026-05-27T10:35:02.548Z
sensor.shelly_plug_sg3_wk_waschmaschine_wk_waschmaschine_leistung,133.3,2026-05-27T10:35:03.578Z
sensor.shelly_plug_sg3_wk_waschmaschine_wk_waschmaschine_leistung,124.7,2026-05-27T10:35:04.602Z
sensor.shelly_plug_sg3_wk_waschmaschine_wk_waschmaschine_leistung,116.3,2026-05-27T10:35:05.631Z
sensor.shelly_plug_sg3_wk_waschmaschine_wk_waschmaschine_leistung,125.1,2026-05-27T10:35:06.659Z
sensor.shelly_plug_sg3_wk_waschmaschine_wk_waschmaschine_leistung,115.5,2026-05-27T10:35:08.716Z
sensor.shelly_plug_sg3_wk_waschmaschine_wk_waschmaschine_leistung,122.4,2026-05-27T10:35:09.744Z
sensor.shelly_plug_sg3_wk_waschmaschine_wk_waschmaschine_leistung,14.7,2026-05-27T10:35:12.828Z
sensor.shelly_plug_sg3_wk_waschmaschine_wk_waschmaschine_leistung,3.6,2026-05-27T10:35:13.856Z
sensor.shelly_plug_sg3_wk_waschmaschine_wk_waschmaschine_leistung,134.0,2026-05-27T10:35:18.996Z
sensor.shelly_plug_sg3_wk_waschmaschine_wk_waschmaschine_leistung,116.0,2026-05-27T10:35:20.027Z
sensor.shelly_plug_sg3_wk_waschmaschine_wk_waschmaschine_leistung,57.0,2026-05-27T10:35:28.249Z
sensor.shelly_plug_sg3_wk_waschmaschine_wk_waschmaschine_leistung,3.6,2026-05-27T10:35:29.275Z
sensor.shelly_plug_sg3_wk_waschmaschine_wk_waschmaschine_leistung,36.2,2026-05-27T10:35:33.386Z
sensor.shelly_plug_sg3_wk_waschmaschine_wk_waschmaschine_leistung,133.3,2026-05-27T10:35:34.415Z
sensor.shelly_plug_sg3_wk_waschmaschine_wk_waschmaschine_leistung,123.2,2026-05-27T10:35:36.471Z
sensor.shelly_plug_sg3_wk_waschmaschine_wk_waschmaschine_leistung,104.3,2026-05-27T10:35:40.583Z
sensor.shelly_plug_sg3_wk_waschmaschine_wk_waschmaschine_leistung,120.8,2026-05-27T10:35:41.611Z
sensor.shelly_plug_sg3_wk_waschmaschine_wk_waschmaschine_leistung,9.4,2026-05-27T10:35:43.667Z
sensor.shelly_plug_sg3_wk_waschmaschine_wk_waschmaschine_leistung,3.7,2026-05-27T10:35:44.696Z
sensor.shelly_plug_sg3_wk_waschmaschine_wk_waschmaschine_leistung,5.2,2026-05-27T10:35:48.798Z
sensor.shelly_plug_sg3_wk_waschmaschine_wk_waschmaschine_leistung,79.1,2026-05-27T10:35:49.837Z
sensor.shelly_plug_sg3_wk_waschmaschine_wk_waschmaschine_leistung,113.5,2026-05-27T10:35:50.863Z
sensor.shelly_plug_sg3_wk_waschmaschine_wk_waschmaschine_leistung,48.2,2026-05-27T10:35:59.086Z
sensor.shelly_plug_sg3_wk_waschmaschine_wk_waschmaschine_leistung,3.9,2026-05-27T10:36:00.114Z
sensor.shelly_plug_sg3_wk_waschmaschine_wk_waschmaschine_leistung,154.7,2026-05-27T10:36:05.254Z
sensor.shelly_plug_sg3_wk_waschmaschine_wk_waschmaschine_leistung,127.6,2026-05-27T10:36:06.282Z
sensor.shelly_plug_sg3_wk_waschmaschine_wk_waschmaschine_leistung,119.8,2026-05-27T10:36:07.311Z
sensor.shelly_plug_sg3_wk_waschmaschine_wk_waschmaschine_leistung,129.6,2026-05-27T10:36:08.338Z
sensor.shelly_plug_sg3_wk_waschmaschine_wk_waschmaschine_leistung,123.0,2026-05-27T10:36:09.359Z
sensor.shelly_plug_sg3_wk_waschmaschine_wk_waschmaschine_leistung,114.9,2026-05-27T10:36:12.441Z
sensor.shelly_plug_sg3_wk_waschmaschine_wk_waschmaschine_leistung,121.5,2026-05-27T10:36:13.470Z
sensor.shelly_plug_sg3_wk_waschmaschine_wk_waschmaschine_leistung,7.0,2026-05-27T10:36:15.535Z
sensor.shelly_plug_sg3_wk_waschmaschine_wk_waschmaschine_leistung,3.6,2026-05-27T10:36:16.563Z
sensor.shelly_plug_sg3_wk_waschmaschine_wk_waschmaschine_leistung,101.8,2026-05-27T10:36:20.675Z
sensor.shelly_plug_sg3_wk_waschmaschine_wk_waschmaschine_leistung,135.6,2026-05-27T10:36:21.704Z
sensor.shelly_plug_sg3_wk_waschmaschine_wk_waschmaschine_leistung,128.5,2026-05-27T10:36:22.731Z
sensor.shelly_plug_sg3_wk_waschmaschine_wk_waschmaschine_leistung,113.4,2026-05-27T10:36:23.759Z
sensor.shelly_plug_sg3_wk_waschmaschine_wk_waschmaschine_leistung,123.7,2026-05-27T10:36:26.844Z
sensor.shelly_plug_sg3_wk_waschmaschine_wk_waschmaschine_leistung,114.7,2026-05-27T10:36:27.872Z
sensor.shelly_plug_sg3_wk_waschmaschine_wk_waschmaschine_leistung,106.9,2026-05-27T10:36:28.900Z
sensor.shelly_plug_sg3_wk_waschmaschine_wk_waschmaschine_leistung,116.6,2026-05-27T10:36:29.929Z
sensor.shelly_plug_sg3_wk_waschmaschine_wk_waschmaschine_leistung,3.8,2026-05-27T10:36:30.959Z
sensor.shelly_plug_sg3_wk_waschmaschine_wk_waschmaschine_leistung,57.0,2026-05-27T10:36:36.097Z
sensor.shelly_plug_sg3_wk_waschmaschine_wk_waschmaschine_leistung,148.8,2026-05-27T10:36:37.125Z
sensor.shelly_plug_sg3_wk_waschmaschine_wk_waschmaschine_leistung,128.6,2026-05-27T10:36:38.156Z
sensor.shelly_plug_sg3_wk_waschmaschine_wk_waschmaschine_leistung,118.8,2026-05-27T10:36:39.182Z
sensor.shelly_plug_sg3_wk_waschmaschine_wk_waschmaschine_leistung,95.3,2026-05-27T10:36:45.348Z
sensor.shelly_plug_sg3_wk_waschmaschine_wk_waschmaschine_leistung,5.4,2026-05-27T10:36:46.376Z
sensor.shelly_plug_sg3_wk_waschmaschine_wk_waschmaschine_leistung,3.6,2026-05-27T10:36:47.404Z
sensor.shelly_plug_sg3_wk_waschmaschine_wk_waschmaschine_leistung,11.9,2026-05-27T10:36:51.516Z
sensor.shelly_plug_sg3_wk_waschmaschine_wk_waschmaschine_leistung,123.4,2026-05-27T10:36:52.545Z
sensor.shelly_plug_sg3_wk_waschmaschine_wk_waschmaschine_leistung,115.3,2026-05-27T10:36:54.601Z
sensor.shelly_plug_sg3_wk_waschmaschine_wk_waschmaschine_leistung,107.6,2026-05-27T10:36:59.741Z
sensor.shelly_plug_sg3_wk_waschmaschine_wk_waschmaschine_leistung,114.5,2026-05-27T10:37:00.769Z
sensor.shelly_plug_sg3_wk_waschmaschine_wk_waschmaschine_leistung,29.7,2026-05-27T10:37:01.797Z
sensor.shelly_plug_sg3_wk_waschmaschine_wk_waschmaschine_leistung,3.7,2026-05-27T10:37:02.826Z
sensor.shelly_plug_sg3_wk_waschmaschine_wk_waschmaschine_leistung,68.4,2026-05-27T10:37:06.941Z
sensor.shelly_plug_sg3_wk_waschmaschine_wk_waschmaschine_leistung,150.4,2026-05-27T10:37:07.966Z
sensor.shelly_plug_sg3_wk_waschmaschine_wk_waschmaschine_leistung,124.7,2026-05-27T10:37:08.994Z
sensor.shelly_plug_sg3_wk_waschmaschine_wk_waschmaschine_leistung,133.7,2026-05-27T10:37:10.025Z
sensor.shelly_plug_sg3_wk_waschmaschine_wk_waschmaschine_leistung,117.7,2026-05-27T10:37:11.053Z
sensor.shelly_plug_sg3_wk_waschmaschine_wk_waschmaschine_leistung,124.9,2026-05-27T10:37:12.081Z
sensor.shelly_plug_sg3_wk_waschmaschine_wk_waschmaschine_leistung,115.6,2026-05-27T10:37:13.107Z
sensor.shelly_plug_sg3_wk_waschmaschine_wk_waschmaschine_leistung,125.2,2026-05-27T10:37:14.136Z
sensor.shelly_plug_sg3_wk_waschmaschine_wk_waschmaschine_leistung,116.9,2026-05-27T10:37:16.192Z
sensor.shelly_plug_sg3_wk_waschmaschine_wk_waschmaschine_leistung,86.4,2026-05-27T10:37:17.220Z
sensor.shelly_plug_sg3_wk_waschmaschine_wk_waschmaschine_leistung,3.6,2026-05-27T10:37:18.248Z
sensor.shelly_plug_sg3_wk_waschmaschine_wk_waschmaschine_leistung,18.5,2026-05-27T10:37:22.359Z
sensor.shelly_plug_sg3_wk_waschmaschine_wk_waschmaschine_leistung,110.9,2026-05-27T10:37:23.390Z
sensor.shelly_plug_sg3_wk_waschmaschine_wk_waschmaschine_leistung,127.7,2026-05-27T10:37:24.416Z
sensor.shelly_plug_sg3_wk_waschmaschine_wk_waschmaschine_leistung,110.1,2026-05-27T10:37:26.472Z
sensor.shelly_plug_sg3_wk_waschmaschine_wk_waschmaschine_leistung,117.2,2026-05-27T10:37:27.500Z
sensor.shelly_plug_sg3_wk_waschmaschine_wk_waschmaschine_leistung,111.0,2026-05-27T10:37:30.575Z
sensor.shelly_plug_sg3_wk_waschmaschine_wk_waschmaschine_leistung,19.0,2026-05-27T10:37:32.640Z
sensor.shelly_plug_sg3_wk_waschmaschine_wk_waschmaschine_leistung,3.6,2026-05-27T10:37:33.670Z
sensor.shelly_plug_sg3_wk_waschmaschine_wk_waschmaschine_leistung,73.8,2026-05-27T10:37:38.808Z
sensor.shelly_plug_sg3_wk_waschmaschine_wk_waschmaschine_leistung,133.6,2026-05-27T10:37:39.837Z
sensor.shelly_plug_sg3_wk_waschmaschine_wk_waschmaschine_leistung,118.4,2026-05-27T10:37:40.865Z
sensor.shelly_plug_sg3_wk_waschmaschine_wk_waschmaschine_leistung,79.9,2026-05-27T10:37:48.061Z
sensor.shelly_plug_sg3_wk_waschmaschine_wk_waschmaschine_leistung,4.3,2026-05-27T10:37:49.089Z
sensor.shelly_plug_sg3_wk_waschmaschine_wk_waschmaschine_leistung,113.6,2026-05-27T10:37:54.228Z
sensor.shelly_plug_sg3_wk_waschmaschine_wk_waschmaschine_leistung,122.2,2026-05-27T10:37:55.258Z
sensor.shelly_plug_sg3_wk_waschmaschine_wk_waschmaschine_leistung,108.7,2026-05-27T10:37:57.313Z
sensor.shelly_plug_sg3_wk_waschmaschine_wk_waschmaschine_leistung,108.8,2026-05-27T10:38:00.028Z
sensor.shelly_plug_sg3_wk_waschmaschine_wk_waschmaschine_leistung,115.1,2026-05-27T10:38:02.452Z
sensor.shelly_plug_sg3_wk_waschmaschine_wk_waschmaschine_leistung,103.1,2026-05-27T10:38:03.481Z
sensor.shelly_plug_sg3_wk_waschmaschine_wk_waschmaschine_leistung,12.3,2026-05-27T10:38:04.509Z
sensor.shelly_plug_sg3_wk_waschmaschine_wk_waschmaschine_leistung,3.7,2026-05-27T10:38:05.537Z
sensor.shelly_plug_sg3_wk_waschmaschine_wk_waschmaschine_leistung,88.4,2026-05-27T10:38:09.648Z
sensor.shelly_plug_sg3_wk_waschmaschine_wk_waschmaschine_leistung,144.1,2026-05-27T10:38:10.678Z
sensor.shelly_plug_sg3_wk_waschmaschine_wk_waschmaschine_leistung,127.2,2026-05-27T10:38:11.708Z
sensor.shelly_plug_sg3_wk_waschmaschine_wk_waschmaschine_leistung,120.0,2026-05-27T10:38:12.737Z
sensor.shelly_plug_sg3_wk_waschmaschine_wk_waschmaschine_leistung,126.3,2026-05-27T10:38:17.874Z
sensor.shelly_plug_sg3_wk_waschmaschine_wk_waschmaschine_leistung,96.0,2026-05-27T10:38:18.902Z
sensor.shelly_plug_sg3_wk_waschmaschine_wk_waschmaschine_leistung,101.7,2026-05-27T10:38:19.922Z
sensor.shelly_plug_sg3_wk_waschmaschine_wk_waschmaschine_leistung,122.4,2026-05-27T10:38:20.959Z
sensor.shelly_plug_sg3_wk_waschmaschine_wk_waschmaschine_leistung,116.3,2026-05-27T10:38:25.062Z
sensor.shelly_plug_sg3_wk_waschmaschine_wk_waschmaschine_leistung,110.3,2026-05-27T10:38:28.145Z
sensor.shelly_plug_sg3_wk_waschmaschine_wk_waschmaschine_leistung,80.7,2026-05-27T10:38:29.182Z
sensor.shelly_plug_sg3_wk_waschmaschine_wk_waschmaschine_leistung,3.7,2026-05-27T10:38:30.211Z
sensor.shelly_plug_sg3_wk_waschmaschine_wk_waschmaschine_leistung,17.0,2026-05-27T10:38:34.324Z
sensor.shelly_plug_sg3_wk_waschmaschine_wk_waschmaschine_leistung,132.5,2026-05-27T10:38:35.382Z
sensor.shelly_plug_sg3_wk_waschmaschine_wk_waschmaschine_leistung,143.8,2026-05-27T10:38:36.372Z
sensor.shelly_plug_sg3_wk_waschmaschine_wk_waschmaschine_leistung,125.6,2026-05-27T10:38:37.408Z
sensor.shelly_plug_sg3_wk_waschmaschine_wk_waschmaschine_leistung,117.3,2026-05-27T10:38:41.520Z
sensor.shelly_plug_sg3_wk_waschmaschine_wk_waschmaschine_leistung,123.5,2026-05-27T10:38:42.540Z
sensor.shelly_plug_sg3_wk_waschmaschine_wk_waschmaschine_leistung,26.1,2026-05-27T10:38:44.604Z
sensor.shelly_plug_sg3_wk_waschmaschine_wk_waschmaschine_leistung,3.7,2026-05-27T10:38:45.634Z
sensor.shelly_plug_sg3_wk_waschmaschine_wk_waschmaschine_leistung,63.6,2026-05-27T10:38:50.772Z
sensor.shelly_plug_sg3_wk_waschmaschine_wk_waschmaschine_leistung,135.8,2026-05-27T10:38:51.801Z
sensor.shelly_plug_sg3_wk_waschmaschine_wk_waschmaschine_leistung,122.8,2026-05-27T10:38:52.828Z
sensor.shelly_plug_sg3_wk_waschmaschine_wk_waschmaschine_leistung,110.6,2026-05-27T10:38:53.856Z
sensor.shelly_plug_sg3_wk_waschmaschine_wk_waschmaschine_leistung,120.0,2026-05-27T10:38:54.886Z
sensor.shelly_plug_sg3_wk_waschmaschine_wk_waschmaschine_leistung,111.3,2026-05-27T10:38:56.941Z
sensor.shelly_plug_sg3_wk_waschmaschine_wk_waschmaschine_leistung,117.0,2026-05-27T10:38:57.960Z
sensor.shelly_plug_sg3_wk_waschmaschine_wk_waschmaschine_leistung,107.6,2026-05-27T10:38:58.989Z
sensor.shelly_plug_sg3_wk_waschmaschine_wk_waschmaschine_leistung,68.9,2026-05-27T10:39:00.093Z
sensor.shelly_plug_sg3_wk_waschmaschine_wk_waschmaschine_leistung,4.4,2026-05-27T10:39:01.079Z
sensor.shelly_plug_sg3_wk_waschmaschine_wk_waschmaschine_leistung,26.4,2026-05-27T10:39:06.215Z
sensor.shelly_plug_sg3_wk_waschmaschine_wk_waschmaschine_leistung,134.6,2026-05-27T10:39:07.244Z
sensor.shelly_plug_sg3_wk_waschmaschine_wk_waschmaschine_leistung,125.1,2026-05-27T10:39:08.272Z
sensor.shelly_plug_sg3_wk_waschmaschine_wk_waschmaschine_leistung,118.6,2026-05-27T10:39:11.348Z
sensor.shelly_plug_sg3_wk_waschmaschine_wk_waschmaschine_leistung,14.2,2026-05-27T10:39:16.496Z
sensor.shelly_plug_sg3_wk_waschmaschine_wk_waschmaschine_leistung,3.6,2026-05-27T10:39:17.524Z
sensor.shelly_plug_sg3_wk_waschmaschine_wk_waschmaschine_leistung,69.8,2026-05-27T10:39:21.637Z
sensor.shelly_plug_sg3_wk_waschmaschine_wk_waschmaschine_leistung,133.5,2026-05-27T10:39:22.666Z
sensor.shelly_plug_sg3_wk_waschmaschine_wk_waschmaschine_leistung,121.1,2026-05-27T10:39:23.692Z
sensor.shelly_plug_sg3_wk_waschmaschine_wk_waschmaschine_leistung,114.0,2026-05-27T10:39:24.720Z
sensor.shelly_plug_sg3_wk_waschmaschine_wk_waschmaschine_leistung,119.9,2026-05-27T10:39:25.740Z
sensor.shelly_plug_sg3_wk_waschmaschine_wk_waschmaschine_leistung,111.6,2026-05-27T10:39:26.776Z
sensor.shelly_plug_sg3_wk_waschmaschine_wk_waschmaschine_leistung,119.3,2026-05-27T10:39:28.825Z
sensor.shelly_plug_sg3_wk_waschmaschine_wk_waschmaschine_leistung,107.3,2026-05-27T10:39:30.880Z
sensor.shelly_plug_sg3_wk_waschmaschine_wk_waschmaschine_leistung,4.5,2026-05-27T10:39:31.971Z
sensor.shelly_plug_sg3_wk_waschmaschine_wk_waschmaschine_leistung,37.0,2026-05-27T10:39:37.057Z
sensor.shelly_plug_sg3_wk_waschmaschine_wk_waschmaschine_leistung,140.4,2026-05-27T10:39:38.086Z
sensor.shelly_plug_sg3_wk_waschmaschine_wk_waschmaschine_leistung,123.1,2026-05-27T10:39:39.114Z
sensor.shelly_plug_sg3_wk_waschmaschine_wk_waschmaschine_leistung,109.8,2026-05-27T10:39:46.309Z
sensor.shelly_plug_sg3_wk_waschmaschine_wk_waschmaschine_leistung,9.2,2026-05-27T10:39:47.336Z
sensor.shelly_plug_sg3_wk_waschmaschine_wk_waschmaschine_leistung,3.6,2026-05-27T10:39:48.365Z
sensor.shelly_plug_sg3_wk_waschmaschine_wk_waschmaschine_leistung,5.4,2026-05-27T10:39:52.467Z
sensor.shelly_plug_sg3_wk_waschmaschine_wk_waschmaschine_leistung,132.9,2026-05-27T10:39:53.505Z
sensor.shelly_plug_sg3_wk_waschmaschine_wk_waschmaschine_leistung,115.8,2026-05-27T10:39:54.535Z
sensor.shelly_plug_sg3_wk_waschmaschine_wk_waschmaschine_leistung,107.8,2026-05-27T10:39:57.617Z
sensor.shelly_plug_sg3_wk_waschmaschine_wk_waschmaschine_leistung,117.0,2026-05-27T10:39:58.645Z
sensor.shelly_plug_sg3_wk_waschmaschine_wk_waschmaschine_leistung,110.6,2026-05-27T10:39:59.674Z
sensor.shelly_plug_sg3_wk_waschmaschine_wk_waschmaschine_leistung,52.9,2026-05-27T10:40:02.757Z
sensor.shelly_plug_sg3_wk_waschmaschine_wk_waschmaschine_leistung,4.0,2026-05-27T10:40:03.786Z
sensor.shelly_plug_sg3_wk_waschmaschine_wk_waschmaschine_leistung,47.9,2026-05-27T10:40:07.893Z
sensor.shelly_plug_sg3_wk_waschmaschine_wk_waschmaschine_leistung,142.3,2026-05-27T10:40:08.927Z
sensor.shelly_plug_sg3_wk_waschmaschine_wk_waschmaschine_leistung,127.1,2026-05-27T10:40:09.954Z
sensor.shelly_plug_sg3_wk_waschmaschine_wk_waschmaschine_leistung,120.5,2026-05-27T10:40:13.039Z
sensor.shelly_plug_sg3_wk_waschmaschine_wk_waschmaschine_leistung,104.0,2026-05-27T10:40:18.178Z
sensor.shelly_plug_sg3_wk_waschmaschine_wk_waschmaschine_leistung,25.6,2026-05-27T10:40:19.206Z
sensor.shelly_plug_sg3_wk_waschmaschine_wk_waschmaschine_leistung,22.9,2026-05-27T10:40:20.225Z
sensor.shelly_plug_sg3_wk_waschmaschine_wk_waschmaschine_leistung,21.5,2026-05-27T10:40:21.253Z
sensor.shelly_plug_sg3_wk_waschmaschine_wk_waschmaschine_leistung,27.1,2026-05-27T10:40:23.310Z
sensor.shelly_plug_sg3_wk_waschmaschine_wk_waschmaschine_leistung,112.1,2026-05-27T10:40:24.346Z
sensor.shelly_plug_sg3_wk_waschmaschine_wk_waschmaschine_leistung,143.3,2026-05-27T10:40:25.374Z
sensor.shelly_plug_sg3_wk_waschmaschine_wk_waschmaschine_leistung,129.2,2026-05-27T10:40:26.403Z
sensor.shelly_plug_sg3_wk_waschmaschine_wk_waschmaschine_leistung,119.0,2026-05-27T10:40:32.570Z
sensor.shelly_plug_sg3_wk_waschmaschine_wk_waschmaschine_leistung,53.0,2026-05-27T10:40:33.598Z
sensor.shelly_plug_sg3_wk_waschmaschine_wk_waschmaschine_leistung,25.4,2026-05-27T10:40:34.626Z
sensor.shelly_plug_sg3_wk_waschmaschine_wk_waschmaschine_leistung,24.1,2026-05-27T10:40:36.676Z
sensor.shelly_plug_sg3_wk_waschmaschine_wk_waschmaschine_leistung,19.5,2026-05-27T10:40:37.701Z
sensor.shelly_plug_sg3_wk_waschmaschine_wk_waschmaschine_leistung,70.6,2026-05-27T10:40:39.768Z
sensor.shelly_plug_sg3_wk_waschmaschine_wk_waschmaschine_leistung,135.3,2026-05-27T10:40:40.796Z
sensor.shelly_plug_sg3_wk_waschmaschine_wk_waschmaschine_leistung,181.2,2026-05-27T10:40:41.822Z
sensor.shelly_plug_sg3_wk_waschmaschine_wk_waschmaschine_leistung,261.8,2026-05-27T10:40:42.851Z
sensor.shelly_plug_sg3_wk_waschmaschine_wk_waschmaschine_leistung,250.5,2026-05-27T10:41:00.022Z
sensor.shelly_plug_sg3_wk_waschmaschine_wk_waschmaschine_leistung,248.2,2026-05-27T10:41:00.325Z
sensor.shelly_plug_sg3_wk_waschmaschine_wk_waschmaschine_leistung,156.1,2026-05-27T10:41:07.519Z
sensor.shelly_plug_sg3_wk_waschmaschine_wk_waschmaschine_leistung,98.8,2026-05-27T10:41:08.547Z
sensor.shelly_plug_sg3_wk_waschmaschine_wk_waschmaschine_leistung,114.5,2026-05-27T10:41:09.577Z
sensor.shelly_plug_sg3_wk_waschmaschine_wk_waschmaschine_leistung,127.3,2026-05-27T10:41:10.607Z
sensor.shelly_plug_sg3_wk_waschmaschine_wk_waschmaschine_leistung,104.6,2026-05-27T10:41:12.662Z
sensor.shelly_plug_sg3_wk_waschmaschine_wk_waschmaschine_leistung,50.9,2026-05-27T10:41:13.687Z
sensor.shelly_plug_sg3_wk_waschmaschine_wk_waschmaschine_leistung,55.5,2026-05-27T10:41:15.735Z
sensor.shelly_plug_sg3_wk_waschmaschine_wk_waschmaschine_leistung,39.3,2026-05-27T10:41:16.772Z
sensor.shelly_plug_sg3_wk_waschmaschine_wk_waschmaschine_leistung,42.1,2026-05-27T10:41:23.960Z
sensor.shelly_plug_sg3_wk_waschmaschine_wk_waschmaschine_leistung,205.5,2026-05-27T10:41:26.023Z
sensor.shelly_plug_sg3_wk_waschmaschine_wk_waschmaschine_leistung,488.2,2026-05-27T10:41:27.051Z
sensor.shelly_plug_sg3_wk_waschmaschine_wk_waschmaschine_leistung,572.5,2026-05-27T10:41:28.081Z
sensor.shelly_plug_sg3_wk_waschmaschine_wk_waschmaschine_leistung,38.9,2026-05-27T10:41:29.108Z
sensor.shelly_plug_sg3_wk_waschmaschine_wk_waschmaschine_leistung,24.2,2026-05-27T10:41:30.138Z
sensor.shelly_plug_sg3_wk_waschmaschine_wk_waschmaschine_leistung,7.1,2026-05-27T10:41:42.470Z
sensor.shelly_plug_sg3_wk_waschmaschine_wk_waschmaschine_leistung,3.6,2026-05-27T10:41:43.499Z
sensor.shelly_plug_sg3_wk_waschmaschine_wk_waschmaschine_leistung,52.0,2026-05-27T10:41:56.860Z
sensor.shelly_plug_sg3_wk_waschmaschine_wk_waschmaschine_leistung,7.9,2026-05-27T10:41:57.891Z
sensor.shelly_plug_sg3_wk_waschmaschine_wk_waschmaschine_leistung,3.6,2026-05-27T10:41:58.918Z
sensor.shelly_plug_sg3_wk_waschmaschine_wk_waschmaschine_leistung,54.1,2026-05-27T10:41:59.945Z
sensor.shelly_plug_sg3_wk_waschmaschine_wk_waschmaschine_leistung,64.1,2026-05-27T10:42:00.973Z
sensor.shelly_plug_sg3_wk_waschmaschine_wk_waschmaschine_leistung,81.3,2026-05-27T10:42:02.003Z
sensor.shelly_plug_sg3_wk_waschmaschine_wk_waschmaschine_leistung,76.7,2026-05-27T10:42:03.029Z
sensor.shelly_plug_sg3_wk_waschmaschine_wk_waschmaschine_leistung,63.3,2026-05-27T10:42:04.059Z
sensor.shelly_plug_sg3_wk_waschmaschine_wk_waschmaschine_leistung,57.0,2026-05-27T10:42:05.090Z
sensor.shelly_plug_sg3_wk_waschmaschine_wk_waschmaschine_leistung,49.1,2026-05-27T10:42:06.114Z
sensor.shelly_plug_sg3_wk_waschmaschine_wk_waschmaschine_leistung,38.8,2026-05-27T10:42:08.170Z
sensor.shelly_plug_sg3_wk_waschmaschine_wk_waschmaschine_leistung,36.9,2026-05-27T10:42:09.189Z
sensor.shelly_plug_sg3_wk_waschmaschine_wk_waschmaschine_leistung,70.1,2026-05-27T10:42:16.392Z
sensor.shelly_plug_sg3_wk_waschmaschine_wk_waschmaschine_leistung,312.5,2026-05-27T10:42:17.421Z
sensor.shelly_plug_sg3_wk_waschmaschine_wk_waschmaschine_leistung,619.2,2026-05-27T10:42:18.449Z
sensor.shelly_plug_sg3_wk_waschmaschine_wk_waschmaschine_leistung,438.2,2026-05-27T10:42:19.478Z
sensor.shelly_plug_sg3_wk_waschmaschine_wk_waschmaschine_leistung,55.8,2026-05-27T10:42:20.506Z
sensor.shelly_plug_sg3_wk_waschmaschine_wk_waschmaschine_leistung,17.4,2026-05-27T10:42:21.536Z
sensor.shelly_plug_sg3_wk_waschmaschine_wk_waschmaschine_leistung,18.4,2026-05-27T10:42:22.553Z
sensor.shelly_plug_sg3_wk_waschmaschine_wk_waschmaschine_leistung,20.1,2026-05-27T10:42:24.609Z
sensor.shelly_plug_sg3_wk_waschmaschine_wk_waschmaschine_leistung,21.7,2026-05-27T10:42:25.637Z
sensor.shelly_plug_sg3_wk_waschmaschine_wk_waschmaschine_leistung,19.3,2026-05-27T10:42:29.748Z
sensor.shelly_plug_sg3_wk_waschmaschine_wk_waschmaschine_leistung,18.3,2026-05-27T10:42:33.860Z
sensor.shelly_plug_sg3_wk_waschmaschine_wk_waschmaschine_leistung,16.6,2026-05-27T10:42:34.888Z
sensor.shelly_plug_sg3_wk_waschmaschine_wk_waschmaschine_leistung,4.2,2026-05-27T10:42:35.926Z
sensor.shelly_plug_sg3_wk_waschmaschine_wk_waschmaschine_leistung,3.6,2026-05-27T10:43:00.023Z
sensor.shelly_plug_sg3_wk_waschmaschine_wk_waschmaschine_leistung,34.0,2026-05-27T10:43:03.682Z
sensor.shelly_plug_sg3_wk_waschmaschine_wk_waschmaschine_leistung,49.9,2026-05-27T10:43:04.707Z
sensor.shelly_plug_sg3_wk_waschmaschine_wk_waschmaschine_leistung,28.1,2026-05-27T10:43:05.738Z
sensor.shelly_plug_sg3_wk_waschmaschine_wk_waschmaschine_leistung,4.3,2026-05-27T10:43:06.763Z
sensor.shelly_plug_sg3_wk_waschmaschine_wk_waschmaschine_leistung,33.1,2026-05-27T10:43:08.820Z
sensor.shelly_plug_sg3_wk_waschmaschine_wk_waschmaschine_leistung,52.8,2026-05-27T10:43:09.848Z
sensor.shelly_plug_sg3_wk_waschmaschine_wk_waschmaschine_leistung,79.7,2026-05-27T10:43:10.877Z
sensor.shelly_plug_sg3_wk_waschmaschine_wk_waschmaschine_leistung,57.8,2026-05-27T10:43:12.933Z
sensor.shelly_plug_sg3_wk_waschmaschine_wk_waschmaschine_leistung,50.4,2026-05-27T10:43:13.963Z
sensor.shelly_plug_sg3_wk_waschmaschine_wk_waschmaschine_leistung,46.0,2026-05-27T10:43:16.007Z
sensor.shelly_plug_sg3_wk_waschmaschine_wk_waschmaschine_leistung,37.8,2026-05-27T10:43:17.048Z
sensor.shelly_plug_sg3_wk_waschmaschine_wk_waschmaschine_leistung,35.8,2026-05-27T10:43:25.260Z
sensor.shelly_plug_sg3_wk_waschmaschine_wk_waschmaschine_leistung,163.5,2026-05-27T10:43:26.296Z
sensor.shelly_plug_sg3_wk_waschmaschine_wk_waschmaschine_leistung,498.4,2026-05-27T10:43:27.329Z
sensor.shelly_plug_sg3_wk_waschmaschine_wk_waschmaschine_leistung,534.2,2026-05-27T10:43:28.354Z
sensor.shelly_plug_sg3_wk_waschmaschine_wk_waschmaschine_leistung,339.4,2026-05-27T10:43:29.380Z
sensor.shelly_plug_sg3_wk_waschmaschine_wk_waschmaschine_leistung,37.6,2026-05-27T10:43:31.436Z
sensor.shelly_plug_sg3_wk_waschmaschine_wk_waschmaschine_leistung,17.4,2026-05-27T10:43:32.467Z
sensor.shelly_plug_sg3_wk_waschmaschine_wk_waschmaschine_leistung,18.5,2026-05-27T10:43:35.541Z
sensor.shelly_plug_sg3_wk_waschmaschine_wk_waschmaschine_leistung,17.4,2026-05-27T10:43:54.040Z
sensor.shelly_plug_sg3_wk_waschmaschine_wk_waschmaschine_leistung,4.9,2026-05-27T10:43:55.078Z
sensor.shelly_plug_sg3_wk_waschmaschine_wk_waschmaschine_leistung,3.6,2026-05-27T10:43:56.099Z
sensor.shelly_plug_sg3_wk_waschmaschine_wk_waschmaschine_leistung,16.2,2026-05-27T10:44:22.830Z
sensor.shelly_plug_sg3_wk_waschmaschine_wk_waschmaschine_leistung,57.1,2026-05-27T10:44:23.857Z
sensor.shelly_plug_sg3_wk_waschmaschine_wk_waschmaschine_leistung,45.1,2026-05-27T10:44:24.886Z
sensor.shelly_plug_sg3_wk_waschmaschine_wk_waschmaschine_leistung,9.8,2026-05-27T10:44:25.916Z
sensor.shelly_plug_sg3_wk_waschmaschine_wk_waschmaschine_leistung,77.0,2026-05-27T10:44:26.942Z
sensor.shelly_plug_sg3_wk_waschmaschine_wk_waschmaschine_leistung,37.2,2026-05-27T10:44:27.971Z
sensor.shelly_plug_sg3_wk_waschmaschine_wk_waschmaschine_leistung,71.2,2026-05-27T10:44:29.001Z
sensor.shelly_plug_sg3_wk_waschmaschine_wk_waschmaschine_leistung,60.9,2026-05-27T10:44:30.027Z
sensor.shelly_plug_sg3_wk_waschmaschine_wk_waschmaschine_leistung,56.7,2026-05-27T10:44:31.046Z
sensor.shelly_plug_sg3_wk_waschmaschine_wk_waschmaschine_leistung,49.8,2026-05-27T10:44:33.112Z
sensor.shelly_plug_sg3_wk_waschmaschine_wk_waschmaschine_leistung,43.9,2026-05-27T10:44:34.140Z
sensor.shelly_plug_sg3_wk_waschmaschine_wk_waschmaschine_leistung,39.8,2026-05-27T10:44:35.161Z
sensor.shelly_plug_sg3_wk_waschmaschine_wk_waschmaschine_leistung,36.5,2026-05-27T10:44:36.197Z
sensor.shelly_plug_sg3_wk_waschmaschine_wk_waschmaschine_leistung,130.1,2026-05-27T10:44:43.391Z
sensor.shelly_plug_sg3_wk_waschmaschine_wk_waschmaschine_leistung,331.9,2026-05-27T10:44:44.419Z
sensor.shelly_plug_sg3_wk_waschmaschine_wk_waschmaschine_leistung,461.8,2026-05-27T10:44:45.448Z
sensor.shelly_plug_sg3_wk_waschmaschine_wk_waschmaschine_leistung,535.9,2026-05-27T10:44:46.476Z
sensor.shelly_plug_sg3_wk_waschmaschine_wk_waschmaschine_leistung,321.6,2026-05-27T10:44:47.505Z
sensor.shelly_plug_sg3_wk_waschmaschine_wk_waschmaschine_leistung,197.4,2026-05-27T10:44:48.533Z
sensor.shelly_plug_sg3_wk_waschmaschine_wk_waschmaschine_leistung,106.1,2026-05-27T10:44:49.561Z
sensor.shelly_plug_sg3_wk_waschmaschine_wk_waschmaschine_leistung,90.5,2026-05-27T10:44:50.589Z
sensor.shelly_plug_sg3_wk_waschmaschine_wk_waschmaschine_leistung,116.7,2026-05-27T10:44:51.617Z
sensor.shelly_plug_sg3_wk_waschmaschine_wk_waschmaschine_leistung,129.2,2026-05-27T10:44:52.647Z
sensor.shelly_plug_sg3_wk_waschmaschine_wk_waschmaschine_leistung,182.2,2026-05-27T10:44:53.674Z
sensor.shelly_plug_sg3_wk_waschmaschine_wk_waschmaschine_leistung,450.3,2026-05-27T10:44:54.702Z
sensor.shelly_plug_sg3_wk_waschmaschine_wk_waschmaschine_leistung,550.3,2026-05-27T10:44:55.731Z
sensor.shelly_plug_sg3_wk_waschmaschine_wk_waschmaschine_leistung,504.0,2026-05-27T10:44:56.759Z
sensor.shelly_plug_sg3_wk_waschmaschine_wk_waschmaschine_leistung,344.8,2026-05-27T10:44:57.787Z
sensor.shelly_plug_sg3_wk_waschmaschine_wk_waschmaschine_leistung,214.1,2026-05-27T10:44:58.815Z
sensor.shelly_plug_sg3_wk_waschmaschine_wk_waschmaschine_leistung,184.7,2026-05-27T10:44:59.847Z
sensor.shelly_plug_sg3_wk_waschmaschine_wk_waschmaschine_leistung,169.6,2026-05-27T10:45:00.872Z
sensor.shelly_plug_sg3_wk_waschmaschine_wk_waschmaschine_leistung,243.9,2026-05-27T10:45:01.901Z
sensor.shelly_plug_sg3_wk_waschmaschine_wk_waschmaschine_leistung,349.1,2026-05-27T10:45:02.929Z
sensor.shelly_plug_sg3_wk_waschmaschine_wk_waschmaschine_leistung,316.2,2026-05-27T10:45:04.985Z
sensor.shelly_plug_sg3_wk_waschmaschine_wk_waschmaschine_leistung,483.9,2026-05-27T10:45:06.014Z
sensor.shelly_plug_sg3_wk_waschmaschine_wk_waschmaschine_leistung,457.0,2026-05-27T10:45:08.073Z
sensor.shelly_plug_sg3_wk_waschmaschine_wk_waschmaschine_leistung,433.0,2026-05-27T10:45:10.131Z
sensor.shelly_plug_sg3_wk_waschmaschine_wk_waschmaschine_leistung,410.8,2026-05-27T10:45:13.210Z
sensor.shelly_plug_sg3_wk_waschmaschine_wk_waschmaschine_leistung,387.0,2026-05-27T10:45:17.322Z
sensor.shelly_plug_sg3_wk_waschmaschine_wk_waschmaschine_leistung,357.1,2026-05-27T10:45:18.350Z
sensor.shelly_plug_sg3_wk_waschmaschine_wk_waschmaschine_leistung,319.3,2026-05-27T10:45:19.379Z
sensor.shelly_plug_sg3_wk_waschmaschine_wk_waschmaschine_leistung,257.1,2026-05-27T10:45:20.407Z
sensor.shelly_plug_sg3_wk_waschmaschine_wk_waschmaschine_leistung,235.9,2026-05-27T10:45:21.444Z
sensor.shelly_plug_sg3_wk_waschmaschine_wk_waschmaschine_leistung,222.0,2026-05-27T10:45:22.463Z
sensor.shelly_plug_sg3_wk_waschmaschine_wk_waschmaschine_leistung,233.6,2026-05-27T10:45:26.575Z
sensor.shelly_plug_sg3_wk_waschmaschine_wk_waschmaschine_leistung,251.2,2026-05-27T10:45:27.603Z
sensor.shelly_plug_sg3_wk_waschmaschine_wk_waschmaschine_leistung,265.9,2026-05-27T10:45:29.660Z
sensor.shelly_plug_sg3_wk_waschmaschine_wk_waschmaschine_leistung,259.9,2026-05-27T10:46:00.012Z
sensor.shelly_plug_sg3_wk_waschmaschine_wk_waschmaschine_leistung,250.5,2026-05-27T10:46:27.218Z
sensor.shelly_plug_sg3_wk_waschmaschine_wk_waschmaschine_leistung,242.1,2026-05-27T10:47:00.008Z
sensor.shelly_plug_sg3_wk_waschmaschine_wk_waschmaschine_leistung,181.5,2026-05-27T10:47:34.027Z
sensor.shelly_plug_sg3_wk_waschmaschine_wk_waschmaschine_leistung,53.4,2026-05-27T10:47:35.056Z
sensor.shelly_plug_sg3_wk_waschmaschine_wk_waschmaschine_leistung,122.9,2026-05-27T10:47:36.086Z
sensor.shelly_plug_sg3_wk_waschmaschine_wk_waschmaschine_leistung,222.7,2026-05-27T10:47:37.115Z
sensor.shelly_plug_sg3_wk_waschmaschine_wk_waschmaschine_leistung,364.2,2026-05-27T10:47:38.143Z
sensor.shelly_plug_sg3_wk_waschmaschine_wk_waschmaschine_leistung,344.0,2026-05-27T10:47:41.227Z
sensor.shelly_plug_sg3_wk_waschmaschine_wk_waschmaschine_leistung,503.3,2026-05-27T10:47:42.252Z
sensor.shelly_plug_sg3_wk_waschmaschine_wk_waschmaschine_leistung,566.4,2026-05-27T10:47:43.283Z
sensor.shelly_plug_sg3_wk_waschmaschine_wk_waschmaschine_leistung,483.1,2026-05-27T10:47:44.309Z
sensor.shelly_plug_sg3_wk_waschmaschine_wk_waschmaschine_leistung,325.7,2026-05-27T10:47:45.338Z
sensor.shelly_plug_sg3_wk_waschmaschine_wk_waschmaschine_leistung,273.9,2026-05-27T10:47:46.366Z
sensor.shelly_plug_sg3_wk_waschmaschine_wk_waschmaschine_leistung,239.8,2026-05-27T10:47:47.394Z
sensor.shelly_plug_sg3_wk_waschmaschine_wk_waschmaschine_leistung,210.5,2026-05-27T10:47:48.424Z
sensor.shelly_plug_sg3_wk_waschmaschine_wk_waschmaschine_leistung,221.7,2026-05-27T10:47:51.508Z
sensor.shelly_plug_sg3_wk_waschmaschine_wk_waschmaschine_leistung,252.6,2026-05-27T10:47:52.537Z
sensor.shelly_plug_sg3_wk_waschmaschine_wk_waschmaschine_leistung,269.2,2026-05-27T10:47:53.563Z
sensor.shelly_plug_sg3_wk_waschmaschine_wk_waschmaschine_leistung,283.0,2026-05-27T10:47:54.582Z
sensor.shelly_plug_sg3_wk_waschmaschine_wk_waschmaschine_leistung,268.3,2026-05-27T10:47:57.675Z
sensor.shelly_plug_sg3_wk_waschmaschine_wk_waschmaschine_leistung,265.4,2026-05-27T10:48:00.007Z
sensor.shelly_plug_sg3_wk_waschmaschine_wk_waschmaschine_leistung,284.0,2026-05-27T10:48:31.592Z
sensor.shelly_plug_sg3_wk_waschmaschine_wk_waschmaschine_leistung,269.7,2026-05-27T10:48:42.889Z
sensor.shelly_plug_sg3_wk_waschmaschine_wk_waschmaschine_leistung,284.7,2026-05-27T10:48:47.010Z
sensor.shelly_plug_sg3_wk_waschmaschine_wk_waschmaschine_leistung,269.9,2026-05-27T10:48:52.148Z
sensor.shelly_plug_sg3_wk_waschmaschine_wk_waschmaschine_leistung,286.1,2026-05-27T10:48:55.235Z
sensor.shelly_plug_sg3_wk_waschmaschine_wk_waschmaschine_leistung,271.1,2026-05-27T10:48:59.344Z
sensor.shelly_plug_sg3_wk_waschmaschine_wk_waschmaschine_leistung,287.3,2026-05-27T10:49:03.455Z
sensor.shelly_plug_sg3_wk_waschmaschine_wk_waschmaschine_leistung,44.5,2026-05-27T10:49:04.483Z
sensor.shelly_plug_sg3_wk_waschmaschine_wk_waschmaschine_leistung,18.1,2026-05-27T10:49:05.511Z
sensor.shelly_plug_sg3_wk_waschmaschine_wk_waschmaschine_leistung,9.8,2026-05-27T10:49:56.902Z
sensor.shelly_plug_sg3_wk_waschmaschine_wk_waschmaschine_leistung,4.2,2026-05-27T10:49:57.931Z
sensor.shelly_plug_sg3_wk_waschmaschine_wk_waschmaschine_leistung,7.0,2026-05-27T10:50:21.566Z
sensor.shelly_plug_sg3_wk_waschmaschine_wk_waschmaschine_leistung,34.0,2026-05-27T10:50:22.599Z
sensor.shelly_plug_sg3_wk_waschmaschine_wk_waschmaschine_leistung,21.8,2026-05-27T10:50:24.655Z
sensor.shelly_plug_sg3_wk_waschmaschine_wk_waschmaschine_leistung,4.1,2026-05-27T10:50:25.683Z
sensor.shelly_plug_sg3_wk_waschmaschine_wk_waschmaschine_leistung,17.8,2026-05-27T10:50:30.824Z
sensor.shelly_plug_sg3_wk_waschmaschine_wk_waschmaschine_leistung,31.0,2026-05-27T10:50:31.851Z
sensor.shelly_plug_sg3_wk_waschmaschine_wk_waschmaschine_leistung,14.0,2026-05-27T10:50:33.910Z
sensor.shelly_plug_sg3_wk_waschmaschine_wk_waschmaschine_leistung,3.6,2026-05-27T10:50:34.938Z
sensor.shelly_plug_sg3_wk_waschmaschine_wk_waschmaschine_leistung,25.4,2026-05-27T10:50:39.048Z
sensor.shelly_plug_sg3_wk_waschmaschine_wk_waschmaschine_leistung,29.5,2026-05-27T10:50:40.076Z
sensor.shelly_plug_sg3_wk_waschmaschine_wk_waschmaschine_leistung,27.0,2026-05-27T10:50:42.125Z
sensor.shelly_plug_sg3_wk_waschmaschine_wk_waschmaschine_leistung,3.6,2026-05-27T10:50:43.160Z
sensor.shelly_plug_sg3_wk_waschmaschine_wk_waschmaschine_leistung,33.9,2026-05-27T10:50:46.245Z
sensor.shelly_plug_sg3_wk_waschmaschine_wk_waschmaschine_leistung,30.2,2026-05-27T10:50:48.291Z
sensor.shelly_plug_sg3_wk_waschmaschine_wk_waschmaschine_leistung,8.1,2026-05-27T10:50:49.329Z
sensor.shelly_plug_sg3_wk_waschmaschine_wk_waschmaschine_leistung,3.5,2026-05-27T10:50:50.359Z
sensor.shelly_plug_sg3_wk_waschmaschine_wk_waschmaschine_leistung,28.0,2026-05-27T10:50:54.469Z
sensor.shelly_plug_sg3_wk_waschmaschine_wk_waschmaschine_leistung,29.7,2026-05-27T10:50:55.487Z
sensor.shelly_plug_sg3_wk_waschmaschine_wk_waschmaschine_leistung,4.7,2026-05-27T10:50:57.552Z
sensor.shelly_plug_sg3_wk_waschmaschine_wk_waschmaschine_leistung,3.5,2026-05-27T10:50:58.572Z
sensor.shelly_plug_sg3_wk_waschmaschine_wk_waschmaschine_leistung,3.6,2026-05-27T10:51:00.000Z
sensor.shelly_plug_sg3_wk_waschmaschine_wk_waschmaschine_leistung,7.0,2026-05-27T10:51:02.684Z
sensor.shelly_plug_sg3_wk_waschmaschine_wk_waschmaschine_leistung,37.1,2026-05-27T10:51:03.721Z
sensor.shelly_plug_sg3_wk_waschmaschine_wk_waschmaschine_leistung,30.7,2026-05-27T10:51:04.749Z
sensor.shelly_plug_sg3_wk_waschmaschine_wk_waschmaschine_leistung,21.0,2026-05-27T10:51:05.777Z
sensor.shelly_plug_sg3_wk_waschmaschine_wk_waschmaschine_leistung,3.8,2026-05-27T10:51:06.804Z
sensor.shelly_plug_sg3_wk_waschmaschine_wk_waschmaschine_leistung,31.8,2026-05-27T10:51:11.944Z
sensor.shelly_plug_sg3_wk_waschmaschine_wk_waschmaschine_leistung,28.9,2026-05-27T10:51:13.991Z
sensor.shelly_plug_sg3_wk_waschmaschine_wk_waschmaschine_leistung,3.8,2026-05-27T10:51:15.030Z
sensor.shelly_plug_sg3_wk_waschmaschine_wk_waschmaschine_leistung,28.7,2026-05-27T10:51:20.168Z
sensor.shelly_plug_sg3_wk_waschmaschine_wk_waschmaschine_leistung,35.7,2026-05-27T10:51:21.197Z
sensor.shelly_plug_sg3_wk_waschmaschine_wk_waschmaschine_leistung,26.5,2026-05-27T10:51:22.226Z
sensor.shelly_plug_sg3_wk_waschmaschine_wk_waschmaschine_leistung,6.2,2026-05-27T10:51:23.253Z
sensor.shelly_plug_sg3_wk_waschmaschine_wk_waschmaschine_leistung,3.6,2026-05-27T10:51:24.281Z
sensor.shelly_plug_sg3_wk_waschmaschine_wk_waschmaschine_leistung,30.3,2026-05-27T10:51:29.420Z
sensor.shelly_plug_sg3_wk_waschmaschine_wk_waschmaschine_leistung,27.1,2026-05-27T10:51:30.439Z
sensor.shelly_plug_sg3_wk_waschmaschine_wk_waschmaschine_leistung,22.1,2026-05-27T10:51:31.479Z
sensor.shelly_plug_sg3_wk_waschmaschine_wk_waschmaschine_leistung,4.3,2026-05-27T10:51:32.505Z
sensor.shelly_plug_sg3_wk_waschmaschine_wk_waschmaschine_leistung,38.4,2026-05-27T10:51:37.645Z
sensor.shelly_plug_sg3_wk_waschmaschine_wk_waschmaschine_leistung,32.4,2026-05-27T10:51:38.673Z
sensor.shelly_plug_sg3_wk_waschmaschine_wk_waschmaschine_leistung,30.7,2026-05-27T10:51:39.697Z
sensor.shelly_plug_sg3_wk_waschmaschine_wk_waschmaschine_leistung,3.6,2026-05-27T10:51:40.732Z
sensor.shelly_plug_sg3_wk_waschmaschine_wk_waschmaschine_leistung,21.5,2026-05-27T10:51:45.870Z
sensor.shelly_plug_sg3_wk_waschmaschine_wk_waschmaschine_leistung,28.8,2026-05-27T10:51:46.898Z
sensor.shelly_plug_sg3_wk_waschmaschine_wk_waschmaschine_leistung,25.3,2026-05-27T10:51:47.919Z
sensor.shelly_plug_sg3_wk_waschmaschine_wk_waschmaschine_leistung,8.8,2026-05-27T10:51:48.954Z
sensor.shelly_plug_sg3_wk_waschmaschine_wk_waschmaschine_leistung,3.6,2026-05-27T10:51:49.983Z
sensor.shelly_plug_sg3_wk_waschmaschine_wk_waschmaschine_leistung,33.0,2026-05-27T10:51:55.123Z
sensor.shelly_plug_sg3_wk_waschmaschine_wk_waschmaschine_leistung,28.0,2026-05-27T10:51:57.169Z
sensor.shelly_plug_sg3_wk_waschmaschine_wk_waschmaschine_leistung,4.6,2026-05-27T10:51:58.206Z
sensor.shelly_plug_sg3_wk_waschmaschine_wk_waschmaschine_leistung,3.6,2026-05-27T10:51:59.225Z
sensor.shelly_plug_sg3_wk_waschmaschine_wk_waschmaschine_leistung,5.7,2026-05-27T10:52:02.310Z
sensor.shelly_plug_sg3_wk_waschmaschine_wk_waschmaschine_leistung,32.7,2026-05-27T10:52:03.347Z
sensor.shelly_plug_sg3_wk_waschmaschine_wk_waschmaschine_leistung,30.6,2026-05-27T10:52:04.367Z
sensor.shelly_plug_sg3_wk_waschmaschine_wk_waschmaschine_leistung,27.6,2026-05-27T10:52:05.404Z
sensor.shelly_plug_sg3_wk_waschmaschine_wk_waschmaschine_leistung,4.1,2026-05-27T10:52:06.434Z
sensor.shelly_plug_sg3_wk_waschmaschine_wk_waschmaschine_leistung,14.9,2026-05-27T10:52:11.575Z
sensor.shelly_plug_sg3_wk_waschmaschine_wk_waschmaschine_leistung,32.4,2026-05-27T10:52:12.599Z
sensor.shelly_plug_sg3_wk_waschmaschine_wk_waschmaschine_leistung,30.4,2026-05-27T10:52:13.618Z
sensor.shelly_plug_sg3_wk_waschmaschine_wk_waschmaschine_leistung,12.4,2026-05-27T10:52:14.655Z
sensor.shelly_plug_sg3_wk_waschmaschine_wk_waschmaschine_leistung,3.6,2026-05-27T10:52:15.684Z
sensor.shelly_plug_sg3_wk_waschmaschine_wk_waschmaschine_leistung,28.6,2026-05-27T10:52:20.834Z
sensor.shelly_plug_sg3_wk_waschmaschine_wk_waschmaschine_leistung,3.6,2026-05-27T10:52:23.906Z
sensor.shelly_plug_sg3_wk_waschmaschine_wk_waschmaschine_leistung,32.9,2026-05-27T10:52:29.046Z
sensor.shelly_plug_sg3_wk_waschmaschine_wk_waschmaschine_leistung,35.7,2026-05-27T10:52:30.065Z
sensor.shelly_plug_sg3_wk_waschmaschine_wk_waschmaschine_leistung,24.0,2026-05-27T10:52:31.104Z
sensor.shelly_plug_sg3_wk_waschmaschine_wk_waschmaschine_leistung,4.1,2026-05-27T10:52:32.131Z
sensor.shelly_plug_sg3_wk_waschmaschine_wk_waschmaschine_leistung,8.4,2026-05-27T10:52:37.261Z
sensor.shelly_plug_sg3_wk_waschmaschine_wk_waschmaschine_leistung,32.6,2026-05-27T10:52:38.299Z
sensor.shelly_plug_sg3_wk_waschmaschine_wk_waschmaschine_leistung,27.0,2026-05-27T10:52:39.327Z
sensor.shelly_plug_sg3_wk_waschmaschine_wk_waschmaschine_leistung,16.5,2026-05-27T10:52:40.355Z
sensor.shelly_plug_sg3_wk_waschmaschine_wk_waschmaschine_leistung,3.9,2026-05-27T10:52:41.385Z
sensor.shelly_plug_sg3_wk_waschmaschine_wk_waschmaschine_leistung,35.1,2026-05-27T10:52:46.524Z
sensor.shelly_plug_sg3_wk_waschmaschine_wk_waschmaschine_leistung,29.4,2026-05-27T10:52:48.578Z
sensor.shelly_plug_sg3_wk_waschmaschine_wk_waschmaschine_leistung,3.6,2026-05-27T10:52:49.606Z
sensor.shelly_plug_sg3_wk_waschmaschine_wk_waschmaschine_leistung,25.6,2026-05-27T10:52:54.750Z
sensor.shelly_plug_sg3_wk_waschmaschine_wk_waschmaschine_leistung,30.2,2026-05-27T10:52:55.776Z
sensor.shelly_plug_sg3_wk_waschmaschine_wk_waschmaschine_leistung,24.5,2026-05-27T10:52:56.805Z
sensor.shelly_plug_sg3_wk_waschmaschine_wk_waschmaschine_leistung,5.5,2026-05-27T10:52:57.831Z
sensor.shelly_plug_sg3_wk_waschmaschine_wk_waschmaschine_leistung,3.5,2026-05-27T10:52:58.849Z
sensor.shelly_plug_sg3_wk_waschmaschine_wk_waschmaschine_leistung,3.6,2026-05-27T10:52:59.998Z
sensor.shelly_plug_sg3_wk_waschmaschine_wk_waschmaschine_leistung,4.7,2026-05-27T10:53:02.961Z
sensor.shelly_plug_sg3_wk_waschmaschine_wk_waschmaschine_leistung,38.6,2026-05-27T10:53:04.002Z
sensor.shelly_plug_sg3_wk_waschmaschine_wk_waschmaschine_leistung,30.3,2026-05-27T10:53:05.027Z
sensor.shelly_plug_sg3_wk_waschmaschine_wk_waschmaschine_leistung,25.4,2026-05-27T10:53:06.046Z
sensor.shelly_plug_sg3_wk_waschmaschine_wk_waschmaschine_leistung,3.9,2026-05-27T10:53:07.084Z
sensor.shelly_plug_sg3_wk_waschmaschine_wk_waschmaschine_leistung,11.9,2026-05-27T10:53:11.196Z
sensor.shelly_plug_sg3_wk_waschmaschine_wk_waschmaschine_leistung,30.9,2026-05-27T10:53:12.225Z
sensor.shelly_plug_sg3_wk_waschmaschine_wk_waschmaschine_leistung,27.9,2026-05-27T10:53:14.271Z
sensor.shelly_plug_sg3_wk_waschmaschine_wk_waschmaschine_leistung,3.8,2026-05-27T10:53:15.310Z
sensor.shelly_plug_sg3_wk_waschmaschine_wk_waschmaschine_leistung,24.5,2026-05-27T10:53:20.447Z
sensor.shelly_plug_sg3_wk_waschmaschine_wk_waschmaschine_leistung,33.6,2026-05-27T10:53:21.476Z
sensor.shelly_plug_sg3_wk_waschmaschine_wk_waschmaschine_leistung,8.3,2026-05-27T10:53:23.531Z
sensor.shelly_plug_sg3_wk_waschmaschine_wk_waschmaschine_leistung,3.5,2026-05-27T10:53:24.563Z
sensor.shelly_plug_sg3_wk_waschmaschine_wk_waschmaschine_leistung,29.6,2026-05-27T10:53:29.701Z
sensor.shelly_plug_sg3_wk_waschmaschine_wk_waschmaschine_leistung,24.2,2026-05-27T10:53:31.756Z
sensor.shelly_plug_sg3_wk_waschmaschine_wk_waschmaschine_leistung,3.5,2026-05-27T10:53:32.784Z
sensor.shelly_plug_sg3_wk_waschmaschine_wk_waschmaschine_leistung,6.6,2026-05-27T10:53:36.889Z
sensor.shelly_plug_sg3_wk_waschmaschine_wk_waschmaschine_leistung,36.4,2026-05-27T10:53:37.925Z
sensor.shelly_plug_sg3_wk_waschmaschine_wk_waschmaschine_leistung,23.9,2026-05-27T10:53:39.983Z
sensor.shelly_plug_sg3_wk_waschmaschine_wk_waschmaschine_leistung,3.8,2026-05-27T10:53:41.009Z
sensor.shelly_plug_sg3_wk_waschmaschine_wk_waschmaschine_leistung,16.4,2026-05-27T10:53:46.149Z
sensor.shelly_plug_sg3_wk_waschmaschine_wk_waschmaschine_leistung,28.2,2026-05-27T10:53:47.178Z
sensor.shelly_plug_sg3_wk_waschmaschine_wk_waschmaschine_leistung,12.8,2026-05-27T10:53:49.234Z
sensor.shelly_plug_sg3_wk_waschmaschine_wk_waschmaschine_leistung,3.8,2026-05-27T10:53:50.262Z
sensor.shelly_plug_sg3_wk_waschmaschine_wk_waschmaschine_leistung,26.9,2026-05-27T10:53:54.365Z
sensor.shelly_plug_sg3_wk_waschmaschine_wk_waschmaschine_leistung,32.8,2026-05-27T10:53:55.402Z
sensor.shelly_plug_sg3_wk_waschmaschine_wk_waschmaschine_leistung,29.5,2026-05-27T10:53:57.451Z
sensor.shelly_plug_sg3_wk_waschmaschine_wk_waschmaschine_leistung,3.6,2026-05-27T10:53:58.486Z
sensor.shelly_plug_sg3_wk_waschmaschine_wk_waschmaschine_leistung,27.9,2026-05-27T10:54:03.625Z
sensor.shelly_plug_sg3_wk_waschmaschine_wk_waschmaschine_leistung,30.0,2026-05-27T10:54:04.646Z
sensor.shelly_plug_sg3_wk_waschmaschine_wk_waschmaschine_leistung,18.9,2026-05-27T10:54:05.684Z
sensor.shelly_plug_sg3_wk_waschmaschine_wk_waschmaschine_leistung,4.2,2026-05-27T10:54:06.712Z
sensor.shelly_plug_sg3_wk_waschmaschine_wk_waschmaschine_leistung,9.8,2026-05-27T10:54:11.850Z
sensor.shelly_plug_sg3_wk_waschmaschine_wk_waschmaschine_leistung,38.0,2026-05-27T10:54:12.880Z
sensor.shelly_plug_sg3_wk_waschmaschine_wk_waschmaschine_leistung,31.6,2026-05-27T10:54:13.907Z
sensor.shelly_plug_sg3_wk_waschmaschine_wk_waschmaschine_leistung,16.4,2026-05-27T10:54:14.935Z
sensor.shelly_plug_sg3_wk_waschmaschine_wk_waschmaschine_leistung,3.6,2026-05-27T10:54:15.963Z
sensor.shelly_plug_sg3_wk_waschmaschine_wk_waschmaschine_leistung,19.2,2026-05-27T10:54:20.076Z
sensor.shelly_plug_sg3_wk_waschmaschine_wk_waschmaschine_leistung,27.2,2026-05-27T10:54:21.103Z
sensor.shelly_plug_sg3_wk_waschmaschine_wk_waschmaschine_leistung,29.7,2026-05-27T10:54:22.122Z
sensor.shelly_plug_sg3_wk_waschmaschine_wk_waschmaschine_leistung,27.1,2026-05-27T10:54:23.151Z
sensor.shelly_plug_sg3_wk_waschmaschine_wk_waschmaschine_leistung,3.6,2026-05-27T10:54:24.188Z
sensor.shelly_plug_sg3_wk_waschmaschine_wk_waschmaschine_leistung,27.5,2026-05-27T10:54:29.331Z
sensor.shelly_plug_sg3_wk_waschmaschine_wk_waschmaschine_leistung,35.4,2026-05-27T10:54:30.363Z
sensor.shelly_plug_sg3_wk_waschmaschine_wk_waschmaschine_leistung,29.4,2026-05-27T10:54:31.387Z
sensor.shelly_plug_sg3_wk_waschmaschine_wk_waschmaschine_leistung,4.7,2026-05-27T10:54:32.411Z
sensor.shelly_plug_sg3_wk_waschmaschine_wk_waschmaschine_leistung,3.5,2026-05-27T10:54:33.432Z
sensor.shelly_plug_sg3_wk_waschmaschine_wk_waschmaschine_leistung,5.4,2026-05-27T10:54:37.542Z
sensor.shelly_plug_sg3_wk_waschmaschine_wk_waschmaschine_leistung,29.7,2026-05-27T10:54:38.580Z
sensor.shelly_plug_sg3_wk_waschmaschine_wk_waschmaschine_leistung,27.2,2026-05-27T10:54:39.599Z
sensor.shelly_plug_sg3_wk_waschmaschine_wk_waschmaschine_leistung,17.6,2026-05-27T10:54:40.636Z
sensor.shelly_plug_sg3_wk_waschmaschine_wk_waschmaschine_leistung,3.5,2026-05-27T10:54:41.664Z
sensor.shelly_plug_sg3_wk_waschmaschine_wk_waschmaschine_leistung,14.3,2026-05-27T10:54:45.776Z
sensor.shelly_plug_sg3_wk_waschmaschine_wk_waschmaschine_leistung,35.9,2026-05-27T10:54:46.808Z
sensor.shelly_plug_sg3_wk_waschmaschine_wk_waschmaschine_leistung,30.8,2026-05-27T10:54:47.823Z
sensor.shelly_plug_sg3_wk_waschmaschine_wk_waschmaschine_leistung,15.3,2026-05-27T10:54:48.860Z
sensor.shelly_plug_sg3_wk_waschmaschine_wk_waschmaschine_leistung,3.6,2026-05-27T10:54:49.889Z
sensor.shelly_plug_sg3_wk_waschmaschine_wk_waschmaschine_leistung,22.0,2026-05-27T10:54:55.028Z
sensor.shelly_plug_sg3_wk_waschmaschine_wk_waschmaschine_leistung,29.0,2026-05-27T10:54:56.056Z
sensor.shelly_plug_sg3_wk_waschmaschine_wk_waschmaschine_leistung,7.4,2026-05-27T10:54:58.112Z
sensor.shelly_plug_sg3_wk_waschmaschine_wk_waschmaschine_leistung,3.7,2026-05-27T10:54:59.140Z
sensor.shelly_plug_sg3_wk_waschmaschine_wk_waschmaschine_leistung,29.9,2026-05-27T10:55:03.256Z
sensor.shelly_plug_sg3_wk_waschmaschine_wk_waschmaschine_leistung,33.7,2026-05-27T10:55:04.271Z
sensor.shelly_plug_sg3_wk_waschmaschine_wk_waschmaschine_leistung,26.2,2026-05-27T10:55:06.328Z
sensor.shelly_plug_sg3_wk_waschmaschine_wk_waschmaschine_leistung,3.6,2026-05-27T10:55:07.365Z
sensor.shelly_plug_sg3_wk_waschmaschine_wk_waschmaschine_leistung,7.8,2026-05-27T10:55:11.478Z
sensor.shelly_plug_sg3_wk_waschmaschine_wk_waschmaschine_leistung,30.3,2026-05-27T10:55:12.505Z
sensor.shelly_plug_sg3_wk_waschmaschine_wk_waschmaschine_leistung,18.4,2026-05-27T10:55:14.560Z
sensor.shelly_plug_sg3_wk_waschmaschine_wk_waschmaschine_leistung,4.0,2026-05-27T10:55:15.588Z
sensor.shelly_plug_sg3_wk_waschmaschine_wk_waschmaschine_leistung,19.3,2026-05-27T10:55:20.728Z
sensor.shelly_plug_sg3_wk_waschmaschine_wk_waschmaschine_leistung,31.8,2026-05-27T10:55:21.758Z
sensor.shelly_plug_sg3_wk_waschmaschine_wk_waschmaschine_leistung,10.7,2026-05-27T10:55:23.812Z
sensor.shelly_plug_sg3_wk_waschmaschine_wk_waschmaschine_leistung,3.6,2026-05-27T10:55:24.840Z
sensor.shelly_plug_sg3_wk_waschmaschine_wk_waschmaschine_leistung,25.9,2026-05-27T10:55:28.955Z
sensor.shelly_plug_sg3_wk_waschmaschine_wk_waschmaschine_leistung,27.7,2026-05-27T10:55:29.971Z
sensor.shelly_plug_sg3_wk_waschmaschine_wk_waschmaschine_leistung,25.5,2026-05-27T10:55:32.027Z
sensor.shelly_plug_sg3_wk_waschmaschine_wk_waschmaschine_leistung,3.6,2026-05-27T10:55:33.064Z
sensor.shelly_plug_sg3_wk_waschmaschine_wk_waschmaschine_leistung,33.2,2026-05-27T10:55:38.207Z
sensor.shelly_plug_sg3_wk_waschmaschine_wk_waschmaschine_leistung,22.4,2026-05-27T10:55:40.261Z
sensor.shelly_plug_sg3_wk_waschmaschine_wk_waschmaschine_leistung,3.8,2026-05-27T10:55:41.352Z
sensor.shelly_plug_sg3_wk_waschmaschine_wk_waschmaschine_leistung,8.4,2026-05-27T10:55:46.428Z
sensor.shelly_plug_sg3_wk_waschmaschine_wk_waschmaschine_leistung,29.1,2026-05-27T10:55:47.456Z
sensor.shelly_plug_sg3_wk_waschmaschine_wk_waschmaschine_leistung,14.6,2026-05-27T10:55:49.513Z
sensor.shelly_plug_sg3_wk_waschmaschine_wk_waschmaschine_leistung,3.6,2026-05-27T10:55:50.541Z
sensor.shelly_plug_sg3_wk_waschmaschine_wk_waschmaschine_leistung,3.5,2026-05-27T10:55:59.988Z
sensor.shelly_plug_sg3_wk_waschmaschine_wk_waschmaschine_leistung,10.4,2026-05-27T10:56:23.431Z
sensor.shelly_plug_sg3_wk_waschmaschine_wk_waschmaschine_leistung,27.4,2026-05-27T10:56:24.459Z
sensor.shelly_plug_sg3_wk_waschmaschine_wk_waschmaschine_leistung,31.4,2026-05-27T10:56:25.481Z
sensor.shelly_plug_sg3_wk_waschmaschine_wk_waschmaschine_leistung,33.2,2026-05-27T10:56:26.518Z
sensor.shelly_plug_sg3_wk_waschmaschine_wk_waschmaschine_leistung,3.6,2026-05-27T10:56:27.546Z
sensor.shelly_plug_sg3_wk_waschmaschine_wk_waschmaschine_leistung,13.5,2026-05-27T10:57:01.462Z
sensor.shelly_plug_sg3_wk_waschmaschine_wk_waschmaschine_leistung,24.5,2026-05-27T10:57:02.491Z
sensor.shelly_plug_sg3_wk_waschmaschine_wk_waschmaschine_leistung,27.6,2026-05-27T10:57:03.510Z
sensor.shelly_plug_sg3_wk_waschmaschine_wk_waschmaschine_leistung,9.5,2026-05-27T10:57:04.547Z
sensor.shelly_plug_sg3_wk_waschmaschine_wk_waschmaschine_leistung,3.7,2026-05-27T10:57:05.574Z
sensor.shelly_plug_sg3_wk_waschmaschine_wk_waschmaschine_leistung,27.3,2026-05-27T10:57:39.493Z
sensor.shelly_plug_sg3_wk_waschmaschine_wk_waschmaschine_leistung,30.2,2026-05-27T10:57:40.512Z
sensor.shelly_plug_sg3_wk_waschmaschine_wk_waschmaschine_leistung,32.8,2026-05-27T10:57:41.551Z
sensor.shelly_plug_sg3_wk_waschmaschine_wk_waschmaschine_leistung,5.7,2026-05-27T10:57:42.577Z
sensor.shelly_plug_sg3_wk_waschmaschine_wk_waschmaschine_leistung,3.5,2026-05-27T10:57:43.596Z
sensor.shelly_plug_sg3_wk_waschmaschine_wk_waschmaschine_leistung,3.6,2026-05-27T10:57:59.982Z
sensor.shelly_plug_sg3_wk_waschmaschine_wk_waschmaschine_leistung,18.5,2026-05-27T10:58:16.496Z
sensor.shelly_plug_sg3_wk_waschmaschine_wk_waschmaschine_leistung,25.1,2026-05-27T10:58:17.524Z
sensor.shelly_plug_sg3_wk_waschmaschine_wk_waschmaschine_leistung,26.8,2026-05-27T10:58:18.543Z
sensor.shelly_plug_sg3_wk_waschmaschine_wk_waschmaschine_leistung,5.1,2026-05-27T10:58:19.581Z
sensor.shelly_plug_sg3_wk_waschmaschine_wk_waschmaschine_leistung,3.6,2026-05-27T10:58:20.599Z
sensor.shelly_plug_sg3_wk_waschmaschine_wk_waschmaschine_leistung,23.5,2026-05-27T10:58:54.528Z
sensor.shelly_plug_sg3_wk_waschmaschine_wk_waschmaschine_leistung,33.0,2026-05-27T10:58:55.556Z
sensor.shelly_plug_sg3_wk_waschmaschine_wk_waschmaschine_leistung,26.8,2026-05-27T10:58:56.586Z
sensor.shelly_plug_sg3_wk_waschmaschine_wk_waschmaschine_leistung,4.1,2026-05-27T10:58:57.612Z
sensor.shelly_plug_sg3_wk_waschmaschine_wk_waschmaschine_leistung,3.6,2026-05-27T10:58:59.981Z
sensor.shelly_plug_sg3_wk_waschmaschine_wk_waschmaschine_leistung,23.4,2026-05-27T10:59:31.533Z
sensor.shelly_plug_sg3_wk_waschmaschine_wk_waschmaschine_leistung,26.3,2026-05-27T10:59:32.552Z
sensor.shelly_plug_sg3_wk_waschmaschine_wk_waschmaschine_leistung,24.1,2026-05-27T10:59:34.612Z
sensor.shelly_plug_sg3_wk_waschmaschine_wk_waschmaschine_leistung,3.6,2026-05-27T10:59:35.645Z
sensor.shelly_plug_sg3_wk_waschmaschine_wk_waschmaschine_leistung,5.3,2026-05-27T11:00:08.527Z
sensor.shelly_plug_sg3_wk_waschmaschine_wk_waschmaschine_leistung,24.3,2026-05-27T11:00:09.564Z
sensor.shelly_plug_sg3_wk_waschmaschine_wk_waschmaschine_leistung,34.4,2026-05-27T11:00:10.592Z
sensor.shelly_plug_sg3_wk_waschmaschine_wk_waschmaschine_leistung,23.2,2026-05-27T11:00:11.621Z
sensor.shelly_plug_sg3_wk_waschmaschine_wk_waschmaschine_leistung,3.8,2026-05-27T11:00:12.649Z
sensor.shelly_plug_sg3_wk_waschmaschine_wk_waschmaschine_leistung,2.6,2026-05-27T11:00:43.475Z
sensor.shelly_plug_sg3_wk_waschmaschine_wk_waschmaschine_leistung,6.1,2026-05-27T11:00:46.559Z
sensor.shelly_plug_sg3_wk_waschmaschine_wk_waschmaschine_leistung,22.2,2026-05-27T11:00:47.598Z
sensor.shelly_plug_sg3_wk_waschmaschine_wk_waschmaschine_leistung,30.2,2026-05-27T11:00:48.626Z
sensor.shelly_plug_sg3_wk_waschmaschine_wk_waschmaschine_leistung,15.9,2026-05-27T11:00:49.657Z
sensor.shelly_plug_sg3_wk_waschmaschine_wk_waschmaschine_leistung,2.8,2026-05-27T11:00:50.682Z
sensor.shelly_plug_sg3_wk_waschmaschine_wk_waschmaschine_leistung,2.5,2026-05-27T11:00:59.975Z
sensor.shelly_plug_sg3_wk_waschmaschine_wk_waschmaschine_leistung,27.1,2026-05-27T11:01:24.600Z
sensor.shelly_plug_sg3_wk_waschmaschine_wk_waschmaschine_leistung,32.2,2026-05-27T11:01:25.627Z
sensor.shelly_plug_sg3_wk_waschmaschine_wk_waschmaschine_leistung,2.5,2026-05-27T11:01:27.683Z
sensor.shelly_plug_sg3_wk_waschmaschine_wk_waschmaschine_leistung,10.9,2026-05-27T11:02:01.603Z
sensor.shelly_plug_sg3_wk_waschmaschine_wk_waschmaschine_leistung,25.1,2026-05-27T11:02:02.631Z
sensor.shelly_plug_sg3_wk_waschmaschine_wk_waschmaschine_leistung,29.6,2026-05-27T11:02:03.659Z
sensor.shelly_plug_sg3_wk_waschmaschine_wk_waschmaschine_leistung,9.7,2026-05-27T11:02:04.687Z
sensor.shelly_plug_sg3_wk_waschmaschine_wk_waschmaschine_leistung,2.5,2026-05-27T11:02:05.715Z
sensor.shelly_plug_sg3_wk_waschmaschine_wk_waschmaschine_leistung,13.5,2026-05-27T11:02:39.640Z
sensor.shelly_plug_sg3_wk_waschmaschine_wk_waschmaschine_leistung,30.4,2026-05-27T11:02:40.664Z
sensor.shelly_plug_sg3_wk_waschmaschine_wk_waschmaschine_leistung,33.2,2026-05-27T11:02:41.685Z
sensor.shelly_plug_sg3_wk_waschmaschine_wk_waschmaschine_leistung,7.4,2026-05-27T11:02:42.720Z
sensor.shelly_plug_sg3_wk_waschmaschine_wk_waschmaschine_leistung,2.5,2026-05-27T11:02:43.750Z
sensor.shelly_plug_sg3_wk_waschmaschine_wk_waschmaschine_leistung,2.4,2026-05-27T11:03:00.045Z
sensor.shelly_plug_sg3_wk_waschmaschine_wk_waschmaschine_leistung,16.0,2026-05-27T11:03:16.641Z
sensor.shelly_plug_sg3_wk_waschmaschine_wk_waschmaschine_leistung,24.1,2026-05-27T11:03:17.671Z
sensor.shelly_plug_sg3_wk_waschmaschine_wk_waschmaschine_leistung,27.7,2026-05-27T11:03:18.698Z
sensor.shelly_plug_sg3_wk_waschmaschine_wk_waschmaschine_leistung,24.5,2026-05-27T11:03:19.717Z
sensor.shelly_plug_sg3_wk_waschmaschine_wk_waschmaschine_leistung,2.5,2026-05-27T11:03:20.754Z
sensor.shelly_plug_sg3_wk_waschmaschine_wk_waschmaschine_leistung,19.3,2026-05-27T11:03:54.674Z
sensor.shelly_plug_sg3_wk_waschmaschine_wk_waschmaschine_leistung,28.6,2026-05-27T11:03:55.703Z
sensor.shelly_plug_sg3_wk_waschmaschine_wk_waschmaschine_leistung,3.8,2026-05-27T11:03:57.758Z
sensor.shelly_plug_sg3_wk_waschmaschine_wk_waschmaschine_leistung,2.5,2026-05-27T11:03:58.778Z
sensor.shelly_plug_sg3_wk_waschmaschine_wk_waschmaschine_leistung,26.2,2026-05-27T11:04:32.706Z
sensor.shelly_plug_sg3_wk_waschmaschine_wk_waschmaschine_leistung,20.5,2026-05-27T11:04:34.765Z
sensor.shelly_plug_sg3_wk_waschmaschine_wk_waschmaschine_leistung,3.3,2026-05-27T11:04:35.795Z
sensor.shelly_plug_sg3_wk_waschmaschine_wk_waschmaschine_leistung,2.4,2026-05-27T11:05:00.042Z
sensor.shelly_plug_sg3_wk_waschmaschine_wk_waschmaschine_leistung,25.2,2026-05-27T11:05:09.710Z
sensor.shelly_plug_sg3_wk_waschmaschine_wk_waschmaschine_leistung,30.6,2026-05-27T11:05:10.738Z
sensor.shelly_plug_sg3_wk_waschmaschine_wk_waschmaschine_leistung,32.5,2026-05-27T11:05:11.757Z
sensor.shelly_plug_sg3_wk_waschmaschine_wk_waschmaschine_leistung,2.8,2026-05-27T11:05:12.795Z
sensor.shelly_plug_sg3_wk_waschmaschine_wk_waschmaschine_leistung,5.0,2026-05-27T11:05:46.704Z
sensor.shelly_plug_sg3_wk_waschmaschine_wk_waschmaschine_leistung,20.4,2026-05-27T11:05:47.742Z
sensor.shelly_plug_sg3_wk_waschmaschine_wk_waschmaschine_leistung,26.8,2026-05-27T11:05:48.772Z
sensor.shelly_plug_sg3_wk_waschmaschine_wk_waschmaschine_leistung,18.6,2026-05-27T11:05:49.800Z
sensor.shelly_plug_sg3_wk_waschmaschine_wk_waschmaschine_leistung,2.8,2026-05-27T11:05:50.826Z
sensor.shelly_plug_sg3_wk_waschmaschine_wk_waschmaschine_leistung,2.5,2026-05-27T11:06:00.036Z
sensor.shelly_plug_sg3_wk_waschmaschine_wk_waschmaschine_leistung,26.8,2026-05-27T11:06:24.752Z
sensor.shelly_plug_sg3_wk_waschmaschine_wk_waschmaschine_leistung,31.7,2026-05-27T11:06:25.783Z
sensor.shelly_plug_sg3_wk_waschmaschine_wk_waschmaschine_leistung,29.5,2026-05-27T11:06:26.800Z
sensor.shelly_plug_sg3_wk_waschmaschine_wk_waschmaschine_leistung,15.8,2026-05-27T11:06:27.837Z
sensor.shelly_plug_sg3_wk_waschmaschine_wk_waschmaschine_leistung,2.5,2026-05-27T11:06:28.865Z
sensor.shelly_plug_sg3_wk_waschmaschine_wk_waschmaschine_leistung,2.4,2026-05-27T11:07:00.038Z
sensor.shelly_plug_sg3_wk_waschmaschine_wk_waschmaschine_leistung,9.2,2026-05-27T11:07:01.757Z
sensor.shelly_plug_sg3_wk_waschmaschine_wk_waschmaschine_leistung,21.9,2026-05-27T11:07:02.786Z
sensor.shelly_plug_sg3_wk_waschmaschine_wk_waschmaschine_leistung,27.2,2026-05-27T11:07:03.814Z
sensor.shelly_plug_sg3_wk_waschmaschine_wk_waschmaschine_leistung,12.9,2026-05-27T11:07:04.842Z
sensor.shelly_plug_sg3_wk_waschmaschine_wk_waschmaschine_leistung,2.5,2026-05-27T11:07:05.871Z
sensor.shelly_plug_sg3_wk_waschmaschine_wk_waschmaschine_leistung,11.7,2026-05-27T11:07:39.793Z
sensor.shelly_plug_sg3_wk_waschmaschine_wk_waschmaschine_leistung,28.7,2026-05-27T11:07:40.818Z
sensor.shelly_plug_sg3_wk_waschmaschine_wk_waschmaschine_leistung,9.1,2026-05-27T11:07:42.874Z
sensor.shelly_plug_sg3_wk_waschmaschine_wk_waschmaschine_leistung,2.5,2026-05-27T11:07:43.903Z
sensor.shelly_plug_sg3_wk_waschmaschine_wk_waschmaschine_leistung,24.2,2026-05-27T11:08:17.826Z
sensor.shelly_plug_sg3_wk_waschmaschine_wk_waschmaschine_leistung,29.1,2026-05-27T11:08:18.853Z
sensor.shelly_plug_sg3_wk_waschmaschine_wk_waschmaschine_leistung,25.3,2026-05-27T11:08:19.870Z
sensor.shelly_plug_sg3_wk_waschmaschine_wk_waschmaschine_leistung,2.5,2026-05-27T11:08:20.907Z
sensor.shelly_plug_sg3_wk_waschmaschine_wk_waschmaschine_leistung,18.5,2026-05-27T11:08:54.828Z
sensor.shelly_plug_sg3_wk_waschmaschine_wk_waschmaschine_leistung,30.7,2026-05-27T11:08:55.854Z
sensor.shelly_plug_sg3_wk_waschmaschine_wk_waschmaschine_leistung,4.6,2026-05-27T11:08:57.910Z
sensor.shelly_plug_sg3_wk_waschmaschine_wk_waschmaschine_leistung,2.5,2026-05-27T11:08:58.938Z
sensor.shelly_plug_sg3_wk_waschmaschine_wk_waschmaschine_leistung,18.5,2026-05-27T11:09:32.858Z
sensor.shelly_plug_sg3_wk_waschmaschine_wk_waschmaschine_leistung,27.9,2026-05-27T11:09:33.887Z
sensor.shelly_plug_sg3_wk_waschmaschine_wk_waschmaschine_leistung,21.1,2026-05-27T11:09:34.914Z
sensor.shelly_plug_sg3_wk_waschmaschine_wk_waschmaschine_leistung,3.4,2026-05-27T11:09:35.974Z
sensor.shelly_plug_sg3_wk_waschmaschine_wk_waschmaschine_leistung,2.4,2026-05-27T11:09:59.575Z
sensor.shelly_plug_sg3_wk_waschmaschine_wk_waschmaschine_leistung,24.1,2026-05-27T11:10:09.863Z
sensor.shelly_plug_sg3_wk_waschmaschine_wk_waschmaschine_leistung,31.1,2026-05-27T11:10:10.891Z
sensor.shelly_plug_sg3_wk_waschmaschine_wk_waschmaschine_leistung,23.3,2026-05-27T11:10:12.946Z
sensor.shelly_plug_sg3_wk_waschmaschine_wk_waschmaschine_leistung,2.5,2026-05-27T11:10:13.975Z
sensor.shelly_plug_sg3_wk_waschmaschine_wk_waschmaschine_leistung,4.2,2026-05-27T11:10:46.859Z
sensor.shelly_plug_sg3_wk_waschmaschine_wk_waschmaschine_leistung,23.9,2026-05-27T11:10:47.898Z
sensor.shelly_plug_sg3_wk_waschmaschine_wk_waschmaschine_leistung,26.9,2026-05-27T11:10:48.914Z
sensor.shelly_plug_sg3_wk_waschmaschine_wk_waschmaschine_leistung,18.2,2026-05-27T11:10:49.951Z
sensor.shelly_plug_sg3_wk_waschmaschine_wk_waschmaschine_leistung,2.9,2026-05-27T11:10:50.979Z
sensor.shelly_plug_sg3_wk_waschmaschine_wk_waschmaschine_leistung,2.4,2026-05-27T11:11:00.040Z
sensor.shelly_plug_sg3_wk_waschmaschine_wk_waschmaschine_leistung,5.4,2026-05-27T11:11:24.888Z
sensor.shelly_plug_sg3_wk_waschmaschine_wk_waschmaschine_leistung,31.4,2026-05-27T11:11:25.925Z
sensor.shelly_plug_sg3_wk_waschmaschine_wk_waschmaschine_leistung,33.1,2026-05-27T11:11:26.949Z
sensor.shelly_plug_sg3_wk_waschmaschine_wk_waschmaschine_leistung,17.8,2026-05-27T11:11:27.985Z
sensor.shelly_plug_sg3_wk_waschmaschine_wk_waschmaschine_leistung,2.6,2026-05-27T11:11:29.015Z
sensor.shelly_plug_sg3_wk_waschmaschine_wk_waschmaschine_leistung,2.5,2026-05-27T11:12:00.022Z
sensor.shelly_plug_sg3_wk_waschmaschine_wk_waschmaschine_leistung,7.7,2026-05-27T11:12:01.893Z
sensor.shelly_plug_sg3_wk_waschmaschine_wk_waschmaschine_leistung,24.5,2026-05-27T11:12:02.933Z
sensor.shelly_plug_sg3_wk_waschmaschine_wk_waschmaschine_leistung,27.1,2026-05-27T11:12:03.950Z
sensor.shelly_plug_sg3_wk_waschmaschine_wk_waschmaschine_leistung,2.8,2026-05-27T11:12:06.015Z
sensor.shelly_plug_sg3_wk_waschmaschine_wk_waschmaschine_leistung,10.0,2026-05-27T11:12:39.936Z
sensor.shelly_plug_sg3_wk_waschmaschine_wk_waschmaschine_leistung,27.7,2026-05-27T11:12:40.964Z
sensor.shelly_plug_sg3_wk_waschmaschine_wk_waschmaschine_leistung,33.8,2026-05-27T11:12:41.994Z
sensor.shelly_plug_sg3_wk_waschmaschine_wk_waschmaschine_leistung,10.1,2026-05-27T11:12:43.020Z
sensor.shelly_plug_sg3_wk_waschmaschine_wk_waschmaschine_leistung,2.5,2026-05-27T11:12:44.050Z
sensor.shelly_plug_sg3_wk_waschmaschine_wk_waschmaschine_leistung,2.4,2026-05-27T11:13:00.020Z
sensor.shelly_plug_sg3_wk_waschmaschine_wk_waschmaschine_leistung,12.9,2026-05-27T11:13:17.970Z
sensor.shelly_plug_sg3_wk_waschmaschine_wk_waschmaschine_leistung,26.5,2026-05-27T11:13:18.998Z
sensor.shelly_plug_sg3_wk_waschmaschine_wk_waschmaschine_leistung,28.9,2026-05-27T11:13:20.019Z
sensor.shelly_plug_sg3_wk_waschmaschine_wk_waschmaschine_leistung,7.0,2026-05-27T11:13:21.054Z
sensor.shelly_plug_sg3_wk_waschmaschine_wk_waschmaschine_leistung,2.5,2026-05-27T11:13:22.082Z
sensor.shelly_plug_sg3_wk_waschmaschine_wk_waschmaschine_leistung,16.2,2026-05-27T11:13:54.974Z
sensor.shelly_plug_sg3_wk_waschmaschine_wk_waschmaschine_leistung,28.0,2026-05-27T11:13:56.009Z
sensor.shelly_plug_sg3_wk_waschmaschine_wk_waschmaschine_leistung,31.4,2026-05-27T11:13:57.023Z
sensor.shelly_plug_sg3_wk_waschmaschine_wk_waschmaschine_leistung,6.1,2026-05-27T11:13:58.058Z
sensor.shelly_plug_sg3_wk_waschmaschine_wk_waschmaschine_leistung,2.5,2026-05-27T11:13:59.086Z
sensor.shelly_plug_sg3_wk_waschmaschine_wk_waschmaschine_leistung,19.0,2026-05-27T11:14:33.006Z
sensor.shelly_plug_sg3_wk_waschmaschine_wk_waschmaschine_leistung,26.2,2026-05-27T11:14:34.036Z
sensor.shelly_plug_sg3_wk_waschmaschine_wk_waschmaschine_leistung,4.1,2026-05-27T11:14:36.105Z
sensor.shelly_plug_sg3_wk_waschmaschine_wk_waschmaschine_leistung,2.5,2026-05-27T11:14:37.109Z
sensor.shelly_plug_sg3_wk_waschmaschine_wk_waschmaschine_leistung,2.4,2026-05-27T11:15:00.018Z
sensor.shelly_plug_sg3_wk_waschmaschine_wk_waschmaschine_leistung,29.4,2026-05-27T11:15:11.038Z
sensor.shelly_plug_sg3_wk_waschmaschine_wk_waschmaschine_leistung,33.4,2026-05-27T11:15:12.056Z
sensor.shelly_plug_sg3_wk_waschmaschine_wk_waschmaschine_leistung,22.5,2026-05-27T11:15:13.094Z
sensor.shelly_plug_sg3_wk_waschmaschine_wk_waschmaschine_leistung,2.5,2026-05-27T11:15:14.124Z
sensor.shelly_plug_sg3_wk_waschmaschine_wk_waschmaschine_leistung,22.8,2026-05-27T11:15:48.041Z
sensor.shelly_plug_sg3_wk_waschmaschine_wk_waschmaschine_leistung,25.8,2026-05-27T11:15:49.062Z
sensor.shelly_plug_sg3_wk_waschmaschine_wk_waschmaschine_leistung,27.3,2026-05-27T11:15:50.097Z
sensor.shelly_plug_sg3_wk_waschmaschine_wk_waschmaschine_leistung,3.0,2026-05-27T11:15:51.125Z
sensor.shelly_plug_sg3_wk_waschmaschine_wk_waschmaschine_leistung,2.5,2026-05-27T11:16:00.014Z
sensor.shelly_plug_sg3_wk_waschmaschine_wk_waschmaschine_leistung,4.5,2026-05-27T11:16:25.036Z
sensor.shelly_plug_sg3_wk_waschmaschine_wk_waschmaschine_leistung,25.4,2026-05-27T11:16:26.073Z
sensor.shelly_plug_sg3_wk_waschmaschine_wk_waschmaschine_leistung,29.6,2026-05-27T11:16:27.102Z
sensor.shelly_plug_sg3_wk_waschmaschine_wk_waschmaschine_leistung,19.3,2026-05-27T11:16:28.130Z
sensor.shelly_plug_sg3_wk_waschmaschine_wk_waschmaschine_leistung,2.6,2026-05-27T11:16:29.158Z
sensor.shelly_plug_sg3_wk_waschmaschine_wk_waschmaschine_leistung,2.5,2026-05-27T11:17:00.013Z
sensor.shelly_plug_sg3_wk_waschmaschine_wk_waschmaschine_leistung,24.5,2026-05-27T11:17:03.077Z
sensor.shelly_plug_sg3_wk_waschmaschine_wk_waschmaschine_leistung,27.7,2026-05-27T11:17:04.097Z
sensor.shelly_plug_sg3_wk_waschmaschine_wk_waschmaschine_leistung,15.0,2026-05-27T11:17:06.161Z
sensor.shelly_plug_sg3_wk_waschmaschine_wk_waschmaschine_leistung,2.5,2026-05-27T11:17:07.190Z
sensor.shelly_plug_sg3_wk_waschmaschine_wk_waschmaschine_leistung,8.5,2026-05-27T11:17:40.083Z
sensor.shelly_plug_sg3_wk_waschmaschine_wk_waschmaschine_leistung,24.5,2026-05-27T11:17:41.110Z
sensor.shelly_plug_sg3_wk_waschmaschine_wk_waschmaschine_leistung,33.9,2026-05-27T11:17:42.138Z
sensor.shelly_plug_sg3_wk_waschmaschine_wk_waschmaschine_leistung,16.8,2026-05-27T11:17:43.169Z
sensor.shelly_plug_sg3_wk_waschmaschine_wk_waschmaschine_leistung,2.5,2026-05-27T11:17:44.194Z
sensor.shelly_plug_sg3_wk_waschmaschine_wk_waschmaschine_leistung,11.4,2026-05-27T11:18:18.114Z
sensor.shelly_plug_sg3_wk_waschmaschine_wk_waschmaschine_leistung,28.8,2026-05-27T11:18:19.142Z
sensor.shelly_plug_sg3_wk_waschmaschine_wk_waschmaschine_leistung,26.5,2026-05-27T11:18:20.160Z
sensor.shelly_plug_sg3_wk_waschmaschine_wk_waschmaschine_leistung,9.2,2026-05-27T11:18:21.198Z
sensor.shelly_plug_sg3_wk_waschmaschine_wk_waschmaschine_leistung,2.5,2026-05-27T11:18:22.226Z
sensor.shelly_plug_sg3_wk_waschmaschine_wk_waschmaschine_leistung,29.7,2026-05-27T11:18:56.146Z
sensor.shelly_plug_sg3_wk_waschmaschine_wk_waschmaschine_leistung,32.4,2026-05-27T11:18:58.192Z
sensor.shelly_plug_sg3_wk_waschmaschine_wk_waschmaschine_leistung,2.5,2026-05-27T11:18:59.235Z
sensor.shelly_plug_sg3_wk_waschmaschine_wk_waschmaschine_leistung,17.2,2026-05-27T11:19:33.150Z
sensor.shelly_plug_sg3_wk_waschmaschine_wk_waschmaschine_leistung,26.5,2026-05-27T11:19:34.176Z
sensor.shelly_plug_sg3_wk_waschmaschine_wk_waschmaschine_leistung,24.3,2026-05-27T11:19:35.195Z
sensor.shelly_plug_sg3_wk_waschmaschine_wk_waschmaschine_leistung,4.2,2026-05-27T11:19:36.246Z
sensor.shelly_plug_sg3_wk_waschmaschine_wk_waschmaschine_leistung,2.5,2026-05-27T11:19:37.252Z
sensor.shelly_plug_sg3_wk_waschmaschine_wk_waschmaschine_leistung,19.9,2026-05-27T11:20:11.181Z
sensor.shelly_plug_sg3_wk_waschmaschine_wk_waschmaschine_leistung,32.2,2026-05-27T11:20:12.211Z
sensor.shelly_plug_sg3_wk_waschmaschine_wk_waschmaschine_leistung,25.5,2026-05-27T11:20:13.237Z
sensor.shelly_plug_sg3_wk_waschmaschine_wk_waschmaschine_leistung,3.2,2026-05-27T11:20:14.266Z
sensor.shelly_plug_sg3_wk_waschmaschine_wk_waschmaschine_leistung,7.8,2026-05-27T11:20:44.064Z
sensor.shelly_plug_sg3_wk_waschmaschine_wk_waschmaschine_leistung,4.5,2026-05-27T11:20:55.370Z
sensor.shelly_plug_sg3_wk_waschmaschine_wk_waschmaschine_leistung,3.0,2026-05-27T11:20:56.398Z
sensor.shelly_plug_sg3_wk_waschmaschine_wk_waschmaschine_leistung,3.1,2026-05-27T11:21:00.003Z
sensor.shelly_plug_sg3_wk_waschmaschine_wk_waschmaschine_leistung,2.6,2026-05-27T11:31:00.046Z
sensor.shelly_plug_sg3_wk_waschmaschine_wk_waschmaschine_leistung,2.4,2026-05-27T11:32:00.046Z
sensor.shelly_plug_sg3_wk_waschmaschine_wk_waschmaschine_leistung,2.5,2026-05-27T11:33:00.044Z
sensor.shelly_plug_sg3_wk_waschmaschine_wk_waschmaschine_leistung,1.8,2026-05-27T11:35:40.347Z
sensor.shelly_plug_sg3_wk_waschmaschine_wk_waschmaschine_leistung,0.0,2026-05-27T11:35:41.384Z
sensor.shelly_plug_sg3_wk_waschmaschine_wk_waschmaschine_leistung,3.9,2026-05-27T13:44:19.483Z
sensor.shelly_plug_sg3_wk_waschmaschine_wk_waschmaschine_leistung,5.4,2026-05-27T13:44:23.586Z
sensor.shelly_plug_sg3_wk_waschmaschine_wk_waschmaschine_leistung,9.0,2026-05-27T13:44:50.322Z
sensor.shelly_plug_sg3_wk_waschmaschine_wk_waschmaschine_leistung,6.6,2026-05-27T13:44:51.347Z
sensor.shelly_plug_sg3_wk_waschmaschine_wk_waschmaschine_leistung,5.7,2026-05-27T13:45:00.012Z
sensor.shelly_plug_sg3_wk_waschmaschine_wk_waschmaschine_leistung,4.2,2026-05-27T13:45:28.340Z
sensor.shelly_plug_sg3_wk_waschmaschine_wk_waschmaschine_leistung,0.0,2026-05-27T13:45:29.379Z
sensor.shelly_plug_sg3_wk_waschmaschine_wk_waschmaschine_leistung,3.2,2026-05-27T14:56:05.079Z
sensor.shelly_plug_sg3_wk_waschmaschine_wk_waschmaschine_leistung,4.5,2026-05-27T14:56:06.107Z
sensor.shelly_plug_sg3_wk_waschmaschine_wk_waschmaschine_leistung,3.1,2026-05-27T14:56:07.135Z
sensor.shelly_plug_sg3_wk_waschmaschine_wk_waschmaschine_leistung,4.6,2026-05-27T14:56:09.183Z
sensor.shelly_plug_sg3_wk_waschmaschine_wk_waschmaschine_leistung,5.7,2026-05-27T14:56:10.210Z
sensor.shelly_plug_sg3_wk_waschmaschine_wk_waschmaschine_leistung,24.4,2026-05-27T14:56:14.334Z
sensor.shelly_plug_sg3_wk_waschmaschine_wk_waschmaschine_leistung,27.1,2026-05-27T14:56:15.350Z
sensor.shelly_plug_sg3_wk_waschmaschine_wk_waschmaschine_leistung,23.7,2026-05-27T14:56:16.392Z
sensor.shelly_plug_sg3_wk_waschmaschine_wk_waschmaschine_leistung,20.9,2026-05-27T14:56:17.410Z
sensor.shelly_plug_sg3_wk_waschmaschine_wk_waschmaschine_leistung,19.6,2026-05-27T14:56:19.463Z
sensor.shelly_plug_sg3_wk_waschmaschine_wk_waschmaschine_leistung,24.6,2026-05-27T14:56:20.501Z
sensor.shelly_plug_sg3_wk_waschmaschine_wk_waschmaschine_leistung,23.2,2026-05-27T14:56:21.528Z
sensor.shelly_plug_sg3_wk_waschmaschine_wk_waschmaschine_leistung,26.2,2026-05-27T14:56:23.575Z
sensor.shelly_plug_sg3_wk_waschmaschine_wk_waschmaschine_leistung,20.6,2026-05-27T14:56:24.606Z
sensor.shelly_plug_sg3_wk_waschmaschine_wk_waschmaschine_leistung,15.1,2026-05-27T14:56:25.640Z
sensor.shelly_plug_sg3_wk_waschmaschine_wk_waschmaschine_leistung,27.0,2026-05-27T14:56:26.669Z
sensor.shelly_plug_sg3_wk_waschmaschine_wk_waschmaschine_leistung,29.0,2026-05-27T14:56:27.688Z
sensor.shelly_plug_sg3_wk_waschmaschine_wk_waschmaschine_leistung,24.9,2026-05-27T14:56:28.718Z
sensor.shelly_plug_sg3_wk_waschmaschine_wk_waschmaschine_leistung,5.7,2026-05-27T14:56:30.781Z
sensor.shelly_plug_sg3_wk_waschmaschine_wk_waschmaschine_leistung,3.7,2026-05-27T14:56:31.800Z
sensor.shelly_plug_sg3_wk_waschmaschine_wk_waschmaschine_leistung,6.1,2026-05-27T14:56:32.828Z
sensor.shelly_plug_sg3_wk_waschmaschine_wk_waschmaschine_leistung,8.3,2026-05-27T14:56:33.858Z
sensor.shelly_plug_sg3_wk_waschmaschine_wk_waschmaschine_leistung,11.3,2026-05-27T14:56:36.941Z
sensor.shelly_plug_sg3_wk_waschmaschine_wk_waschmaschine_leistung,3.6,2026-05-27T14:56:43.108Z
sensor.shelly_plug_sg3_wk_waschmaschine_wk_waschmaschine_leistung,7.9,2026-05-27T14:56:46.192Z
sensor.shelly_plug_sg3_wk_waschmaschine_wk_waschmaschine_leistung,11.2,2026-05-27T14:56:49.274Z
sensor.shelly_plug_sg3_wk_waschmaschine_wk_waschmaschine_leistung,16.6,2026-05-27T14:56:52.370Z
sensor.shelly_plug_sg3_wk_waschmaschine_wk_waschmaschine_leistung,41.0,2026-05-27T14:56:53.396Z
sensor.shelly_plug_sg3_wk_waschmaschine_wk_waschmaschine_leistung,28.4,2026-05-27T14:56:54.424Z
sensor.shelly_plug_sg3_wk_waschmaschine_wk_waschmaschine_leistung,36.6,2026-05-27T14:56:55.452Z
sensor.shelly_plug_sg3_wk_waschmaschine_wk_waschmaschine_leistung,24.9,2026-05-27T14:56:56.483Z
sensor.shelly_plug_sg3_wk_waschmaschine_wk_waschmaschine_leistung,12.8,2026-05-27T14:56:57.509Z
sensor.shelly_plug_sg3_wk_waschmaschine_wk_waschmaschine_leistung,19.0,2026-05-27T14:56:58.538Z
sensor.shelly_plug_sg3_wk_waschmaschine_wk_waschmaschine_leistung,34.4,2026-05-27T14:56:59.566Z
sensor.shelly_plug_sg3_wk_waschmaschine_wk_waschmaschine_leistung,36.1,2026-05-27T14:57:01.613Z
sensor.shelly_plug_sg3_wk_waschmaschine_wk_waschmaschine_leistung,27.9,2026-05-27T14:57:02.652Z
sensor.shelly_plug_sg3_wk_waschmaschine_wk_waschmaschine_leistung,13.2,2026-05-27T14:57:03.678Z
sensor.shelly_plug_sg3_wk_waschmaschine_wk_waschmaschine_leistung,39.3,2026-05-27T14:57:04.706Z
sensor.shelly_plug_sg3_wk_waschmaschine_wk_waschmaschine_leistung,35.5,2026-05-27T14:57:05.725Z
sensor.shelly_plug_sg3_wk_waschmaschine_wk_waschmaschine_leistung,25.9,2026-05-27T14:57:06.763Z
sensor.shelly_plug_sg3_wk_waschmaschine_wk_waschmaschine_leistung,33.5,2026-05-27T14:57:07.791Z
sensor.shelly_plug_sg3_wk_waschmaschine_wk_waschmaschine_leistung,6.7,2026-05-27T14:57:08.820Z
sensor.shelly_plug_sg3_wk_waschmaschine_wk_waschmaschine_leistung,25.5,2026-05-27T14:57:09.848Z
sensor.shelly_plug_sg3_wk_waschmaschine_wk_waschmaschine_leistung,37.0,2026-05-27T14:57:10.876Z
sensor.shelly_plug_sg3_wk_waschmaschine_wk_waschmaschine_leistung,33.3,2026-05-27T14:57:13.953Z
sensor.shelly_plug_sg3_wk_waschmaschine_wk_waschmaschine_leistung,12.8,2026-05-27T14:57:14.990Z
sensor.shelly_plug_sg3_wk_waschmaschine_wk_waschmaschine_leistung,56.8,2026-05-27T14:57:16.018Z
sensor.shelly_plug_sg3_wk_waschmaschine_wk_waschmaschine_leistung,36.5,2026-05-27T14:57:17.046Z
sensor.shelly_plug_sg3_wk_waschmaschine_wk_waschmaschine_leistung,50.0,2026-05-27T14:57:18.072Z
sensor.shelly_plug_sg3_wk_waschmaschine_wk_waschmaschine_leistung,42.0,2026-05-27T14:57:19.101Z
sensor.shelly_plug_sg3_wk_waschmaschine_wk_waschmaschine_leistung,13.5,2026-05-27T14:57:20.129Z
sensor.shelly_plug_sg3_wk_waschmaschine_wk_waschmaschine_leistung,28.4,2026-05-27T14:57:21.157Z
sensor.shelly_plug_sg3_wk_waschmaschine_wk_waschmaschine_leistung,9.3,2026-05-27T14:57:22.185Z
sensor.shelly_plug_sg3_wk_waschmaschine_wk_waschmaschine_leistung,45.7,2026-05-27T14:57:23.214Z
sensor.shelly_plug_sg3_wk_waschmaschine_wk_waschmaschine_leistung,37.8,2026-05-27T14:57:24.242Z
sensor.shelly_plug_sg3_wk_waschmaschine_wk_waschmaschine_leistung,41.3,2026-05-27T14:57:25.261Z
sensor.shelly_plug_sg3_wk_waschmaschine_wk_waschmaschine_leistung,3.7,2026-05-27T14:57:26.298Z
sensor.shelly_plug_sg3_wk_waschmaschine_wk_waschmaschine_leistung,19.1,2026-05-27T14:57:29.385Z
sensor.shelly_plug_sg3_wk_waschmaschine_wk_waschmaschine_leistung,42.5,2026-05-27T14:57:30.411Z
sensor.shelly_plug_sg3_wk_waschmaschine_wk_waschmaschine_leistung,39.6,2026-05-27T14:57:31.430Z
sensor.shelly_plug_sg3_wk_waschmaschine_wk_waschmaschine_leistung,42.0,2026-05-27T14:57:32.458Z
sensor.shelly_plug_sg3_wk_waschmaschine_wk_waschmaschine_leistung,4.0,2026-05-27T14:57:33.496Z
sensor.shelly_plug_sg3_wk_waschmaschine_wk_waschmaschine_leistung,54.1,2026-05-27T14:57:37.612Z
sensor.shelly_plug_sg3_wk_waschmaschine_wk_waschmaschine_leistung,38.7,2026-05-27T14:57:38.638Z
sensor.shelly_plug_sg3_wk_waschmaschine_wk_waschmaschine_leistung,44.2,2026-05-27T14:57:39.660Z
sensor.shelly_plug_sg3_wk_waschmaschine_wk_waschmaschine_leistung,6.0,2026-05-27T14:57:40.692Z
sensor.shelly_plug_sg3_wk_waschmaschine_wk_waschmaschine_leistung,3.6,2026-05-27T14:57:41.723Z
sensor.shelly_plug_sg3_wk_waschmaschine_wk_waschmaschine_leistung,44.2,2026-05-27T14:57:44.804Z
sensor.shelly_plug_sg3_wk_waschmaschine_wk_waschmaschine_leistung,40.0,2026-05-27T14:57:46.850Z
sensor.shelly_plug_sg3_wk_waschmaschine_wk_waschmaschine_leistung,20.2,2026-05-27T14:57:47.888Z
sensor.shelly_plug_sg3_wk_waschmaschine_wk_waschmaschine_leistung,3.9,2026-05-27T14:57:48.916Z
sensor.shelly_plug_sg3_wk_waschmaschine_wk_waschmaschine_leistung,41.6,2026-05-27T14:57:52.000Z
sensor.shelly_plug_sg3_wk_waschmaschine_wk_waschmaschine_leistung,54.2,2026-05-27T14:57:53.028Z
sensor.shelly_plug_sg3_wk_waschmaschine_wk_waschmaschine_leistung,41.4,2026-05-27T14:57:54.056Z
sensor.shelly_plug_sg3_wk_waschmaschine_wk_waschmaschine_leistung,36.0,2026-05-27T14:57:55.084Z
sensor.shelly_plug_sg3_wk_waschmaschine_wk_waschmaschine_leistung,5.6,2026-05-27T14:57:56.113Z
sensor.shelly_plug_sg3_wk_waschmaschine_wk_waschmaschine_leistung,3.7,2026-05-27T14:57:57.131Z
sensor.shelly_plug_sg3_wk_waschmaschine_wk_waschmaschine_leistung,21.5,2026-05-27T14:57:59.197Z
sensor.shelly_plug_sg3_wk_waschmaschine_wk_waschmaschine_leistung,41.7,2026-05-27T14:58:00.226Z
sensor.shelly_plug_sg3_wk_waschmaschine_wk_waschmaschine_leistung,47.4,2026-05-27T14:58:01.254Z
sensor.shelly_plug_sg3_wk_waschmaschine_wk_waschmaschine_leistung,37.6,2026-05-27T14:58:02.282Z
sensor.shelly_plug_sg3_wk_waschmaschine_wk_waschmaschine_leistung,18.5,2026-05-27T14:58:03.314Z
sensor.shelly_plug_sg3_wk_waschmaschine_wk_waschmaschine_leistung,26.3,2026-05-27T14:58:04.329Z
sensor.shelly_plug_sg3_wk_waschmaschine_wk_waschmaschine_leistung,54.1,2026-05-27T14:58:05.366Z
sensor.shelly_plug_sg3_wk_waschmaschine_wk_waschmaschine_leistung,59.3,2026-05-27T14:58:06.386Z
sensor.shelly_plug_sg3_wk_waschmaschine_wk_waschmaschine_leistung,56.2,2026-05-27T14:58:07.415Z
sensor.shelly_plug_sg3_wk_waschmaschine_wk_waschmaschine_leistung,59.5,2026-05-27T14:58:08.444Z
sensor.shelly_plug_sg3_wk_waschmaschine_wk_waschmaschine_leistung,44.6,2026-05-27T14:58:09.479Z
sensor.shelly_plug_sg3_wk_waschmaschine_wk_waschmaschine_leistung,50.0,2026-05-27T14:58:10.507Z
sensor.shelly_plug_sg3_wk_waschmaschine_wk_waschmaschine_leistung,57.0,2026-05-27T14:58:11.535Z
sensor.shelly_plug_sg3_wk_waschmaschine_wk_waschmaschine_leistung,50.1,2026-05-27T14:58:12.563Z
sensor.shelly_plug_sg3_wk_waschmaschine_wk_waschmaschine_leistung,42.8,2026-05-27T14:58:14.621Z
sensor.shelly_plug_sg3_wk_waschmaschine_wk_waschmaschine_leistung,18.1,2026-05-27T14:58:15.648Z
sensor.shelly_plug_sg3_wk_waschmaschine_wk_waschmaschine_leistung,60.9,2026-05-27T14:58:16.677Z
sensor.shelly_plug_sg3_wk_waschmaschine_wk_waschmaschine_leistung,64.8,2026-05-27T14:58:17.697Z
sensor.shelly_plug_sg3_wk_waschmaschine_wk_waschmaschine_leistung,22.3,2026-05-27T14:58:20.792Z
sensor.shelly_plug_sg3_wk_waschmaschine_wk_waschmaschine_leistung,61.0,2026-05-27T14:58:21.816Z
sensor.shelly_plug_sg3_wk_waschmaschine_wk_waschmaschine_leistung,64.1,2026-05-27T14:58:23.863Z
sensor.shelly_plug_sg3_wk_waschmaschine_wk_waschmaschine_leistung,48.6,2026-05-27T14:58:25.928Z
sensor.shelly_plug_sg3_wk_waschmaschine_wk_waschmaschine_leistung,27.7,2026-05-27T14:58:26.956Z
sensor.shelly_plug_sg3_wk_waschmaschine_wk_waschmaschine_leistung,82.3,2026-05-27T14:58:27.984Z
sensor.shelly_plug_sg3_wk_waschmaschine_wk_waschmaschine_leistung,72.4,2026-05-27T14:58:29.014Z
sensor.shelly_plug_sg3_wk_waschmaschine_wk_waschmaschine_leistung,66.0,2026-05-27T14:58:30.031Z
sensor.shelly_plug_sg3_wk_waschmaschine_wk_waschmaschine_leistung,12.4,2026-05-27T14:58:31.070Z
sensor.shelly_plug_sg3_wk_waschmaschine_wk_waschmaschine_leistung,66.2,2026-05-27T14:58:32.097Z
sensor.shelly_plug_sg3_wk_waschmaschine_wk_waschmaschine_leistung,60.1,2026-05-27T14:58:33.125Z
sensor.shelly_plug_sg3_wk_waschmaschine_wk_waschmaschine_leistung,68.7,2026-05-27T14:58:34.155Z
sensor.shelly_plug_sg3_wk_waschmaschine_wk_waschmaschine_leistung,8.4,2026-05-27T14:58:35.182Z
sensor.shelly_plug_sg3_wk_waschmaschine_wk_waschmaschine_leistung,22.8,2026-05-27T14:58:38.271Z
sensor.shelly_plug_sg3_wk_waschmaschine_wk_waschmaschine_leistung,83.4,2026-05-27T14:58:39.296Z
sensor.shelly_plug_sg3_wk_waschmaschine_wk_waschmaschine_leistung,76.3,2026-05-27T14:58:40.322Z
sensor.shelly_plug_sg3_wk_waschmaschine_wk_waschmaschine_leistung,8.6,2026-05-27T14:58:42.379Z
sensor.shelly_plug_sg3_wk_waschmaschine_wk_waschmaschine_leistung,68.1,2026-05-27T14:58:46.491Z
sensor.shelly_plug_sg3_wk_waschmaschine_wk_waschmaschine_leistung,79.5,2026-05-27T14:58:47.519Z
sensor.shelly_plug_sg3_wk_waschmaschine_wk_waschmaschine_leistung,70.5,2026-05-27T14:58:48.547Z
sensor.shelly_plug_sg3_wk_waschmaschine_wk_waschmaschine_leistung,13.5,2026-05-27T14:58:49.575Z
sensor.shelly_plug_sg3_wk_waschmaschine_wk_waschmaschine_leistung,8.3,2026-05-27T14:58:50.606Z
sensor.shelly_plug_sg3_wk_waschmaschine_wk_waschmaschine_leistung,4.2,2026-05-27T14:58:52.651Z
sensor.shelly_plug_sg3_wk_waschmaschine_wk_waschmaschine_leistung,81.4,2026-05-27T14:58:53.688Z
sensor.shelly_plug_sg3_wk_waschmaschine_wk_waschmaschine_leistung,76.2,2026-05-27T14:58:55.745Z
sensor.shelly_plug_sg3_wk_waschmaschine_wk_waschmaschine_leistung,37.5,2026-05-27T14:58:56.772Z
sensor.shelly_plug_sg3_wk_waschmaschine_wk_waschmaschine_leistung,3.9,2026-05-27T14:58:57.802Z
sensor.shelly_plug_sg3_wk_waschmaschine_wk_waschmaschine_leistung,3.7,2026-05-27T14:58:59.978Z
sensor.shelly_plug_sg3_wk_waschmaschine_wk_waschmaschine_leistung,44.0,2026-05-27T14:59:00.884Z
sensor.shelly_plug_sg3_wk_waschmaschine_wk_waschmaschine_leistung,67.1,2026-05-27T14:59:01.913Z
sensor.shelly_plug_sg3_wk_waschmaschine_wk_waschmaschine_leistung,80.1,2026-05-27T14:59:02.941Z
sensor.shelly_plug_sg3_wk_waschmaschine_wk_waschmaschine_leistung,71.0,2026-05-27T14:59:03.969Z
sensor.shelly_plug_sg3_wk_waschmaschine_wk_waschmaschine_leistung,8.8,2026-05-27T14:59:05.001Z
sensor.shelly_plug_sg3_wk_waschmaschine_wk_waschmaschine_leistung,3.9,2026-05-27T14:59:06.029Z
sensor.shelly_plug_sg3_wk_waschmaschine_wk_waschmaschine_leistung,24.4,2026-05-27T14:59:08.085Z
sensor.shelly_plug_sg3_wk_waschmaschine_wk_waschmaschine_leistung,86.1,2026-05-27T14:59:09.113Z
sensor.shelly_plug_sg3_wk_waschmaschine_wk_waschmaschine_leistung,78.8,2026-05-27T14:59:11.162Z
sensor.shelly_plug_sg3_wk_waschmaschine_wk_waschmaschine_leistung,42.2,2026-05-27T14:59:12.198Z
sensor.shelly_plug_sg3_wk_waschmaschine_wk_waschmaschine_leistung,3.8,2026-05-27T14:59:13.226Z
sensor.shelly_plug_sg3_wk_waschmaschine_wk_waschmaschine_leistung,5.0,2026-05-27T14:59:15.274Z
sensor.shelly_plug_sg3_wk_waschmaschine_wk_waschmaschine_leistung,47.0,2026-05-27T14:59:16.313Z
sensor.shelly_plug_sg3_wk_waschmaschine_wk_waschmaschine_leistung,80.0,2026-05-27T14:59:17.339Z
sensor.shelly_plug_sg3_wk_waschmaschine_wk_waschmaschine_leistung,72.4,2026-05-27T14:59:18.368Z
sensor.shelly_plug_sg3_wk_waschmaschine_wk_waschmaschine_leistung,65.3,2026-05-27T14:59:19.395Z
sensor.shelly_plug_sg3_wk_waschmaschine_wk_waschmaschine_leistung,7.1,2026-05-27T14:59:20.425Z
sensor.shelly_plug_sg3_wk_waschmaschine_wk_waschmaschine_leistung,3.7,2026-05-27T14:59:21.455Z
sensor.shelly_plug_sg3_wk_waschmaschine_wk_waschmaschine_leistung,42.7,2026-05-27T14:59:22.480Z
sensor.shelly_plug_sg3_wk_waschmaschine_wk_waschmaschine_leistung,91.6,2026-05-27T14:59:23.511Z
sensor.shelly_plug_sg3_wk_waschmaschine_wk_waschmaschine_leistung,57.6,2026-05-27T14:59:27.621Z
sensor.shelly_plug_sg3_wk_waschmaschine_wk_waschmaschine_leistung,41.5,2026-05-27T14:59:28.649Z
sensor.shelly_plug_sg3_wk_waschmaschine_wk_waschmaschine_leistung,84.0,2026-05-27T14:59:29.677Z
sensor.shelly_plug_sg3_wk_waschmaschine_wk_waschmaschine_leistung,12.1,2026-05-27T14:59:33.788Z
sensor.shelly_plug_sg3_wk_waschmaschine_wk_waschmaschine_leistung,63.0,2026-05-27T14:59:34.816Z
sensor.shelly_plug_sg3_wk_waschmaschine_wk_waschmaschine_leistung,108.9,2026-05-27T14:59:35.844Z
sensor.shelly_plug_sg3_wk_waschmaschine_wk_waschmaschine_leistung,101.5,2026-05-27T14:59:36.873Z
sensor.shelly_plug_sg3_wk_waschmaschine_wk_waschmaschine_leistung,66.0,2026-05-27T14:59:38.930Z
sensor.shelly_plug_sg3_wk_waschmaschine_wk_waschmaschine_leistung,12.6,2026-05-27T14:59:39.959Z
sensor.shelly_plug_sg3_wk_waschmaschine_wk_waschmaschine_leistung,98.9,2026-05-27T14:59:40.988Z
sensor.shelly_plug_sg3_wk_waschmaschine_wk_waschmaschine_leistung,92.0,2026-05-27T14:59:42.018Z
sensor.shelly_plug_sg3_wk_waschmaschine_wk_waschmaschine_leistung,57.6,2026-05-27T14:59:44.072Z
sensor.shelly_plug_sg3_wk_waschmaschine_wk_waschmaschine_leistung,12.1,2026-05-27T14:59:45.102Z
sensor.shelly_plug_sg3_wk_waschmaschine_wk_waschmaschine_leistung,53.5,2026-05-27T14:59:46.129Z
sensor.shelly_plug_sg3_wk_waschmaschine_wk_waschmaschine_leistung,13.5,2026-05-27T14:59:47.157Z
sensor.shelly_plug_sg3_wk_waschmaschine_wk_waschmaschine_leistung,84.9,2026-05-27T14:59:48.184Z
sensor.shelly_plug_sg3_wk_waschmaschine_wk_waschmaschine_leistung,2010.4,2026-05-27T14:59:49.215Z
sensor.shelly_plug_sg3_wk_waschmaschine_wk_waschmaschine_leistung,2336.9,2026-05-27T14:59:50.241Z
sensor.shelly_plug_sg3_wk_waschmaschine_wk_waschmaschine_leistung,2215.5,2026-05-27T14:59:52.297Z
sensor.shelly_plug_sg3_wk_waschmaschine_wk_waschmaschine_leistung,2196.3,2026-05-27T15:00:00.051Z
sensor.shelly_plug_sg3_wk_waschmaschine_wk_waschmaschine_leistung,2280.7,2026-05-27T15:01:00.048Z
sensor.shelly_plug_sg3_wk_waschmaschine_wk_waschmaschine_leistung,2249.4,2026-05-27T15:02:00.046Z
sensor.shelly_plug_sg3_wk_waschmaschine_wk_waschmaschine_leistung,2299.6,2026-05-27T15:03:00.042Z
sensor.shelly_plug_sg3_wk_waschmaschine_wk_waschmaschine_leistung,2332.4,2026-05-27T15:03:32.255Z
sensor.shelly_plug_sg3_wk_waschmaschine_wk_waschmaschine_leistung,2185.2,2026-05-27T15:03:44.588Z
sensor.shelly_plug_sg3_wk_waschmaschine_wk_waschmaschine_leistung,2295.1,2026-05-27T15:03:47.675Z
sensor.shelly_plug_sg3_wk_waschmaschine_wk_waschmaschine_leistung,2193.3,2026-05-27T15:04:00.038Z
sensor.shelly_plug_sg3_wk_waschmaschine_wk_waschmaschine_leistung,2269.1,2026-05-27T15:05:00.040Z
sensor.shelly_plug_sg3_wk_waschmaschine_wk_waschmaschine_leistung,2306.7,2026-05-27T15:06:00.037Z
sensor.shelly_plug_sg3_wk_waschmaschine_wk_waschmaschine_leistung,2294.2,2026-05-27T15:07:00.035Z
sensor.shelly_plug_sg3_wk_waschmaschine_wk_waschmaschine_leistung,2294.8,2026-05-27T15:08:00.029Z
sensor.shelly_plug_sg3_wk_waschmaschine_wk_waschmaschine_leistung,2311.6,2026-05-27T15:09:00.030Z
sensor.shelly_plug_sg3_wk_waschmaschine_wk_waschmaschine_leistung,1691.8,2026-05-27T15:09:32.007Z
sensor.shelly_plug_sg3_wk_waschmaschine_wk_waschmaschine_leistung,146.2,2026-05-27T15:09:33.033Z
sensor.shelly_plug_sg3_wk_waschmaschine_wk_waschmaschine_leistung,107.6,2026-05-27T15:09:34.061Z
sensor.shelly_plug_sg3_wk_waschmaschine_wk_waschmaschine_leistung,115.2,2026-05-27T15:09:35.089Z
sensor.shelly_plug_sg3_wk_waschmaschine_wk_waschmaschine_leistung,100.2,2026-05-27T15:09:37.145Z
sensor.shelly_plug_sg3_wk_waschmaschine_wk_waschmaschine_leistung,110.3,2026-05-27T15:09:38.175Z
sensor.shelly_plug_sg3_wk_waschmaschine_wk_waschmaschine_leistung,93.5,2026-05-27T15:09:39.202Z
sensor.shelly_plug_sg3_wk_waschmaschine_wk_waschmaschine_leistung,120.2,2026-05-27T15:09:40.232Z
sensor.shelly_plug_sg3_wk_waschmaschine_wk_waschmaschine_leistung,89.2,2026-05-27T15:09:41.258Z
sensor.shelly_plug_sg3_wk_waschmaschine_wk_waschmaschine_leistung,79.0,2026-05-27T15:09:43.366Z
sensor.shelly_plug_sg3_wk_waschmaschine_wk_waschmaschine_leistung,90.9,2026-05-27T15:09:44.342Z
sensor.shelly_plug_sg3_wk_waschmaschine_wk_waschmaschine_leistung,82.9,2026-05-27T15:09:46.399Z
sensor.shelly_plug_sg3_wk_waschmaschine_wk_waschmaschine_leistung,98.4,2026-05-27T15:09:47.427Z
sensor.shelly_plug_sg3_wk_waschmaschine_wk_waschmaschine_leistung,106.3,2026-05-27T15:09:49.486Z
sensor.shelly_plug_sg3_wk_waschmaschine_wk_waschmaschine_leistung,99.7,2026-05-27T15:09:53.595Z
sensor.shelly_plug_sg3_wk_waschmaschine_wk_waschmaschine_leistung,90.8,2026-05-27T15:09:56.679Z
sensor.shelly_plug_sg3_wk_waschmaschine_wk_waschmaschine_leistung,72.4,2026-05-27T15:09:57.707Z
sensor.shelly_plug_sg3_wk_waschmaschine_wk_waschmaschine_leistung,6.7,2026-05-27T15:09:58.737Z
sensor.shelly_plug_sg3_wk_waschmaschine_wk_waschmaschine_leistung,3.9,2026-05-27T15:09:59.763Z
sensor.shelly_plug_sg3_wk_waschmaschine_wk_waschmaschine_leistung,79.5,2026-05-27T15:10:00.792Z
sensor.shelly_plug_sg3_wk_waschmaschine_wk_waschmaschine_leistung,121.5,2026-05-27T15:10:01.820Z
sensor.shelly_plug_sg3_wk_waschmaschine_wk_waschmaschine_leistung,112.6,2026-05-27T15:10:02.848Z
sensor.shelly_plug_sg3_wk_waschmaschine_wk_waschmaschine_leistung,120.5,2026-05-27T15:10:06.952Z
sensor.shelly_plug_sg3_wk_waschmaschine_wk_waschmaschine_leistung,135.5,2026-05-27T15:10:11.076Z
sensor.shelly_plug_sg3_wk_waschmaschine_wk_waschmaschine_leistung,116.5,2026-05-27T15:10:12.102Z
sensor.shelly_plug_sg3_wk_waschmaschine_wk_waschmaschine_leistung,107.1,2026-05-27T15:10:17.243Z
sensor.shelly_plug_sg3_wk_waschmaschine_wk_waschmaschine_leistung,115.9,2026-05-27T15:10:19.297Z
sensor.shelly_plug_sg3_wk_waschmaschine_wk_waschmaschine_leistung,99.9,2026-05-27T15:10:25.466Z
sensor.shelly_plug_sg3_wk_waschmaschine_wk_waschmaschine_leistung,108.0,2026-05-27T15:10:27.523Z
sensor.shelly_plug_sg3_wk_waschmaschine_wk_waschmaschine_leistung,90.2,2026-05-27T15:10:28.548Z
sensor.shelly_plug_sg3_wk_waschmaschine_wk_waschmaschine_leistung,100.7,2026-05-27T15:10:29.577Z
sensor.shelly_plug_sg3_wk_waschmaschine_wk_waschmaschine_leistung,62.0,2026-05-27T15:10:30.605Z
sensor.shelly_plug_sg3_wk_waschmaschine_wk_waschmaschine_leistung,4.7,2026-05-27T15:10:31.633Z
sensor.shelly_plug_sg3_wk_waschmaschine_wk_waschmaschine_leistung,3.6,2026-05-27T15:10:32.652Z
sensor.shelly_plug_sg3_wk_waschmaschine_wk_waschmaschine_leistung,78.6,2026-05-27T15:10:33.689Z
sensor.shelly_plug_sg3_wk_waschmaschine_wk_waschmaschine_leistung,92.8,2026-05-27T15:10:34.719Z
sensor.shelly_plug_sg3_wk_waschmaschine_wk_waschmaschine_leistung,98.9,2026-05-27T15:10:36.764Z
sensor.shelly_plug_sg3_wk_waschmaschine_wk_waschmaschine_leistung,105.5,2026-05-27T15:10:37.802Z
sensor.shelly_plug_sg3_wk_waschmaschine_wk_waschmaschine_leistung,111.4,2026-05-27T15:10:38.830Z
sensor.shelly_plug_sg3_wk_waschmaschine_wk_waschmaschine_leistung,118.1,2026-05-27T15:10:41.915Z
sensor.shelly_plug_sg3_wk_waschmaschine_wk_waschmaschine_leistung,125.8,2026-05-27T15:10:42.944Z
sensor.shelly_plug_sg3_wk_waschmaschine_wk_waschmaschine_leistung,108.9,2026-05-27T15:10:44.998Z
sensor.shelly_plug_sg3_wk_waschmaschine_wk_waschmaschine_leistung,121.3,2026-05-27T15:10:46.027Z
sensor.shelly_plug_sg3_wk_waschmaschine_wk_waschmaschine_leistung,106.5,2026-05-27T15:10:49.111Z
sensor.shelly_plug_sg3_wk_waschmaschine_wk_waschmaschine_leistung,98.3,2026-05-27T15:10:50.139Z
sensor.shelly_plug_sg3_wk_waschmaschine_wk_waschmaschine_leistung,85.3,2026-05-27T15:10:51.167Z
sensor.shelly_plug_sg3_wk_waschmaschine_wk_waschmaschine_leistung,101.0,2026-05-27T15:10:52.195Z
sensor.shelly_plug_sg3_wk_waschmaschine_wk_waschmaschine_leistung,108.6,2026-05-27T15:10:55.280Z
sensor.shelly_plug_sg3_wk_waschmaschine_wk_waschmaschine_leistung,101.3,2026-05-27T15:10:57.335Z
sensor.shelly_plug_sg3_wk_waschmaschine_wk_waschmaschine_leistung,103.6,2026-05-27T15:11:00.027Z
sensor.shelly_plug_sg3_wk_waschmaschine_wk_waschmaschine_leistung,92.7,2026-05-27T15:11:00.421Z
sensor.shelly_plug_sg3_wk_waschmaschine_wk_waschmaschine_leistung,82.1,2026-05-27T15:11:03.502Z
sensor.shelly_plug_sg3_wk_waschmaschine_wk_waschmaschine_leistung,13.6,2026-05-27T15:11:04.531Z
sensor.shelly_plug_sg3_wk_waschmaschine_wk_waschmaschine_leistung,3.9,2026-05-27T15:11:05.559Z
sensor.shelly_plug_sg3_wk_waschmaschine_wk_waschmaschine_leistung,50.6,2026-05-27T15:11:06.588Z
sensor.shelly_plug_sg3_wk_waschmaschine_wk_waschmaschine_leistung,112.1,2026-05-27T15:11:07.616Z
sensor.shelly_plug_sg3_wk_waschmaschine_wk_waschmaschine_leistung,125.1,2026-05-27T15:11:09.676Z
sensor.shelly_plug_sg3_wk_waschmaschine_wk_waschmaschine_leistung,918.1,2026-05-27T15:11:10.701Z
sensor.shelly_plug_sg3_wk_waschmaschine_wk_waschmaschine_leistung,2363.7,2026-05-27T15:11:11.729Z
sensor.shelly_plug_sg3_wk_waschmaschine_wk_waschmaschine_leistung,2214.6,2026-05-27T15:11:37.425Z
sensor.shelly_plug_sg3_wk_waschmaschine_wk_waschmaschine_leistung,2327.2,2026-05-27T15:11:48.734Z
sensor.shelly_plug_sg3_wk_waschmaschine_wk_waschmaschine_leistung,2302.0,2026-05-27T15:12:00.022Z
sensor.shelly_plug_sg3_wk_waschmaschine_wk_waschmaschine_leistung,321.2,2026-05-27T15:12:06.236Z
sensor.shelly_plug_sg3_wk_waschmaschine_wk_waschmaschine_leistung,97.7,2026-05-27T15:12:07.264Z
sensor.shelly_plug_sg3_wk_waschmaschine_wk_waschmaschine_leistung,91.0,2026-05-27T15:12:08.294Z
sensor.shelly_plug_sg3_wk_waschmaschine_wk_waschmaschine_leistung,84.7,2026-05-27T15:12:09.321Z
sensor.shelly_plug_sg3_wk_waschmaschine_wk_waschmaschine_leistung,36.5,2026-05-27T15:12:10.351Z
sensor.shelly_plug_sg3_wk_waschmaschine_wk_waschmaschine_leistung,3.6,2026-05-27T15:12:11.377Z
sensor.shelly_plug_sg3_wk_waschmaschine_wk_waschmaschine_leistung,32.5,2026-05-27T15:12:12.408Z
sensor.shelly_plug_sg3_wk_waschmaschine_wk_waschmaschine_leistung,94.2,2026-05-27T15:12:13.434Z
sensor.shelly_plug_sg3_wk_waschmaschine_wk_waschmaschine_leistung,111.8,2026-05-27T15:12:14.462Z
sensor.shelly_plug_sg3_wk_waschmaschine_wk_waschmaschine_leistung,122.6,2026-05-27T15:12:17.546Z
sensor.shelly_plug_sg3_wk_waschmaschine_wk_waschmaschine_leistung,115.9,2026-05-27T15:12:21.658Z
sensor.shelly_plug_sg3_wk_waschmaschine_wk_waschmaschine_leistung,126.8,2026-05-27T15:12:23.714Z
sensor.shelly_plug_sg3_wk_waschmaschine_wk_waschmaschine_leistung,111.6,2026-05-27T15:12:24.742Z
sensor.shelly_plug_sg3_wk_waschmaschine_wk_waschmaschine_leistung,102.9,2026-05-27T15:12:25.770Z
sensor.shelly_plug_sg3_wk_waschmaschine_wk_waschmaschine_leistung,85.0,2026-05-27T15:12:26.798Z
sensor.shelly_plug_sg3_wk_waschmaschine_wk_waschmaschine_leistung,79.3,2026-05-27T15:12:27.817Z
sensor.shelly_plug_sg3_wk_waschmaschine_wk_waschmaschine_leistung,85.7,2026-05-27T15:12:28.845Z
sensor.shelly_plug_sg3_wk_waschmaschine_wk_waschmaschine_leistung,100.8,2026-05-27T15:12:29.884Z
sensor.shelly_plug_sg3_wk_waschmaschine_wk_waschmaschine_leistung,95.1,2026-05-27T15:12:30.905Z
sensor.shelly_plug_sg3_wk_waschmaschine_wk_waschmaschine_leistung,111.9,2026-05-27T15:12:31.944Z
sensor.shelly_plug_sg3_wk_waschmaschine_wk_waschmaschine_leistung,105.6,2026-05-27T15:12:37.079Z
sensor.shelly_plug_sg3_wk_waschmaschine_wk_waschmaschine_leistung,111.1,2026-05-27T15:12:39.135Z
sensor.shelly_plug_sg3_wk_waschmaschine_wk_waschmaschine_leistung,103.9,2026-05-27T15:12:40.163Z
sensor.shelly_plug_sg3_wk_waschmaschine_wk_waschmaschine_leistung,35.0,2026-05-27T15:12:43.247Z
sensor.shelly_plug_sg3_wk_waschmaschine_wk_waschmaschine_leistung,3.7,2026-05-27T15:12:44.282Z
sensor.shelly_plug_sg3_wk_waschmaschine_wk_waschmaschine_leistung,35.4,2026-05-27T15:12:45.305Z
sensor.shelly_plug_sg3_wk_waschmaschine_wk_waschmaschine_leistung,89.9,2026-05-27T15:12:46.334Z
sensor.shelly_plug_sg3_wk_waschmaschine_wk_waschmaschine_leistung,102.8,2026-05-27T15:12:47.360Z
sensor.shelly_plug_sg3_wk_waschmaschine_wk_waschmaschine_leistung,111.6,2026-05-27T15:12:50.444Z
sensor.shelly_plug_sg3_wk_waschmaschine_wk_waschmaschine_leistung,124.9,2026-05-27T15:12:54.556Z
sensor.shelly_plug_sg3_wk_waschmaschine_wk_waschmaschine_leistung,114.0,2026-05-27T15:12:55.584Z
sensor.shelly_plug_sg3_wk_waschmaschine_wk_waschmaschine_leistung,120.7,2026-05-27T15:12:56.612Z
sensor.shelly_plug_sg3_wk_waschmaschine_wk_waschmaschine_leistung,104.0,2026-05-27T15:12:57.641Z
sensor.shelly_plug_sg3_wk_waschmaschine_wk_waschmaschine_leistung,95.6,2026-05-27T15:12:58.671Z
sensor.shelly_plug_sg3_wk_waschmaschine_wk_waschmaschine_leistung,104.2,2026-05-27T15:12:59.697Z
sensor.shelly_plug_sg3_wk_waschmaschine_wk_waschmaschine_leistung,111.0,2026-05-27T15:13:00.725Z
sensor.shelly_plug_sg3_wk_waschmaschine_wk_waschmaschine_leistung,82.4,2026-05-27T15:13:01.754Z
sensor.shelly_plug_sg3_wk_waschmaschine_wk_waschmaschine_leistung,52.1,2026-05-27T15:13:02.782Z
sensor.shelly_plug_sg3_wk_waschmaschine_wk_waschmaschine_leistung,57.3,2026-05-27T15:13:03.810Z
sensor.shelly_plug_sg3_wk_waschmaschine_wk_waschmaschine_leistung,74.1,2026-05-27T15:13:04.838Z
sensor.shelly_plug_sg3_wk_waschmaschine_wk_waschmaschine_leistung,100.5,2026-05-27T15:13:05.868Z
sensor.shelly_plug_sg3_wk_waschmaschine_wk_waschmaschine_leistung,114.6,2026-05-27T15:13:07.925Z
sensor.shelly_plug_sg3_wk_waschmaschine_wk_waschmaschine_leistung,104.4,2026-05-27T15:13:09.979Z
sensor.shelly_plug_sg3_wk_waschmaschine_wk_waschmaschine_leistung,89.5,2026-05-27T15:13:13.062Z
sensor.shelly_plug_sg3_wk_waschmaschine_wk_waschmaschine_leistung,99.1,2026-05-27T15:13:14.090Z
sensor.shelly_plug_sg3_wk_waschmaschine_wk_waschmaschine_leistung,87.1,2026-05-27T15:13:15.120Z
sensor.shelly_plug_sg3_wk_waschmaschine_wk_waschmaschine_leistung,63.0,2026-05-27T15:13:16.148Z
sensor.shelly_plug_sg3_wk_waschmaschine_wk_waschmaschine_leistung,3.7,2026-05-27T15:13:17.174Z
sensor.shelly_plug_sg3_wk_waschmaschine_wk_waschmaschine_leistung,14.2,2026-05-27T15:13:18.203Z
sensor.shelly_plug_sg3_wk_waschmaschine_wk_waschmaschine_leistung,92.8,2026-05-27T15:13:19.231Z
sensor.shelly_plug_sg3_wk_waschmaschine_wk_waschmaschine_leistung,106.7,2026-05-27T15:13:20.261Z
sensor.shelly_plug_sg3_wk_waschmaschine_wk_waschmaschine_leistung,116.9,2026-05-27T15:13:21.290Z
sensor.shelly_plug_sg3_wk_waschmaschine_wk_waschmaschine_leistung,128.2,2026-05-27T15:13:26.427Z
sensor.shelly_plug_sg3_wk_waschmaschine_wk_waschmaschine_leistung,121.5,2026-05-27T15:13:27.455Z
sensor.shelly_plug_sg3_wk_waschmaschine_wk_waschmaschine_leistung,113.0,2026-05-27T15:13:33.623Z
sensor.shelly_plug_sg3_wk_waschmaschine_wk_waschmaschine_leistung,121.4,2026-05-27T15:13:36.707Z
sensor.shelly_plug_sg3_wk_waschmaschine_wk_waschmaschine_leistung,112.5,2026-05-27T15:13:41.847Z
sensor.shelly_plug_sg3_wk_waschmaschine_wk_waschmaschine_leistung,104.0,2026-05-27T15:13:42.877Z
sensor.shelly_plug_sg3_wk_waschmaschine_wk_waschmaschine_leistung,98.3,2026-05-27T15:13:45.950Z
sensor.shelly_plug_sg3_wk_waschmaschine_wk_waschmaschine_leistung,62.8,2026-05-27T15:13:49.043Z
sensor.shelly_plug_sg3_wk_waschmaschine_wk_waschmaschine_leistung,3.6,2026-05-27T15:13:50.071Z
sensor.shelly_plug_sg3_wk_waschmaschine_wk_waschmaschine_leistung,20.2,2026-05-27T15:13:51.099Z
sensor.shelly_plug_sg3_wk_waschmaschine_wk_waschmaschine_leistung,76.4,2026-05-27T15:13:52.127Z
sensor.shelly_plug_sg3_wk_waschmaschine_wk_waschmaschine_leistung,94.3,2026-05-27T15:13:53.158Z
sensor.shelly_plug_sg3_wk_waschmaschine_wk_waschmaschine_leistung,104.6,2026-05-27T15:13:54.184Z
sensor.shelly_plug_sg3_wk_waschmaschine_wk_waschmaschine_leistung,111.7,2026-05-27T15:13:56.240Z
sensor.shelly_plug_sg3_wk_waschmaschine_wk_waschmaschine_leistung,116.4,2026-05-27T15:14:00.018Z
sensor.shelly_plug_sg3_wk_waschmaschine_wk_waschmaschine_leistung,121.5,2026-05-27T15:14:00.352Z
sensor.shelly_plug_sg3_wk_waschmaschine_wk_waschmaschine_leistung,109.3,2026-05-27T15:14:02.411Z
sensor.shelly_plug_sg3_wk_waschmaschine_wk_waschmaschine_leistung,119.2,2026-05-27T15:14:04.464Z
sensor.shelly_plug_sg3_wk_waschmaschine_wk_waschmaschine_leistung,126.5,2026-05-27T15:14:06.521Z
sensor.shelly_plug_sg3_wk_waschmaschine_wk_waschmaschine_leistung,95.6,2026-05-27T15:14:07.549Z
sensor.shelly_plug_sg3_wk_waschmaschine_wk_waschmaschine_leistung,87.2,2026-05-27T15:14:08.579Z
sensor.shelly_plug_sg3_wk_waschmaschine_wk_waschmaschine_leistung,100.1,2026-05-27T15:14:10.633Z
sensor.shelly_plug_sg3_wk_waschmaschine_wk_waschmaschine_leistung,105.6,2026-05-27T15:14:11.652Z
sensor.shelly_plug_sg3_wk_waschmaschine_wk_waschmaschine_leistung,95.2,2026-05-27T15:14:19.886Z
sensor.shelly_plug_sg3_wk_waschmaschine_wk_waschmaschine_leistung,88.0,2026-05-27T15:14:20.913Z
sensor.shelly_plug_sg3_wk_waschmaschine_wk_waschmaschine_leistung,8.0,2026-05-27T15:14:21.941Z
sensor.shelly_plug_sg3_wk_waschmaschine_wk_waschmaschine_leistung,3.6,2026-05-27T15:14:22.968Z
sensor.shelly_plug_sg3_wk_waschmaschine_wk_waschmaschine_leistung,5.2,2026-05-27T15:14:23.991Z
sensor.shelly_plug_sg3_wk_waschmaschine_wk_waschmaschine_leistung,65.3,2026-05-27T15:14:25.025Z
sensor.shelly_plug_sg3_wk_waschmaschine_wk_waschmaschine_leistung,115.3,2026-05-27T15:14:26.054Z
sensor.shelly_plug_sg3_wk_waschmaschine_wk_waschmaschine_leistung,124.3,2026-05-27T15:14:31.194Z
sensor.shelly_plug_sg3_wk_waschmaschine_wk_waschmaschine_leistung,114.9,2026-05-27T15:14:33.250Z
sensor.shelly_plug_sg3_wk_waschmaschine_wk_waschmaschine_leistung,127.2,2026-05-27T15:14:34.278Z
sensor.shelly_plug_sg3_wk_waschmaschine_wk_waschmaschine_leistung,116.8,2026-05-27T15:14:36.334Z
sensor.shelly_plug_sg3_wk_waschmaschine_wk_waschmaschine_leistung,98.3,2026-05-27T15:14:37.362Z
sensor.shelly_plug_sg3_wk_waschmaschine_wk_waschmaschine_leistung,107.7,2026-05-27T15:14:38.391Z
sensor.shelly_plug_sg3_wk_waschmaschine_wk_waschmaschine_leistung,96.6,2026-05-27T15:14:44.561Z
sensor.shelly_plug_sg3_wk_waschmaschine_wk_waschmaschine_leistung,111.1,2026-05-27T15:14:45.590Z
sensor.shelly_plug_sg3_wk_waschmaschine_wk_waschmaschine_leistung,122.6,2026-05-27T15:14:46.615Z
sensor.shelly_plug_sg3_wk_waschmaschine_wk_waschmaschine_leistung,106.0,2026-05-27T15:14:47.644Z
sensor.shelly_plug_sg3_wk_waschmaschine_wk_waschmaschine_leistung,121.3,2026-05-27T15:14:48.672Z
sensor.shelly_plug_sg3_wk_waschmaschine_wk_waschmaschine_leistung,106.7,2026-05-27T15:14:49.700Z
sensor.shelly_plug_sg3_wk_waschmaschine_wk_waschmaschine_leistung,98.7,2026-05-27T15:14:51.749Z
sensor.shelly_plug_sg3_wk_waschmaschine_wk_waschmaschine_leistung,5.3,2026-05-27T15:14:54.840Z
sensor.shelly_plug_sg3_wk_waschmaschine_wk_waschmaschine_leistung,3.6,2026-05-27T15:14:55.890Z
sensor.shelly_plug_sg3_wk_waschmaschine_wk_waschmaschine_leistung,7.9,2026-05-27T15:14:56.901Z
sensor.shelly_plug_sg3_wk_waschmaschine_wk_waschmaschine_leistung,65.4,2026-05-27T15:14:57.927Z
sensor.shelly_plug_sg3_wk_waschmaschine_wk_waschmaschine_leistung,81.0,2026-05-27T15:14:58.953Z
sensor.shelly_plug_sg3_wk_waschmaschine_wk_waschmaschine_leistung,95.0,2026-05-27T15:14:59.981Z
sensor.shelly_plug_sg3_wk_waschmaschine_wk_waschmaschine_leistung,105.8,2026-05-27T15:15:02.038Z
sensor.shelly_plug_sg3_wk_waschmaschine_wk_waschmaschine_leistung,117.9,2026-05-27T15:15:06.150Z
sensor.shelly_plug_sg3_wk_waschmaschine_wk_waschmaschine_leistung,102.2,2026-05-27T15:15:10.264Z
sensor.shelly_plug_sg3_wk_waschmaschine_wk_waschmaschine_leistung,129.3,2026-05-27T15:15:12.319Z
sensor.shelly_plug_sg3_wk_waschmaschine_wk_waschmaschine_leistung,91.2,2026-05-27T15:15:13.345Z
sensor.shelly_plug_sg3_wk_waschmaschine_wk_waschmaschine_leistung,109.9,2026-05-27T15:15:14.374Z
sensor.shelly_plug_sg3_wk_waschmaschine_wk_waschmaschine_leistung,100.8,2026-05-27T15:15:15.402Z
sensor.shelly_plug_sg3_wk_waschmaschine_wk_waschmaschine_leistung,112.2,2026-05-27T15:15:19.514Z
sensor.shelly_plug_sg3_wk_waschmaschine_wk_waschmaschine_leistung,101.7,2026-05-27T15:15:20.542Z
sensor.shelly_plug_sg3_wk_waschmaschine_wk_waschmaschine_leistung,113.3,2026-05-27T15:15:22.598Z
sensor.shelly_plug_sg3_wk_waschmaschine_wk_waschmaschine_leistung,102.9,2026-05-27T15:15:23.626Z
sensor.shelly_plug_sg3_wk_waschmaschine_wk_waschmaschine_leistung,90.7,2026-05-27T15:15:26.710Z
sensor.shelly_plug_sg3_wk_waschmaschine_wk_waschmaschine_leistung,54.6,2026-05-27T15:15:28.766Z
sensor.shelly_plug_sg3_wk_waschmaschine_wk_waschmaschine_leistung,4.7,2026-05-27T15:15:29.794Z
sensor.shelly_plug_sg3_wk_waschmaschine_wk_waschmaschine_leistung,19.3,2026-05-27T15:15:30.822Z
sensor.shelly_plug_sg3_wk_waschmaschine_wk_waschmaschine_leistung,101.2,2026-05-27T15:15:31.850Z
sensor.shelly_plug_sg3_wk_waschmaschine_wk_waschmaschine_leistung,109.4,2026-05-27T15:15:32.879Z
sensor.shelly_plug_sg3_wk_waschmaschine_wk_waschmaschine_leistung,116.7,2026-05-27T15:15:35.954Z
sensor.shelly_plug_sg3_wk_waschmaschine_wk_waschmaschine_leistung,125.1,2026-05-27T15:15:40.075Z
sensor.shelly_plug_sg3_wk_waschmaschine_wk_waschmaschine_leistung,91.7,2026-05-27T15:15:43.163Z
sensor.shelly_plug_sg3_wk_waschmaschine_wk_waschmaschine_leistung,123.7,2026-05-27T15:15:44.188Z
sensor.shelly_plug_sg3_wk_waschmaschine_wk_waschmaschine_leistung,116.2,2026-05-27T15:15:45.209Z
sensor.shelly_plug_sg3_wk_waschmaschine_wk_waschmaschine_leistung,101.2,2026-05-27T15:15:46.244Z
sensor.shelly_plug_sg3_wk_waschmaschine_wk_waschmaschine_leistung,91.1,2026-05-27T15:15:47.273Z
sensor.shelly_plug_sg3_wk_waschmaschine_wk_waschmaschine_leistung,79.2,2026-05-27T15:15:48.300Z
sensor.shelly_plug_sg3_wk_waschmaschine_wk_waschmaschine_leistung,84.5,2026-05-27T15:15:49.328Z
sensor.shelly_plug_sg3_wk_waschmaschine_wk_waschmaschine_leistung,98.9,2026-05-27T15:15:50.356Z
sensor.shelly_plug_sg3_wk_waschmaschine_wk_waschmaschine_leistung,107.3,2026-05-27T15:15:51.384Z
sensor.shelly_plug_sg3_wk_waschmaschine_wk_waschmaschine_leistung,113.4,2026-05-27T15:15:55.499Z
sensor.shelly_plug_sg3_wk_waschmaschine_wk_waschmaschine_leistung,104.0,2026-05-27T15:15:56.525Z
sensor.shelly_plug_sg3_wk_waschmaschine_wk_waschmaschine_leistung,99.4,2026-05-27T15:16:00.012Z
sensor.shelly_plug_sg3_wk_waschmaschine_wk_waschmaschine_leistung,93.4,2026-05-27T15:16:00.637Z
sensor.shelly_plug_sg3_wk_waschmaschine_wk_waschmaschine_leistung,51.4,2026-05-27T15:16:01.665Z
sensor.shelly_plug_sg3_wk_waschmaschine_wk_waschmaschine_leistung,3.8,2026-05-27T15:16:02.693Z
sensor.shelly_plug_sg3_wk_waschmaschine_wk_waschmaschine_leistung,25.5,2026-05-27T15:16:03.724Z
sensor.shelly_plug_sg3_wk_waschmaschine_wk_waschmaschine_leistung,87.9,2026-05-27T15:16:04.749Z
sensor.shelly_plug_sg3_wk_waschmaschine_wk_waschmaschine_leistung,95.0,2026-05-27T15:16:06.806Z
sensor.shelly_plug_sg3_wk_waschmaschine_wk_waschmaschine_leistung,113.1,2026-05-27T15:16:07.834Z
sensor.shelly_plug_sg3_wk_waschmaschine_wk_waschmaschine_leistung,106.2,2026-05-27T15:16:08.863Z
sensor.shelly_plug_sg3_wk_waschmaschine_wk_waschmaschine_leistung,113.9,2026-05-27T15:16:10.921Z
sensor.shelly_plug_sg3_wk_waschmaschine_wk_waschmaschine_leistung,124.9,2026-05-27T15:16:15.033Z
sensor.shelly_plug_sg3_wk_waschmaschine_wk_waschmaschine_leistung,103.9,2026-05-27T15:16:16.062Z
sensor.shelly_plug_sg3_wk_waschmaschine_wk_waschmaschine_leistung,118.9,2026-05-27T15:16:17.087Z
sensor.shelly_plug_sg3_wk_waschmaschine_wk_waschmaschine_leistung,105.9,2026-05-27T15:16:18.115Z
sensor.shelly_plug_sg3_wk_waschmaschine_wk_waschmaschine_leistung,75.7,2026-05-27T15:16:21.201Z
sensor.shelly_plug_sg3_wk_waschmaschine_wk_waschmaschine_leistung,94.3,2026-05-27T15:16:22.227Z
sensor.shelly_plug_sg3_wk_waschmaschine_wk_waschmaschine_leistung,103.6,2026-05-27T15:16:25.311Z
sensor.shelly_plug_sg3_wk_waschmaschine_wk_waschmaschine_leistung,113.0,2026-05-27T15:16:27.367Z
sensor.shelly_plug_sg3_wk_waschmaschine_wk_waschmaschine_leistung,101.9,2026-05-27T15:16:28.396Z
sensor.shelly_plug_sg3_wk_waschmaschine_wk_waschmaschine_leistung,93.1,2026-05-27T15:16:32.507Z
sensor.shelly_plug_sg3_wk_waschmaschine_wk_waschmaschine_leistung,76.4,2026-05-27T15:16:34.564Z
sensor.shelly_plug_sg3_wk_waschmaschine_wk_waschmaschine_leistung,6.6,2026-05-27T15:16:35.591Z
sensor.shelly_plug_sg3_wk_waschmaschine_wk_waschmaschine_leistung,73.2,2026-05-27T15:16:37.649Z
sensor.shelly_plug_sg3_wk_waschmaschine_wk_waschmaschine_leistung,115.8,2026-05-27T15:16:38.675Z
sensor.shelly_plug_sg3_wk_waschmaschine_wk_waschmaschine_leistung,124.5,2026-05-27T15:16:43.814Z
sensor.shelly_plug_sg3_wk_waschmaschine_wk_waschmaschine_leistung,117.0,2026-05-27T15:16:45.872Z
sensor.shelly_plug_sg3_wk_waschmaschine_wk_waschmaschine_leistung,124.4,2026-05-27T15:16:46.898Z
sensor.shelly_plug_sg3_wk_waschmaschine_wk_waschmaschine_leistung,111.9,2026-05-27T15:16:48.954Z
sensor.shelly_plug_sg3_wk_waschmaschine_wk_waschmaschine_leistung,88.1,2026-05-27T15:16:51.011Z
sensor.shelly_plug_sg3_wk_waschmaschine_wk_waschmaschine_leistung,73.5,2026-05-27T15:16:52.038Z
sensor.shelly_plug_sg3_wk_waschmaschine_wk_waschmaschine_leistung,65.4,2026-05-27T15:16:53.066Z
sensor.shelly_plug_sg3_wk_waschmaschine_wk_waschmaschine_leistung,61.8,2026-05-27T15:16:54.085Z
sensor.shelly_plug_sg3_wk_waschmaschine_wk_waschmaschine_leistung,74.1,2026-05-27T15:16:55.125Z
sensor.shelly_plug_sg3_wk_waschmaschine_wk_waschmaschine_leistung,84.2,2026-05-27T15:16:56.151Z
sensor.shelly_plug_sg3_wk_waschmaschine_wk_waschmaschine_leistung,92.7,2026-05-27T15:16:57.179Z
sensor.shelly_plug_sg3_wk_waschmaschine_wk_waschmaschine_leistung,109.7,2026-05-27T15:16:58.208Z
sensor.shelly_plug_sg3_wk_waschmaschine_wk_waschmaschine_leistung,111.1,2026-05-27T15:17:00.013Z
sensor.shelly_plug_sg3_wk_waschmaschine_wk_waschmaschine_leistung,115.9,2026-05-27T15:17:01.282Z
sensor.shelly_plug_sg3_wk_waschmaschine_wk_waschmaschine_leistung,107.7,2026-05-27T15:17:02.310Z
sensor.shelly_plug_sg3_wk_waschmaschine_wk_waschmaschine_leistung,67.1,2026-05-27T15:17:07.460Z
sensor.shelly_plug_sg3_wk_waschmaschine_wk_waschmaschine_leistung,4.7,2026-05-27T15:17:08.487Z
sensor.shelly_plug_sg3_wk_waschmaschine_wk_waschmaschine_leistung,31.4,2026-05-27T15:17:09.516Z
sensor.shelly_plug_sg3_wk_waschmaschine_wk_waschmaschine_leistung,97.5,2026-05-27T15:17:10.545Z
sensor.shelly_plug_sg3_wk_waschmaschine_wk_waschmaschine_leistung,87.8,2026-05-27T15:17:11.573Z
sensor.shelly_plug_sg3_wk_waschmaschine_wk_waschmaschine_leistung,96.2,2026-05-27T15:17:12.601Z
sensor.shelly_plug_sg3_wk_waschmaschine_wk_waschmaschine_leistung,102.3,2026-05-27T15:17:13.630Z
sensor.shelly_plug_sg3_wk_waschmaschine_wk_waschmaschine_leistung,96.2,2026-05-27T15:17:14.661Z
sensor.shelly_plug_sg3_wk_waschmaschine_wk_waschmaschine_leistung,110.5,2026-05-27T15:17:15.686Z
sensor.shelly_plug_sg3_wk_waschmaschine_wk_waschmaschine_leistung,118.1,2026-05-27T15:17:16.714Z
sensor.shelly_plug_sg3_wk_waschmaschine_wk_waschmaschine_leistung,111.8,2026-05-27T15:17:17.734Z
sensor.shelly_plug_sg3_wk_waschmaschine_wk_waschmaschine_leistung,97.0,2026-05-27T15:17:25.968Z
sensor.shelly_plug_sg3_wk_waschmaschine_wk_waschmaschine_leistung,89.9,2026-05-27T15:17:26.994Z
sensor.shelly_plug_sg3_wk_waschmaschine_wk_waschmaschine_leistung,106.2,2026-05-27T15:17:29.050Z
sensor.shelly_plug_sg3_wk_waschmaschine_wk_waschmaschine_leistung,97.3,2026-05-27T15:17:32.133Z
sensor.shelly_plug_sg3_wk_waschmaschine_wk_waschmaschine_leistung,102.2,2026-05-27T15:17:34.181Z
sensor.shelly_plug_sg3_wk_waschmaschine_wk_waschmaschine_leistung,89.6,2026-05-27T15:17:36.248Z
sensor.shelly_plug_sg3_wk_waschmaschine_wk_waschmaschine_leistung,95.9,2026-05-27T15:17:37.274Z
sensor.shelly_plug_sg3_wk_waschmaschine_wk_waschmaschine_leistung,102.8,2026-05-27T15:17:38.302Z
sensor.shelly_plug_sg3_wk_waschmaschine_wk_waschmaschine_leistung,95.2,2026-05-27T15:17:39.332Z
sensor.shelly_plug_sg3_wk_waschmaschine_wk_waschmaschine_leistung,73.0,2026-05-27T15:17:40.359Z
sensor.shelly_plug_sg3_wk_waschmaschine_wk_waschmaschine_leistung,3.8,2026-05-27T15:17:41.388Z
sensor.shelly_plug_sg3_wk_waschmaschine_wk_waschmaschine_leistung,10.4,2026-05-27T15:17:42.417Z
sensor.shelly_plug_sg3_wk_waschmaschine_wk_waschmaschine_leistung,89.8,2026-05-27T15:17:43.444Z
sensor.shelly_plug_sg3_wk_waschmaschine_wk_waschmaschine_leistung,124.5,2026-05-27T15:17:44.472Z
sensor.shelly_plug_sg3_wk_waschmaschine_wk_waschmaschine_leistung,116.9,2026-05-27T15:17:45.500Z
sensor.shelly_plug_sg3_wk_waschmaschine_wk_waschmaschine_leistung,124.4,2026-05-27T15:17:48.584Z
sensor.shelly_plug_sg3_wk_waschmaschine_wk_waschmaschine_leistung,112.6,2026-05-27T15:17:51.668Z
sensor.shelly_plug_sg3_wk_waschmaschine_wk_waschmaschine_leistung,103.3,2026-05-27T15:17:54.755Z
sensor.shelly_plug_sg3_wk_waschmaschine_wk_waschmaschine_leistung,96.3,2026-05-27T15:17:59.891Z
sensor.shelly_plug_sg3_wk_waschmaschine_wk_waschmaschine_leistung,103.3,2026-05-27T15:18:00.920Z
sensor.shelly_plug_sg3_wk_waschmaschine_wk_waschmaschine_leistung,91.8,2026-05-27T15:18:01.948Z
sensor.shelly_plug_sg3_wk_waschmaschine_wk_waschmaschine_leistung,101.4,2026-05-27T15:18:02.977Z
sensor.shelly_plug_sg3_wk_waschmaschine_wk_waschmaschine_leistung,116.3,2026-05-27T15:18:04.007Z
sensor.shelly_plug_sg3_wk_waschmaschine_wk_waschmaschine_leistung,104.5,2026-05-27T15:18:05.033Z
sensor.shelly_plug_sg3_wk_waschmaschine_wk_waschmaschine_leistung,111.2,2026-05-27T15:18:06.052Z
sensor.shelly_plug_sg3_wk_waschmaschine_wk_waschmaschine_leistung,100.7,2026-05-27T15:18:07.080Z
sensor.shelly_plug_sg3_wk_waschmaschine_wk_waschmaschine_leistung,116.8,2026-05-27T15:18:09.150Z
sensor.shelly_plug_sg3_wk_waschmaschine_wk_waschmaschine_leistung,108.1,2026-05-27T15:18:10.174Z
sensor.shelly_plug_sg3_wk_waschmaschine_wk_waschmaschine_leistung,102.0,2026-05-27T15:18:11.193Z
sensor.shelly_plug_sg3_wk_waschmaschine_wk_waschmaschine_leistung,59.8,2026-05-27T15:18:13.258Z
sensor.shelly_plug_sg3_wk_waschmaschine_wk_waschmaschine_leistung,3.6,2026-05-27T15:18:14.287Z
sensor.shelly_plug_sg3_wk_waschmaschine_wk_waschmaschine_leistung,15.2,2026-05-27T15:18:15.318Z
sensor.shelly_plug_sg3_wk_waschmaschine_wk_waschmaschine_leistung,70.1,2026-05-27T15:18:16.347Z
sensor.shelly_plug_sg3_wk_waschmaschine_wk_waschmaschine_leistung,98.9,2026-05-27T15:18:17.373Z
sensor.shelly_plug_sg3_wk_waschmaschine_wk_waschmaschine_leistung,108.5,2026-05-27T15:18:19.431Z
sensor.shelly_plug_sg3_wk_waschmaschine_wk_waschmaschine_leistung,115.3,2026-05-27T15:18:22.515Z
sensor.shelly_plug_sg3_wk_waschmaschine_wk_waschmaschine_leistung,108.6,2026-05-27T15:18:25.597Z
sensor.shelly_plug_sg3_wk_waschmaschine_wk_waschmaschine_leistung,124.7,2026-05-27T15:18:26.625Z
sensor.shelly_plug_sg3_wk_waschmaschine_wk_waschmaschine_leistung,113.3,2026-05-27T15:18:27.654Z
sensor.shelly_plug_sg3_wk_waschmaschine_wk_waschmaschine_leistung,127.0,2026-05-27T15:18:28.682Z
sensor.shelly_plug_sg3_wk_waschmaschine_wk_waschmaschine_leistung,120.2,2026-05-27T15:18:29.701Z
sensor.shelly_plug_sg3_wk_waschmaschine_wk_waschmaschine_leistung,94.3,2026-05-27T15:18:30.740Z
sensor.shelly_plug_sg3_wk_waschmaschine_wk_waschmaschine_leistung,106.3,2026-05-27T15:18:31.767Z
sensor.shelly_plug_sg3_wk_waschmaschine_wk_waschmaschine_leistung,70.9,2026-05-27T15:18:32.795Z
sensor.shelly_plug_sg3_wk_waschmaschine_wk_waschmaschine_leistung,84.7,2026-05-27T15:18:33.824Z
sensor.shelly_plug_sg3_wk_waschmaschine_wk_waschmaschine_leistung,104.4,2026-05-27T15:18:34.854Z
sensor.shelly_plug_sg3_wk_waschmaschine_wk_waschmaschine_leistung,89.6,2026-05-27T15:18:35.882Z
sensor.shelly_plug_sg3_wk_waschmaschine_wk_waschmaschine_leistung,98.6,2026-05-27T15:18:37.936Z
sensor.shelly_plug_sg3_wk_waschmaschine_wk_waschmaschine_leistung,90.1,2026-05-27T15:18:42.048Z
sensor.shelly_plug_sg3_wk_waschmaschine_wk_waschmaschine_leistung,73.6,2026-05-27T15:18:46.162Z
sensor.shelly_plug_sg3_wk_waschmaschine_wk_waschmaschine_leistung,3.7,2026-05-27T15:18:47.186Z
sensor.shelly_plug_sg3_wk_waschmaschine_wk_waschmaschine_leistung,6.0,2026-05-27T15:18:48.205Z
sensor.shelly_plug_sg3_wk_waschmaschine_wk_waschmaschine_leistung,65.3,2026-05-27T15:18:49.243Z
sensor.shelly_plug_sg3_wk_waschmaschine_wk_waschmaschine_leistung,98.1,2026-05-27T15:18:50.271Z
sensor.shelly_plug_sg3_wk_waschmaschine_wk_waschmaschine_leistung,117.3,2026-05-27T15:18:51.299Z
sensor.shelly_plug_sg3_wk_waschmaschine_wk_waschmaschine_leistung,110.5,2026-05-27T15:18:52.318Z
sensor.shelly_plug_sg3_wk_waschmaschine_wk_waschmaschine_leistung,116.5,2026-05-27T15:18:53.348Z
sensor.shelly_plug_sg3_wk_waschmaschine_wk_waschmaschine_leistung,112.1,2026-05-27T15:19:00.008Z
sensor.shelly_plug_sg3_wk_waschmaschine_wk_waschmaschine_leistung,99.1,2026-05-27T15:19:00.554Z
sensor.shelly_plug_sg3_wk_waschmaschine_wk_waschmaschine_leistung,85.8,2026-05-27T15:19:01.580Z
sensor.shelly_plug_sg3_wk_waschmaschine_wk_waschmaschine_leistung,109.5,2026-05-27T15:19:02.611Z
sensor.shelly_plug_sg3_wk_waschmaschine_wk_waschmaschine_leistung,99.0,2026-05-27T15:19:03.636Z
sensor.shelly_plug_sg3_wk_waschmaschine_wk_waschmaschine_leistung,82.1,2026-05-27T15:19:05.694Z
sensor.shelly_plug_sg3_wk_waschmaschine_wk_waschmaschine_leistung,88.5,2026-05-27T15:19:06.712Z
sensor.shelly_plug_sg3_wk_waschmaschine_wk_waschmaschine_leistung,107.8,2026-05-27T15:19:07.750Z
sensor.shelly_plug_sg3_wk_waschmaschine_wk_waschmaschine_leistung,100.7,2026-05-27T15:19:08.778Z
sensor.shelly_plug_sg3_wk_waschmaschine_wk_waschmaschine_leistung,105.9,2026-05-27T15:19:09.796Z
sensor.shelly_plug_sg3_wk_waschmaschine_wk_waschmaschine_leistung,115.4,2026-05-27T15:19:11.863Z
sensor.shelly_plug_sg3_wk_waschmaschine_wk_waschmaschine_leistung,108.9,2026-05-27T15:19:12.891Z
sensor.shelly_plug_sg3_wk_waschmaschine_wk_waschmaschine_leistung,100.1,2026-05-27T15:19:17.003Z
sensor.shelly_plug_sg3_wk_waschmaschine_wk_waschmaschine_leistung,71.5,2026-05-27T15:19:19.059Z
sensor.shelly_plug_sg3_wk_waschmaschine_wk_waschmaschine_leistung,3.6,2026-05-27T15:19:20.086Z
sensor.shelly_plug_sg3_wk_waschmaschine_wk_waschmaschine_leistung,9.1,2026-05-27T15:19:21.115Z
sensor.shelly_plug_sg3_wk_waschmaschine_wk_waschmaschine_leistung,68.7,2026-05-27T15:19:22.143Z
sensor.shelly_plug_sg3_wk_waschmaschine_wk_waschmaschine_leistung,84.0,2026-05-27T15:19:23.174Z
sensor.shelly_plug_sg3_wk_waschmaschine_wk_waschmaschine_leistung,97.0,2026-05-27T15:19:24.200Z
sensor.shelly_plug_sg3_wk_waschmaschine_wk_waschmaschine_leistung,107.0,2026-05-27T15:19:26.256Z
sensor.shelly_plug_sg3_wk_waschmaschine_wk_waschmaschine_leistung,118.5,2026-05-27T15:19:28.312Z
sensor.shelly_plug_sg3_wk_waschmaschine_wk_waschmaschine_leistung,109.3,2026-05-27T15:19:30.368Z
sensor.shelly_plug_sg3_wk_waschmaschine_wk_waschmaschine_leistung,118.9,2026-05-27T15:19:32.426Z
sensor.shelly_plug_sg3_wk_waschmaschine_wk_waschmaschine_leistung,110.8,2026-05-27T15:19:33.452Z
sensor.shelly_plug_sg3_wk_waschmaschine_wk_waschmaschine_leistung,82.6,2026-05-27T15:19:35.508Z
sensor.shelly_plug_sg3_wk_waschmaschine_wk_waschmaschine_leistung,75.2,2026-05-27T15:19:36.536Z
sensor.shelly_plug_sg3_wk_waschmaschine_wk_waschmaschine_leistung,84.8,2026-05-27T15:19:37.566Z
sensor.shelly_plug_sg3_wk_waschmaschine_wk_waschmaschine_leistung,94.5,2026-05-27T15:19:38.592Z
sensor.shelly_plug_sg3_wk_waschmaschine_wk_waschmaschine_leistung,104.0,2026-05-27T15:19:39.621Z
sensor.shelly_plug_sg3_wk_waschmaschine_wk_waschmaschine_leistung,96.2,2026-05-27T15:19:40.649Z
sensor.shelly_plug_sg3_wk_waschmaschine_wk_waschmaschine_leistung,91.3,2026-05-27T15:19:42.696Z
sensor.shelly_plug_sg3_wk_waschmaschine_wk_waschmaschine_leistung,105.4,2026-05-27T15:19:44.762Z
sensor.shelly_plug_sg3_wk_waschmaschine_wk_waschmaschine_leistung,99.6,2026-05-27T15:19:46.807Z
sensor.shelly_plug_sg3_wk_waschmaschine_wk_waschmaschine_leistung,91.4,2026-05-27T15:19:48.873Z
sensor.shelly_plug_sg3_wk_waschmaschine_wk_waschmaschine_leistung,86.4,2026-05-27T15:19:50.929Z
sensor.shelly_plug_sg3_wk_waschmaschine_wk_waschmaschine_leistung,6.9,2026-05-27T15:19:51.959Z
sensor.shelly_plug_sg3_wk_waschmaschine_wk_waschmaschine_leistung,3.7,2026-05-27T15:19:52.990Z
sensor.shelly_plug_sg3_wk_waschmaschine_wk_waschmaschine_leistung,5.5,2026-05-27T15:19:54.004Z
sensor.shelly_plug_sg3_wk_waschmaschine_wk_waschmaschine_leistung,72.2,2026-05-27T15:19:55.042Z
sensor.shelly_plug_sg3_wk_waschmaschine_wk_waschmaschine_leistung,99.9,2026-05-27T15:19:56.071Z
sensor.shelly_plug_sg3_wk_waschmaschine_wk_waschmaschine_leistung,113.9,2026-05-27T15:19:57.098Z
sensor.shelly_plug_sg3_wk_waschmaschine_wk_waschmaschine_leistung,103.9,2026-05-27T15:19:58.126Z
sensor.shelly_plug_sg3_wk_waschmaschine_wk_waschmaschine_leistung,117.2,2026-05-27T15:19:59.154Z
sensor.shelly_plug_sg3_wk_waschmaschine_wk_waschmaschine_leistung,106.0,2026-05-27T15:20:07.370Z
sensor.shelly_plug_sg3_wk_waschmaschine_wk_waschmaschine_leistung,86.4,2026-05-27T15:20:09.434Z
sensor.shelly_plug_sg3_wk_waschmaschine_wk_waschmaschine_leistung,91.4,2026-05-27T15:20:11.483Z
sensor.shelly_plug_sg3_wk_waschmaschine_wk_waschmaschine_leistung,111.2,2026-05-27T15:20:13.549Z
sensor.shelly_plug_sg3_wk_waschmaschine_wk_waschmaschine_leistung,117.9,2026-05-27T15:20:14.575Z
sensor.shelly_plug_sg3_wk_waschmaschine_wk_waschmaschine_leistung,103.3,2026-05-27T15:20:15.603Z
sensor.shelly_plug_sg3_wk_waschmaschine_wk_waschmaschine_leistung,96.5,2026-05-27T15:20:22.799Z
sensor.shelly_plug_sg3_wk_waschmaschine_wk_waschmaschine_leistung,5.0,2026-05-27T15:20:24.857Z
sensor.shelly_plug_sg3_wk_waschmaschine_wk_waschmaschine_leistung,3.6,2026-05-27T15:20:25.873Z
sensor.shelly_plug_sg3_wk_waschmaschine_wk_waschmaschine_leistung,8.2,2026-05-27T15:20:26.903Z
sensor.shelly_plug_sg3_wk_waschmaschine_wk_waschmaschine_leistung,67.4,2026-05-27T15:20:27.939Z
sensor.shelly_plug_sg3_wk_waschmaschine_wk_waschmaschine_leistung,95.5,2026-05-27T15:20:28.967Z
sensor.shelly_plug_sg3_wk_waschmaschine_wk_waschmaschine_leistung,100.3,2026-05-27T15:20:31.024Z
sensor.shelly_plug_sg3_wk_waschmaschine_wk_waschmaschine_leistung,105.4,2026-05-27T15:20:32.042Z
sensor.shelly_plug_sg3_wk_waschmaschine_wk_waschmaschine_leistung,112.3,2026-05-27T15:20:34.108Z
sensor.shelly_plug_sg3_wk_waschmaschine_wk_waschmaschine_leistung,118.0,2026-05-27T15:20:35.130Z
sensor.shelly_plug_sg3_wk_waschmaschine_wk_waschmaschine_leistung,106.2,2026-05-27T15:20:36.155Z
sensor.shelly_plug_sg3_wk_waschmaschine_wk_waschmaschine_leistung,117.1,2026-05-27T15:20:37.183Z
sensor.shelly_plug_sg3_wk_waschmaschine_wk_waschmaschine_leistung,109.6,2026-05-27T15:20:39.242Z
sensor.shelly_plug_sg3_wk_waschmaschine_wk_waschmaschine_leistung,116.7,2026-05-27T15:20:41.295Z
sensor.shelly_plug_sg3_wk_waschmaschine_wk_waschmaschine_leistung,88.6,2026-05-27T15:20:42.339Z
sensor.shelly_plug_sg3_wk_waschmaschine_wk_waschmaschine_leistung,76.8,2026-05-27T15:20:43.360Z
sensor.shelly_plug_sg3_wk_waschmaschine_wk_waschmaschine_leistung,89.0,2026-05-27T15:20:44.389Z
sensor.shelly_plug_sg3_wk_waschmaschine_wk_waschmaschine_leistung,96.7,2026-05-27T15:20:45.417Z
sensor.shelly_plug_sg3_wk_waschmaschine_wk_waschmaschine_leistung,102.8,2026-05-27T15:20:46.445Z
sensor.shelly_plug_sg3_wk_waschmaschine_wk_waschmaschine_leistung,90.5,2026-05-27T15:20:47.473Z
sensor.shelly_plug_sg3_wk_waschmaschine_wk_waschmaschine_leistung,104.3,2026-05-27T15:20:48.502Z
sensor.shelly_plug_sg3_wk_waschmaschine_wk_waschmaschine_leistung,97.8,2026-05-27T15:20:52.615Z
sensor.shelly_plug_sg3_wk_waschmaschine_wk_waschmaschine_leistung,92.4,2026-05-27T15:20:55.691Z
sensor.shelly_plug_sg3_wk_waschmaschine_wk_waschmaschine_leistung,97.6,2026-05-27T15:20:56.718Z
sensor.shelly_plug_sg3_wk_waschmaschine_wk_waschmaschine_leistung,12.4,2026-05-27T15:20:57.754Z
sensor.shelly_plug_sg3_wk_waschmaschine_wk_waschmaschine_leistung,3.9,2026-05-27T15:20:58.782Z
sensor.shelly_plug_sg3_wk_waschmaschine_wk_waschmaschine_leistung,116.1,2026-05-27T15:21:00.838Z
sensor.shelly_plug_sg3_wk_waschmaschine_wk_waschmaschine_leistung,104.4,2026-05-27T15:21:01.866Z
sensor.shelly_plug_sg3_wk_waschmaschine_wk_waschmaschine_leistung,118.3,2026-05-27T15:21:02.894Z
sensor.shelly_plug_sg3_wk_waschmaschine_wk_waschmaschine_leistung,109.1,2026-05-27T15:21:08.034Z
sensor.shelly_plug_sg3_wk_waschmaschine_wk_waschmaschine_leistung,125.8,2026-05-27T15:21:09.079Z
sensor.shelly_plug_sg3_wk_waschmaschine_wk_waschmaschine_leistung,119.3,2026-05-27T15:21:13.175Z
sensor.shelly_plug_sg3_wk_waschmaschine_wk_waschmaschine_leistung,101.0,2026-05-27T15:21:15.230Z
sensor.shelly_plug_sg3_wk_waschmaschine_wk_waschmaschine_leistung,89.0,2026-05-27T15:21:16.258Z
sensor.shelly_plug_sg3_wk_waschmaschine_wk_waschmaschine_leistung,82.7,2026-05-27T15:21:17.287Z
sensor.shelly_plug_sg3_wk_waschmaschine_wk_waschmaschine_leistung,105.8,2026-05-27T15:21:18.315Z
sensor.shelly_plug_sg3_wk_waschmaschine_wk_waschmaschine_leistung,116.7,2026-05-27T15:21:20.371Z
sensor.shelly_plug_sg3_wk_waschmaschine_wk_waschmaschine_leistung,109.2,2026-05-27T15:21:24.484Z
sensor.shelly_plug_sg3_wk_waschmaschine_wk_waschmaschine_leistung,115.5,2026-05-27T15:21:25.513Z
sensor.shelly_plug_sg3_wk_waschmaschine_wk_waschmaschine_leistung,104.6,2026-05-27T15:21:26.543Z
sensor.shelly_plug_sg3_wk_waschmaschine_wk_waschmaschine_leistung,95.9,2026-05-27T15:21:27.571Z
sensor.shelly_plug_sg3_wk_waschmaschine_wk_waschmaschine_leistung,101.6,2026-05-27T15:21:28.600Z
sensor.shelly_plug_sg3_wk_waschmaschine_wk_waschmaschine_leistung,90.8,2026-05-27T15:21:29.629Z
sensor.shelly_plug_sg3_wk_waschmaschine_wk_waschmaschine_leistung,7.2,2026-05-27T15:21:30.654Z
sensor.shelly_plug_sg3_wk_waschmaschine_wk_waschmaschine_leistung,3.6,2026-05-27T15:21:31.685Z
sensor.shelly_plug_sg3_wk_waschmaschine_wk_waschmaschine_leistung,5.0,2026-05-27T15:21:32.701Z
sensor.shelly_plug_sg3_wk_waschmaschine_wk_waschmaschine_leistung,102.2,2026-05-27T15:21:33.739Z
sensor.shelly_plug_sg3_wk_waschmaschine_wk_waschmaschine_leistung,89.5,2026-05-27T15:21:34.767Z
sensor.shelly_plug_sg3_wk_waschmaschine_wk_waschmaschine_leistung,102.2,2026-05-27T15:21:35.795Z
sensor.shelly_plug_sg3_wk_waschmaschine_wk_waschmaschine_leistung,110.5,2026-05-27T15:21:38.879Z
sensor.shelly_plug_sg3_wk_waschmaschine_wk_waschmaschine_leistung,116.2,2026-05-27T15:21:41.956Z
sensor.shelly_plug_sg3_wk_waschmaschine_wk_waschmaschine_leistung,100.3,2026-05-27T15:21:46.081Z
sensor.shelly_plug_sg3_wk_waschmaschine_wk_waschmaschine_leistung,85.7,2026-05-27T15:21:49.160Z
sensor.shelly_plug_sg3_wk_waschmaschine_wk_waschmaschine_leistung,93.1,2026-05-27T15:21:50.188Z
sensor.shelly_plug_sg3_wk_waschmaschine_wk_waschmaschine_leistung,102.7,2026-05-27T15:21:51.219Z
sensor.shelly_plug_sg3_wk_waschmaschine_wk_waschmaschine_leistung,114.0,2026-05-27T15:21:52.244Z
sensor.shelly_plug_sg3_wk_waschmaschine_wk_waschmaschine_leistung,104.3,2026-05-27T15:21:55.328Z
sensor.shelly_plug_sg3_wk_waschmaschine_wk_waschmaschine_leistung,103.6,2026-05-27T15:22:00.003Z
sensor.shelly_plug_sg3_wk_waschmaschine_wk_waschmaschine_leistung,86.8,2026-05-27T15:22:01.496Z
sensor.shelly_plug_sg3_wk_waschmaschine_wk_waschmaschine_leistung,98.0,2026-05-27T15:22:02.524Z
sensor.shelly_plug_sg3_wk_waschmaschine_wk_waschmaschine_leistung,23.4,2026-05-27T15:22:03.552Z
sensor.shelly_plug_sg3_wk_waschmaschine_wk_waschmaschine_leistung,4.1,2026-05-27T15:22:04.580Z
sensor.shelly_plug_sg3_wk_waschmaschine_wk_waschmaschine_leistung,121.5,2026-05-27T15:22:06.637Z
sensor.shelly_plug_sg3_wk_waschmaschine_wk_waschmaschine_leistung,109.0,2026-05-27T15:22:07.666Z
sensor.shelly_plug_sg3_wk_waschmaschine_wk_waschmaschine_leistung,118.7,2026-05-27T15:22:12.804Z
sensor.shelly_plug_sg3_wk_waschmaschine_wk_waschmaschine_leistung,127.6,2026-05-27T15:22:17.946Z
sensor.shelly_plug_sg3_wk_waschmaschine_wk_waschmaschine_leistung,115.2,2026-05-27T15:22:18.973Z
sensor.shelly_plug_sg3_wk_waschmaschine_wk_waschmaschine_leistung,107.6,2026-05-27T15:22:20.001Z
sensor.shelly_plug_sg3_wk_waschmaschine_wk_waschmaschine_leistung,96.6,2026-05-27T15:22:21.029Z
sensor.shelly_plug_sg3_wk_waschmaschine_wk_waschmaschine_leistung,103.1,2026-05-27T15:22:22.059Z
sensor.shelly_plug_sg3_wk_waschmaschine_wk_waschmaschine_leistung,89.0,2026-05-27T15:22:24.113Z
sensor.shelly_plug_sg3_wk_waschmaschine_wk_waschmaschine_leistung,114.9,2026-05-27T15:22:26.171Z
sensor.shelly_plug_sg3_wk_waschmaschine_wk_waschmaschine_leistung,121.4,2026-05-27T15:22:30.281Z
sensor.shelly_plug_sg3_wk_waschmaschine_wk_waschmaschine_leistung,110.5,2026-05-27T15:22:31.310Z
sensor.shelly_plug_sg3_wk_waschmaschine_wk_waschmaschine_leistung,101.7,2026-05-27T15:22:34.396Z
sensor.shelly_plug_sg3_wk_waschmaschine_wk_waschmaschine_leistung,63.8,2026-05-27T15:22:37.479Z
sensor.shelly_plug_sg3_wk_waschmaschine_wk_waschmaschine_leistung,4.2,2026-05-27T15:22:38.507Z
sensor.shelly_plug_sg3_wk_waschmaschine_wk_waschmaschine_leistung,36.2,2026-05-27T15:22:39.535Z
sensor.shelly_plug_sg3_wk_waschmaschine_wk_waschmaschine_leistung,100.3,2026-05-27T15:22:40.563Z
sensor.shelly_plug_sg3_wk_waschmaschine_wk_waschmaschine_leistung,94.6,2026-05-27T15:22:41.591Z
sensor.shelly_plug_sg3_wk_waschmaschine_wk_waschmaschine_leistung,105.0,2026-05-27T15:22:43.650Z
sensor.shelly_plug_sg3_wk_waschmaschine_wk_waschmaschine_leistung,110.5,2026-05-27T15:22:44.666Z
sensor.shelly_plug_sg3_wk_waschmaschine_wk_waschmaschine_leistung,118.3,2026-05-27T15:22:46.734Z
sensor.shelly_plug_sg3_wk_waschmaschine_wk_waschmaschine_leistung,97.4,2026-05-27T15:22:50.842Z
sensor.shelly_plug_sg3_wk_waschmaschine_wk_waschmaschine_leistung,110.6,2026-05-27T15:22:51.871Z
sensor.shelly_plug_sg3_wk_waschmaschine_wk_waschmaschine_leistung,101.5,2026-05-27T15:22:52.902Z
sensor.shelly_plug_sg3_wk_waschmaschine_wk_waschmaschine_leistung,91.9,2026-05-27T15:22:55.982Z
sensor.shelly_plug_sg3_wk_waschmaschine_wk_waschmaschine_leistung,98.3,2026-05-27T15:22:58.038Z
sensor.shelly_plug_sg3_wk_waschmaschine_wk_waschmaschine_leistung,107.9,2026-05-27T15:22:59.069Z
sensor.shelly_plug_sg3_wk_waschmaschine_wk_waschmaschine_leistung,99.0,2026-05-27T15:23:01.124Z
sensor.shelly_plug_sg3_wk_waschmaschine_wk_waschmaschine_leistung,111.3,2026-05-27T15:23:04.206Z
sensor.shelly_plug_sg3_wk_waschmaschine_wk_waschmaschine_leistung,101.1,2026-05-27T15:23:06.262Z
sensor.shelly_plug_sg3_wk_waschmaschine_wk_waschmaschine_leistung,95.0,2026-05-27T15:23:07.290Z
sensor.shelly_plug_sg3_wk_waschmaschine_wk_waschmaschine_leistung,88.5,2026-05-27T15:23:08.319Z
sensor.shelly_plug_sg3_wk_waschmaschine_wk_waschmaschine_leistung,75.4,2026-05-27T15:23:10.375Z
sensor.shelly_plug_sg3_wk_waschmaschine_wk_waschmaschine_leistung,3.6,2026-05-27T15:23:11.405Z
sensor.shelly_plug_sg3_wk_waschmaschine_wk_waschmaschine_leistung,6.4,2026-05-27T15:23:12.421Z
sensor.shelly_plug_sg3_wk_waschmaschine_wk_waschmaschine_leistung,67.8,2026-05-27T15:23:13.461Z
sensor.shelly_plug_sg3_wk_waschmaschine_wk_waschmaschine_leistung,117.2,2026-05-27T15:23:14.487Z
sensor.shelly_plug_sg3_wk_waschmaschine_wk_waschmaschine_leistung,108.4,2026-05-27T15:23:16.543Z
sensor.shelly_plug_sg3_wk_waschmaschine_wk_waschmaschine_leistung,119.9,2026-05-27T15:23:18.599Z
sensor.shelly_plug_sg3_wk_waschmaschine_wk_waschmaschine_leistung,133.8,2026-05-27T15:23:25.795Z
sensor.shelly_plug_sg3_wk_waschmaschine_wk_waschmaschine_leistung,125.9,2026-05-27T15:23:31.954Z
sensor.shelly_plug_sg3_wk_waschmaschine_wk_waschmaschine_leistung,118.5,2026-05-27T15:23:32.992Z
sensor.shelly_plug_sg3_wk_waschmaschine_wk_waschmaschine_leistung,108.1,2026-05-27T15:23:36.077Z
sensor.shelly_plug_sg3_wk_waschmaschine_wk_waschmaschine_leistung,98.8,2026-05-27T15:23:38.131Z
sensor.shelly_plug_sg3_wk_waschmaschine_wk_waschmaschine_leistung,2315.0,2026-05-27T15:23:41.216Z
sensor.shelly_plug_sg3_wk_waschmaschine_wk_waschmaschine_leistung,2289.0,2026-05-27T15:23:59.994Z
sensor.shelly_plug_sg3_wk_waschmaschine_wk_waschmaschine_leistung,2189.3,2026-05-27T15:24:17.182Z
sensor.shelly_plug_sg3_wk_waschmaschine_wk_waschmaschine_leistung,462.0,2026-05-27T15:24:26.445Z
sensor.shelly_plug_sg3_wk_waschmaschine_wk_waschmaschine_leistung,113.7,2026-05-27T15:24:27.471Z
sensor.shelly_plug_sg3_wk_waschmaschine_wk_waschmaschine_leistung,96.5,2026-05-27T15:24:30.557Z
sensor.shelly_plug_sg3_wk_waschmaschine_wk_waschmaschine_leistung,110.4,2026-05-27T15:24:31.584Z
sensor.shelly_plug_sg3_wk_waschmaschine_wk_waschmaschine_leistung,98.3,2026-05-27T15:24:32.612Z
sensor.shelly_plug_sg3_wk_waschmaschine_wk_waschmaschine_leistung,88.9,2026-05-27T15:24:33.640Z
sensor.shelly_plug_sg3_wk_waschmaschine_wk_waschmaschine_leistung,71.8,2026-05-27T15:24:34.668Z
sensor.shelly_plug_sg3_wk_waschmaschine_wk_waschmaschine_leistung,112.2,2026-05-27T15:24:37.753Z
sensor.shelly_plug_sg3_wk_waschmaschine_wk_waschmaschine_leistung,100.0,2026-05-27T15:24:38.781Z
sensor.shelly_plug_sg3_wk_waschmaschine_wk_waschmaschine_leistung,110.3,2026-05-27T15:24:39.814Z
sensor.shelly_plug_sg3_wk_waschmaschine_wk_waschmaschine_leistung,119.0,2026-05-27T15:24:40.839Z
sensor.shelly_plug_sg3_wk_waschmaschine_wk_waschmaschine_leistung,106.0,2026-05-27T15:24:41.866Z
sensor.shelly_plug_sg3_wk_waschmaschine_wk_waschmaschine_leistung,111.7,2026-05-27T15:24:42.886Z
sensor.shelly_plug_sg3_wk_waschmaschine_wk_waschmaschine_leistung,105.4,2026-05-27T15:24:43.917Z
sensor.shelly_plug_sg3_wk_waschmaschine_wk_waschmaschine_leistung,98.6,2026-05-27T15:24:45.982Z
sensor.shelly_plug_sg3_wk_waschmaschine_wk_waschmaschine_leistung,103.8,2026-05-27T15:24:47.009Z
sensor.shelly_plug_sg3_wk_waschmaschine_wk_waschmaschine_leistung,82.6,2026-05-27T15:24:49.063Z
sensor.shelly_plug_sg3_wk_waschmaschine_wk_waschmaschine_leistung,3.6,2026-05-27T15:24:50.093Z
sensor.shelly_plug_sg3_wk_waschmaschine_wk_waschmaschine_leistung,17.2,2026-05-27T15:24:51.120Z
sensor.shelly_plug_sg3_wk_waschmaschine_wk_waschmaschine_leistung,91.0,2026-05-27T15:24:52.148Z
sensor.shelly_plug_sg3_wk_waschmaschine_wk_waschmaschine_leistung,101.3,2026-05-27T15:24:54.206Z
sensor.shelly_plug_sg3_wk_waschmaschine_wk_waschmaschine_leistung,117.0,2026-05-27T15:24:57.288Z
sensor.shelly_plug_sg3_wk_waschmaschine_wk_waschmaschine_leistung,110.1,2026-05-27T15:24:58.317Z
sensor.shelly_plug_sg3_wk_waschmaschine_wk_waschmaschine_leistung,113.9,2026-05-27T15:24:59.991Z
sensor.shelly_plug_sg3_wk_waschmaschine_wk_waschmaschine_leistung,102.3,2026-05-27T15:25:04.484Z
sensor.shelly_plug_sg3_wk_waschmaschine_wk_waschmaschine_leistung,67.3,2026-05-27T15:25:07.568Z
sensor.shelly_plug_sg3_wk_waschmaschine_wk_waschmaschine_leistung,87.4,2026-05-27T15:25:09.624Z
sensor.shelly_plug_sg3_wk_waschmaschine_wk_waschmaschine_leistung,101.6,2026-05-27T15:25:10.653Z
sensor.shelly_plug_sg3_wk_waschmaschine_wk_waschmaschine_leistung,91.4,2026-05-27T15:25:18.877Z
sensor.shelly_plug_sg3_wk_waschmaschine_wk_waschmaschine_leistung,96.8,2026-05-27T15:25:19.905Z
sensor.shelly_plug_sg3_wk_waschmaschine_wk_waschmaschine_leistung,88.5,2026-05-27T15:25:20.934Z
sensor.shelly_plug_sg3_wk_waschmaschine_wk_waschmaschine_leistung,8.0,2026-05-27T15:25:21.963Z
sensor.shelly_plug_sg3_wk_waschmaschine_wk_waschmaschine_leistung,3.9,2026-05-27T15:25:22.990Z
sensor.shelly_plug_sg3_wk_waschmaschine_wk_waschmaschine_leistung,5.2,2026-05-27T15:25:24.009Z
sensor.shelly_plug_sg3_wk_waschmaschine_wk_waschmaschine_leistung,67.7,2026-05-27T15:25:25.046Z
sensor.shelly_plug_sg3_wk_waschmaschine_wk_waschmaschine_leistung,112.0,2026-05-27T15:25:26.075Z
sensor.shelly_plug_sg3_wk_waschmaschine_wk_waschmaschine_leistung,117.6,2026-05-27T15:25:29.150Z
sensor.shelly_plug_sg3_wk_waschmaschine_wk_waschmaschine_leistung,128.4,2026-05-27T15:25:31.215Z
sensor.shelly_plug_sg3_wk_waschmaschine_wk_waschmaschine_leistung,119.8,2026-05-27T15:25:32.243Z
sensor.shelly_plug_sg3_wk_waschmaschine_wk_waschmaschine_leistung,131.0,2026-05-27T15:25:33.273Z
sensor.shelly_plug_sg3_wk_waschmaschine_wk_waschmaschine_leistung,119.4,2026-05-27T15:25:35.327Z
sensor.shelly_plug_sg3_wk_waschmaschine_wk_waschmaschine_leistung,111.1,2026-05-27T15:25:36.355Z
sensor.shelly_plug_sg3_wk_waschmaschine_wk_waschmaschine_leistung,101.6,2026-05-27T15:25:38.414Z
sensor.shelly_plug_sg3_wk_waschmaschine_wk_waschmaschine_leistung,94.5,2026-05-27T15:25:39.440Z
sensor.shelly_plug_sg3_wk_waschmaschine_wk_waschmaschine_leistung,86.2,2026-05-27T15:25:40.461Z
sensor.shelly_plug_sg3_wk_waschmaschine_wk_waschmaschine_leistung,110.9,2026-05-27T15:25:41.499Z
sensor.shelly_plug_sg3_wk_waschmaschine_wk_waschmaschine_leistung,116.7,2026-05-27T15:25:44.582Z
sensor.shelly_plug_sg3_wk_waschmaschine_wk_waschmaschine_leistung,96.4,2026-05-27T15:25:45.610Z
sensor.shelly_plug_sg3_wk_waschmaschine_wk_waschmaschine_leistung,111.6,2026-05-27T15:25:46.637Z
sensor.shelly_plug_sg3_wk_waschmaschine_wk_waschmaschine_leistung,105.9,2026-05-27T15:25:49.714Z
sensor.shelly_plug_sg3_wk_waschmaschine_wk_waschmaschine_leistung,98.4,2026-05-27T15:25:51.779Z
sensor.shelly_plug_sg3_wk_waschmaschine_wk_waschmaschine_leistung,5.7,2026-05-27T15:25:54.860Z
sensor.shelly_plug_sg3_wk_waschmaschine_wk_waschmaschine_leistung,3.6,2026-05-27T15:25:55.888Z
sensor.shelly_plug_sg3_wk_waschmaschine_wk_waschmaschine_leistung,7.7,2026-05-27T15:25:56.916Z
sensor.shelly_plug_sg3_wk_waschmaschine_wk_waschmaschine_leistung,63.0,2026-05-27T15:25:57.945Z
sensor.shelly_plug_sg3_wk_waschmaschine_wk_waschmaschine_leistung,94.8,2026-05-27T15:25:58.973Z
sensor.shelly_plug_sg3_wk_waschmaschine_wk_waschmaschine_leistung,108.0,2026-05-27T15:26:00.012Z
sensor.shelly_plug_sg3_wk_waschmaschine_wk_waschmaschine_leistung,101.5,2026-05-27T15:26:01.029Z
sensor.shelly_plug_sg3_wk_waschmaschine_wk_waschmaschine_leistung,108.0,2026-05-27T15:26:02.057Z
sensor.shelly_plug_sg3_wk_waschmaschine_wk_waschmaschine_leistung,115.1,2026-05-27T15:26:04.122Z
sensor.shelly_plug_sg3_wk_waschmaschine_wk_waschmaschine_leistung,109.0,2026-05-27T15:26:05.141Z
sensor.shelly_plug_sg3_wk_waschmaschine_wk_waschmaschine_leistung,102.7,2026-05-27T15:26:09.263Z
sensor.shelly_plug_sg3_wk_waschmaschine_wk_waschmaschine_leistung,128.0,2026-05-27T15:26:10.293Z
sensor.shelly_plug_sg3_wk_waschmaschine_wk_waschmaschine_leistung,100.9,2026-05-27T15:26:11.319Z
sensor.shelly_plug_sg3_wk_waschmaschine_wk_waschmaschine_leistung,106.2,2026-05-27T15:26:12.338Z
sensor.shelly_plug_sg3_wk_waschmaschine_wk_waschmaschine_leistung,95.3,2026-05-27T15:26:13.375Z
sensor.shelly_plug_sg3_wk_waschmaschine_wk_waschmaschine_leistung,82.1,2026-05-27T15:26:15.431Z
sensor.shelly_plug_sg3_wk_waschmaschine_wk_waschmaschine_leistung,95.8,2026-05-27T15:26:16.462Z
sensor.shelly_plug_sg3_wk_waschmaschine_wk_waschmaschine_leistung,107.8,2026-05-27T15:26:18.518Z
sensor.shelly_plug_sg3_wk_waschmaschine_wk_waschmaschine_leistung,97.6,2026-05-27T15:26:21.600Z
sensor.shelly_plug_sg3_wk_waschmaschine_wk_waschmaschine_leistung,89.6,2026-05-27T15:26:25.711Z
sensor.shelly_plug_sg3_wk_waschmaschine_wk_waschmaschine_leistung,32.6,2026-05-27T15:26:27.770Z
sensor.shelly_plug_sg3_wk_waschmaschine_wk_waschmaschine_leistung,3.7,2026-05-27T15:26:28.796Z
sensor.shelly_plug_sg3_wk_waschmaschine_wk_waschmaschine_leistung,109.1,2026-05-27T15:26:30.853Z
sensor.shelly_plug_sg3_wk_waschmaschine_wk_waschmaschine_leistung,121.9,2026-05-27T15:26:35.994Z
sensor.shelly_plug_sg3_wk_waschmaschine_wk_waschmaschine_leistung,114.1,2026-05-27T15:26:43.188Z
sensor.shelly_plug_sg3_wk_waschmaschine_wk_waschmaschine_leistung,103.1,2026-05-27T15:26:44.217Z
sensor.shelly_plug_sg3_wk_waschmaschine_wk_waschmaschine_leistung,92.8,2026-05-27T15:26:45.247Z
sensor.shelly_plug_sg3_wk_waschmaschine_wk_waschmaschine_leistung,86.5,2026-05-27T15:26:46.275Z
sensor.shelly_plug_sg3_wk_waschmaschine_wk_waschmaschine_leistung,90.9,2026-05-27T15:26:48.322Z
sensor.shelly_plug_sg3_wk_waschmaschine_wk_waschmaschine_leistung,109.1,2026-05-27T15:26:49.357Z
sensor.shelly_plug_sg3_wk_waschmaschine_wk_waschmaschine_leistung,101.4,2026-05-27T15:26:51.414Z
sensor.shelly_plug_sg3_wk_waschmaschine_wk_waschmaschine_leistung,109.6,2026-05-27T15:26:52.442Z
sensor.shelly_plug_sg3_wk_waschmaschine_wk_waschmaschine_leistung,98.6,2026-05-27T15:26:55.526Z
sensor.shelly_plug_sg3_wk_waschmaschine_wk_waschmaschine_leistung,108.5,2026-05-27T15:26:56.554Z
sensor.shelly_plug_sg3_wk_waschmaschine_wk_waschmaschine_leistung,96.5,2026-05-27T15:26:57.587Z
sensor.shelly_plug_sg3_wk_waschmaschine_wk_waschmaschine_leistung,102.6,2026-05-27T15:26:58.610Z
sensor.shelly_plug_sg3_wk_waschmaschine_wk_waschmaschine_leistung,98.3,2026-05-27T15:26:59.993Z
sensor.shelly_plug_sg3_wk_waschmaschine_wk_waschmaschine_leistung,22.4,2026-05-27T15:27:00.669Z
sensor.shelly_plug_sg3_wk_waschmaschine_wk_waschmaschine_leistung,3.7,2026-05-27T15:27:01.698Z
sensor.shelly_plug_sg3_wk_waschmaschine_wk_waschmaschine_leistung,90.0,2026-05-27T15:27:03.751Z
sensor.shelly_plug_sg3_wk_waschmaschine_wk_waschmaschine_leistung,95.8,2026-05-27T15:27:05.799Z
sensor.shelly_plug_sg3_wk_waschmaschine_wk_waschmaschine_leistung,104.8,2026-05-27T15:27:07.863Z
sensor.shelly_plug_sg3_wk_waschmaschine_wk_waschmaschine_leistung,119.8,2026-05-27T15:27:10.947Z
sensor.shelly_plug_sg3_wk_waschmaschine_wk_waschmaschine_leistung,112.4,2026-05-27T15:27:11.975Z
sensor.shelly_plug_sg3_wk_waschmaschine_wk_waschmaschine_leistung,97.9,2026-05-27T15:27:13.004Z
sensor.shelly_plug_sg3_wk_waschmaschine_wk_waschmaschine_leistung,119.6,2026-05-27T15:27:14.032Z
sensor.shelly_plug_sg3_wk_waschmaschine_wk_waschmaschine_leistung,101.5,2026-05-27T15:27:15.060Z
sensor.shelly_plug_sg3_wk_waschmaschine_wk_waschmaschine_leistung,108.1,2026-05-27T15:27:16.088Z
sensor.shelly_plug_sg3_wk_waschmaschine_wk_waschmaschine_leistung,99.2,2026-05-27T15:27:17.117Z
sensor.shelly_plug_sg3_wk_waschmaschine_wk_waschmaschine_leistung,81.7,2026-05-27T15:27:19.173Z
sensor.shelly_plug_sg3_wk_waschmaschine_wk_waschmaschine_leistung,86.7,2026-05-27T15:27:20.192Z
sensor.shelly_plug_sg3_wk_waschmaschine_wk_waschmaschine_leistung,92.6,2026-05-27T15:27:21.229Z
sensor.shelly_plug_sg3_wk_waschmaschine_wk_waschmaschine_leistung,98.4,2026-05-27T15:27:22.258Z
sensor.shelly_plug_sg3_wk_waschmaschine_wk_waschmaschine_leistung,109.9,2026-05-27T15:27:23.286Z
sensor.shelly_plug_sg3_wk_waschmaschine_wk_waschmaschine_leistung,103.0,2026-05-27T15:27:25.344Z
sensor.shelly_plug_sg3_wk_waschmaschine_wk_waschmaschine_leistung,95.0,2026-05-27T15:27:29.453Z
sensor.shelly_plug_sg3_wk_waschmaschine_wk_waschmaschine_leistung,86.6,2026-05-27T15:27:31.510Z
sensor.shelly_plug_sg3_wk_waschmaschine_wk_waschmaschine_leistung,16.4,2026-05-27T15:27:33.565Z
sensor.shelly_plug_sg3_wk_waschmaschine_wk_waschmaschine_leistung,3.6,2026-05-27T15:27:34.596Z
sensor.shelly_plug_sg3_wk_waschmaschine_wk_waschmaschine_leistung,109.1,2026-05-27T15:27:36.650Z
sensor.shelly_plug_sg3_wk_waschmaschine_wk_waschmaschine_leistung,101.5,2026-05-27T15:27:37.678Z
sensor.shelly_plug_sg3_wk_waschmaschine_wk_waschmaschine_leistung,110.8,2026-05-27T15:27:38.707Z
sensor.shelly_plug_sg3_wk_waschmaschine_wk_waschmaschine_leistung,117.2,2026-05-27T15:27:39.735Z
sensor.shelly_plug_sg3_wk_waschmaschine_wk_waschmaschine_leistung,129.5,2026-05-27T15:27:45.902Z
sensor.shelly_plug_sg3_wk_waschmaschine_wk_waschmaschine_leistung,123.0,2026-05-27T15:27:48.977Z
sensor.shelly_plug_sg3_wk_waschmaschine_wk_waschmaschine_leistung,95.4,2026-05-27T15:27:51.042Z
sensor.shelly_plug_sg3_wk_waschmaschine_wk_waschmaschine_leistung,90.4,2026-05-27T15:27:52.062Z
sensor.shelly_plug_sg3_wk_waschmaschine_wk_waschmaschine_leistung,97.3,2026-05-27T15:27:55.146Z
sensor.shelly_plug_sg3_wk_waschmaschine_wk_waschmaschine_leistung,115.0,2026-05-27T15:27:56.184Z
sensor.shelly_plug_sg3_wk_waschmaschine_wk_waschmaschine_leistung,105.3,2026-05-27T15:27:57.210Z
sensor.shelly_plug_sg3_wk_waschmaschine_wk_waschmaschine_leistung,118.0,2026-05-27T15:27:58.238Z
sensor.shelly_plug_sg3_wk_waschmaschine_wk_waschmaschine_leistung,113.5,2026-05-27T15:27:59.986Z
sensor.shelly_plug_sg3_wk_waschmaschine_wk_waschmaschine_leistung,107.3,2026-05-27T15:28:00.294Z
sensor.shelly_plug_sg3_wk_waschmaschine_wk_waschmaschine_leistung,100.0,2026-05-27T15:28:03.378Z
sensor.shelly_plug_sg3_wk_waschmaschine_wk_waschmaschine_leistung,93.6,2026-05-27T15:28:05.459Z
sensor.shelly_plug_sg3_wk_waschmaschine_wk_waschmaschine_leistung,9.3,2026-05-27T15:28:06.464Z
sensor.shelly_plug_sg3_wk_waschmaschine_wk_waschmaschine_leistung,3.5,2026-05-27T15:28:07.490Z
sensor.shelly_plug_sg3_wk_waschmaschine_wk_waschmaschine_leistung,93.5,2026-05-27T15:28:09.547Z
sensor.shelly_plug_sg3_wk_waschmaschine_wk_waschmaschine_leistung,107.4,2026-05-27T15:28:12.631Z
sensor.shelly_plug_sg3_wk_waschmaschine_wk_waschmaschine_leistung,113.0,2026-05-27T15:28:15.705Z
sensor.shelly_plug_sg3_wk_waschmaschine_wk_waschmaschine_leistung,105.9,2026-05-27T15:28:18.799Z
sensor.shelly_plug_sg3_wk_waschmaschine_wk_waschmaschine_leistung,99.0,2026-05-27T15:28:19.827Z
sensor.shelly_plug_sg3_wk_waschmaschine_wk_waschmaschine_leistung,105.5,2026-05-27T15:28:20.856Z
sensor.shelly_plug_sg3_wk_waschmaschine_wk_waschmaschine_leistung,113.7,2026-05-27T15:28:21.884Z
sensor.shelly_plug_sg3_wk_waschmaschine_wk_waschmaschine_leistung,100.2,2026-05-27T15:28:22.912Z
sensor.shelly_plug_sg3_wk_waschmaschine_wk_waschmaschine_leistung,94.8,2026-05-27T15:28:23.941Z
sensor.shelly_plug_sg3_wk_waschmaschine_wk_waschmaschine_leistung,101.0,2026-05-27T15:28:24.972Z
sensor.shelly_plug_sg3_wk_waschmaschine_wk_waschmaschine_leistung,107.6,2026-05-27T15:28:26.000Z
sensor.shelly_plug_sg3_wk_waschmaschine_wk_waschmaschine_leistung,114.7,2026-05-27T15:28:28.054Z
sensor.shelly_plug_sg3_wk_waschmaschine_wk_waschmaschine_leistung,107.9,2026-05-27T15:28:30.101Z
sensor.shelly_plug_sg3_wk_waschmaschine_wk_waschmaschine_leistung,120.5,2026-05-27T15:28:32.166Z
sensor.shelly_plug_sg3_wk_waschmaschine_wk_waschmaschine_leistung,106.8,2026-05-27T15:28:33.195Z
sensor.shelly_plug_sg3_wk_waschmaschine_wk_waschmaschine_leistung,97.9,2026-05-27T15:28:34.226Z
sensor.shelly_plug_sg3_wk_waschmaschine_wk_waschmaschine_leistung,83.1,2026-05-27T15:28:38.339Z
sensor.shelly_plug_sg3_wk_waschmaschine_wk_waschmaschine_leistung,25.0,2026-05-27T15:28:39.363Z
sensor.shelly_plug_sg3_wk_waschmaschine_wk_waschmaschine_leistung,4.1,2026-05-27T15:28:40.391Z
sensor.shelly_plug_sg3_wk_waschmaschine_wk_waschmaschine_leistung,40.5,2026-05-27T15:28:41.422Z
sensor.shelly_plug_sg3_wk_waschmaschine_wk_waschmaschine_leistung,108.7,2026-05-27T15:28:42.450Z
sensor.shelly_plug_sg3_wk_waschmaschine_wk_waschmaschine_leistung,125.4,2026-05-27T15:28:46.560Z
sensor.shelly_plug_sg3_wk_waschmaschine_wk_waschmaschine_leistung,117.0,2026-05-27T15:28:49.643Z
sensor.shelly_plug_sg3_wk_waschmaschine_wk_waschmaschine_leistung,128.4,2026-05-27T15:28:50.672Z
sensor.shelly_plug_sg3_wk_waschmaschine_wk_waschmaschine_leistung,137.6,2026-05-27T15:28:51.702Z
sensor.shelly_plug_sg3_wk_waschmaschine_wk_waschmaschine_leistung,110.0,2026-05-27T15:28:52.728Z
sensor.shelly_plug_sg3_wk_waschmaschine_wk_waschmaschine_leistung,132.2,2026-05-27T15:28:53.757Z
sensor.shelly_plug_sg3_wk_waschmaschine_wk_waschmaschine_leistung,111.9,2026-05-27T15:28:55.813Z
sensor.shelly_plug_sg3_wk_waschmaschine_wk_waschmaschine_leistung,103.6,2026-05-27T15:28:56.832Z
sensor.shelly_plug_sg3_wk_waschmaschine_wk_waschmaschine_leistung,112.1,2026-05-27T15:28:57.871Z
sensor.shelly_plug_sg3_wk_waschmaschine_wk_waschmaschine_leistung,91.3,2026-05-27T15:28:58.898Z
sensor.shelly_plug_sg3_wk_waschmaschine_wk_waschmaschine_leistung,109.8,2026-05-27T15:28:59.926Z
sensor.shelly_plug_sg3_wk_waschmaschine_wk_waschmaschine_leistung,102.9,2026-05-27T15:29:00.958Z
sensor.shelly_plug_sg3_wk_waschmaschine_wk_waschmaschine_leistung,114.9,2026-05-27T15:29:03.012Z
sensor.shelly_plug_sg3_wk_waschmaschine_wk_waschmaschine_leistung,105.4,2026-05-27T15:29:05.068Z
sensor.shelly_plug_sg3_wk_waschmaschine_wk_waschmaschine_leistung,99.3,2026-05-27T15:29:10.206Z
sensor.shelly_plug_sg3_wk_waschmaschine_wk_waschmaschine_leistung,16.7,2026-05-27T15:29:12.262Z
sensor.shelly_plug_sg3_wk_waschmaschine_wk_waschmaschine_leistung,3.6,2026-05-27T15:29:13.290Z
sensor.shelly_plug_sg3_wk_waschmaschine_wk_waschmaschine_leistung,68.9,2026-05-27T15:29:14.343Z
sensor.shelly_plug_sg3_wk_waschmaschine_wk_waschmaschine_leistung,102.0,2026-05-27T15:29:15.346Z
sensor.shelly_plug_sg3_wk_waschmaschine_wk_waschmaschine_leistung,95.4,2026-05-27T15:29:16.377Z
sensor.shelly_plug_sg3_wk_waschmaschine_wk_waschmaschine_leistung,104.0,2026-05-27T15:29:18.431Z
sensor.shelly_plug_sg3_wk_waschmaschine_wk_waschmaschine_leistung,110.7,2026-05-27T15:29:20.487Z
sensor.shelly_plug_sg3_wk_waschmaschine_wk_waschmaschine_leistung,120.9,2026-05-27T15:29:23.571Z
sensor.shelly_plug_sg3_wk_waschmaschine_wk_waschmaschine_leistung,107.7,2026-05-27T15:29:26.658Z
sensor.shelly_plug_sg3_wk_waschmaschine_wk_waschmaschine_leistung,113.5,2026-05-27T15:29:29.728Z
sensor.shelly_plug_sg3_wk_waschmaschine_wk_waschmaschine_leistung,88.8,2026-05-27T15:29:31.794Z
sensor.shelly_plug_sg3_wk_waschmaschine_wk_waschmaschine_leistung,74.9,2026-05-27T15:29:32.823Z
sensor.shelly_plug_sg3_wk_waschmaschine_wk_waschmaschine_leistung,95.0,2026-05-27T15:29:33.853Z
sensor.shelly_plug_sg3_wk_waschmaschine_wk_waschmaschine_leistung,103.1,2026-05-27T15:29:34.879Z
sensor.shelly_plug_sg3_wk_waschmaschine_wk_waschmaschine_leistung,108.7,2026-05-27T15:29:35.907Z
sensor.shelly_plug_sg3_wk_waschmaschine_wk_waschmaschine_leistung,103.0,2026-05-27T15:29:36.938Z
sensor.shelly_plug_sg3_wk_waschmaschine_wk_waschmaschine_leistung,95.9,2026-05-27T15:29:41.048Z
sensor.shelly_plug_sg3_wk_waschmaschine_wk_waschmaschine_leistung,84.3,2026-05-27T15:29:44.131Z
sensor.shelly_plug_sg3_wk_waschmaschine_wk_waschmaschine_leistung,89.6,2026-05-27T15:29:45.161Z
sensor.shelly_plug_sg3_wk_waschmaschine_wk_waschmaschine_leistung,62.1,2026-05-27T15:29:46.190Z
sensor.shelly_plug_sg3_wk_waschmaschine_wk_waschmaschine_leistung,3.7,2026-05-27T15:29:47.219Z
sensor.shelly_plug_sg3_wk_waschmaschine_wk_waschmaschine_leistung,13.7,2026-05-27T15:29:48.246Z
sensor.shelly_plug_sg3_wk_waschmaschine_wk_waschmaschine_leistung,87.6,2026-05-27T15:29:49.273Z
sensor.shelly_plug_sg3_wk_waschmaschine_wk_waschmaschine_leistung,111.9,2026-05-27T15:29:50.301Z
sensor.shelly_plug_sg3_wk_waschmaschine_wk_waschmaschine_leistung,119.2,2026-05-27T15:29:52.371Z
sensor.shelly_plug_sg3_wk_waschmaschine_wk_waschmaschine_leistung,131.6,2026-05-27T15:29:56.471Z
sensor.shelly_plug_sg3_wk_waschmaschine_wk_waschmaschine_leistung,122.4,2026-05-27T15:29:57.500Z
sensor.shelly_plug_sg3_wk_waschmaschine_wk_waschmaschine_leistung,108.9,2026-05-27T15:29:58.526Z
sensor.shelly_plug_sg3_wk_waschmaschine_wk_waschmaschine_leistung,122.0,2026-05-27T15:29:59.554Z
sensor.shelly_plug_sg3_wk_waschmaschine_wk_waschmaschine_leistung,103.4,2026-05-27T15:30:02.638Z
sensor.shelly_plug_sg3_wk_waschmaschine_wk_waschmaschine_leistung,116.6,2026-05-27T15:30:03.667Z
sensor.shelly_plug_sg3_wk_waschmaschine_wk_waschmaschine_leistung,92.3,2026-05-27T15:30:04.726Z
sensor.shelly_plug_sg3_wk_waschmaschine_wk_waschmaschine_leistung,86.6,2026-05-27T15:30:05.722Z
sensor.shelly_plug_sg3_wk_waschmaschine_wk_waschmaschine_leistung,107.0,2026-05-27T15:30:06.750Z
sensor.shelly_plug_sg3_wk_waschmaschine_wk_waschmaschine_leistung,80.7,2026-05-27T15:30:07.779Z
sensor.shelly_plug_sg3_wk_waschmaschine_wk_waschmaschine_leistung,110.3,2026-05-27T15:30:08.806Z
sensor.shelly_plug_sg3_wk_waschmaschine_wk_waschmaschine_leistung,104.6,2026-05-27T15:30:14.965Z
sensor.shelly_plug_sg3_wk_waschmaschine_wk_waschmaschine_leistung,92.9,2026-05-27T15:30:17.030Z
sensor.shelly_plug_sg3_wk_waschmaschine_wk_waschmaschine_leistung,98.7,2026-05-27T15:30:18.061Z
sensor.shelly_plug_sg3_wk_waschmaschine_wk_waschmaschine_leistung,54.2,2026-05-27T15:30:19.088Z
sensor.shelly_plug_sg3_wk_waschmaschine_wk_waschmaschine_leistung,3.7,2026-05-27T15:30:20.114Z
sensor.shelly_plug_sg3_wk_waschmaschine_wk_waschmaschine_leistung,20.0,2026-05-27T15:30:21.143Z
sensor.shelly_plug_sg3_wk_waschmaschine_wk_waschmaschine_leistung,87.6,2026-05-27T15:30:22.171Z
sensor.shelly_plug_sg3_wk_waschmaschine_wk_waschmaschine_leistung,93.9,2026-05-27T15:30:23.199Z
sensor.shelly_plug_sg3_wk_waschmaschine_wk_waschmaschine_leistung,103.2,2026-05-27T15:30:24.227Z
sensor.shelly_plug_sg3_wk_waschmaschine_wk_waschmaschine_leistung,108.7,2026-05-27T15:30:27.303Z
sensor.shelly_plug_sg3_wk_waschmaschine_wk_waschmaschine_leistung,120.4,2026-05-27T15:30:29.367Z
sensor.shelly_plug_sg3_wk_waschmaschine_wk_waschmaschine_leistung,110.1,2026-05-27T15:30:30.395Z
sensor.shelly_plug_sg3_wk_waschmaschine_wk_waschmaschine_leistung,129.0,2026-05-27T15:30:31.424Z
sensor.shelly_plug_sg3_wk_waschmaschine_wk_waschmaschine_leistung,117.2,2026-05-27T15:30:32.452Z
sensor.shelly_plug_sg3_wk_waschmaschine_wk_waschmaschine_leistung,102.3,2026-05-27T15:30:36.566Z
sensor.shelly_plug_sg3_wk_waschmaschine_wk_waschmaschine_leistung,84.4,2026-05-27T15:30:37.592Z
sensor.shelly_plug_sg3_wk_waschmaschine_wk_waschmaschine_leistung,95.8,2026-05-27T15:30:39.651Z
sensor.shelly_plug_sg3_wk_waschmaschine_wk_waschmaschine_leistung,108.8,2026-05-27T15:30:40.677Z
sensor.shelly_plug_sg3_wk_waschmaschine_wk_waschmaschine_leistung,114.6,2026-05-27T15:30:42.723Z
sensor.shelly_plug_sg3_wk_waschmaschine_wk_waschmaschine_leistung,104.2,2026-05-27T15:30:43.752Z
sensor.shelly_plug_sg3_wk_waschmaschine_wk_waschmaschine_leistung,98.3,2026-05-27T15:30:47.873Z
sensor.shelly_plug_sg3_wk_waschmaschine_wk_waschmaschine_leistung,90.6,2026-05-27T15:30:49.932Z
sensor.shelly_plug_sg3_wk_waschmaschine_wk_waschmaschine_leistung,99.1,2026-05-27T15:30:50.959Z
sensor.shelly_plug_sg3_wk_waschmaschine_wk_waschmaschine_leistung,15.7,2026-05-27T15:30:51.986Z
sensor.shelly_plug_sg3_wk_waschmaschine_wk_waschmaschine_leistung,3.6,2026-05-27T15:30:53.014Z
sensor.shelly_plug_sg3_wk_waschmaschine_wk_waschmaschine_leistung,54.4,2026-05-27T15:30:55.070Z
sensor.shelly_plug_sg3_wk_waschmaschine_wk_waschmaschine_leistung,120.7,2026-05-27T15:30:56.098Z
sensor.shelly_plug_sg3_wk_waschmaschine_wk_waschmaschine_leistung,109.6,2026-05-27T15:30:58.155Z
sensor.shelly_plug_sg3_wk_waschmaschine_wk_waschmaschine_leistung,109.2,2026-05-27T15:30:59.979Z
sensor.shelly_plug_sg3_wk_waschmaschine_wk_waschmaschine_leistung,118.6,2026-05-27T15:31:00.210Z
sensor.shelly_plug_sg3_wk_waschmaschine_wk_waschmaschine_leistung,125.7,2026-05-27T15:31:02.267Z
sensor.shelly_plug_sg3_wk_waschmaschine_wk_waschmaschine_leistung,117.8,2026-05-27T15:31:03.295Z
sensor.shelly_plug_sg3_wk_waschmaschine_wk_waschmaschine_leistung,124.1,2026-05-27T15:31:04.321Z
sensor.shelly_plug_sg3_wk_waschmaschine_wk_waschmaschine_leistung,101.2,2026-05-27T15:31:06.379Z
sensor.shelly_plug_sg3_wk_waschmaschine_wk_waschmaschine_leistung,111.8,2026-05-27T15:31:07.407Z
sensor.shelly_plug_sg3_wk_waschmaschine_wk_waschmaschine_leistung,105.1,2026-05-27T15:31:09.463Z
sensor.shelly_plug_sg3_wk_waschmaschine_wk_waschmaschine_leistung,76.5,2026-05-27T15:31:10.494Z
sensor.shelly_plug_sg3_wk_waschmaschine_wk_waschmaschine_leistung,86.9,2026-05-27T15:31:11.519Z
sensor.shelly_plug_sg3_wk_waschmaschine_wk_waschmaschine_leistung,99.0,2026-05-27T15:31:12.547Z
sensor.shelly_plug_sg3_wk_waschmaschine_wk_waschmaschine_leistung,108.9,2026-05-27T15:31:13.576Z
sensor.shelly_plug_sg3_wk_waschmaschine_wk_waschmaschine_leistung,101.5,2026-05-27T15:31:14.613Z
sensor.shelly_plug_sg3_wk_waschmaschine_wk_waschmaschine_leistung,112.7,2026-05-27T15:31:15.632Z
sensor.shelly_plug_sg3_wk_waschmaschine_wk_waschmaschine_leistung,102.8,2026-05-27T15:31:21.802Z
sensor.shelly_plug_sg3_wk_waschmaschine_wk_waschmaschine_leistung,97.5,2026-05-27T15:31:22.818Z
sensor.shelly_plug_sg3_wk_waschmaschine_wk_waschmaschine_leistung,8.2,2026-05-27T15:31:24.887Z
sensor.shelly_plug_sg3_wk_waschmaschine_wk_waschmaschine_leistung,3.7,2026-05-27T15:31:25.911Z
sensor.shelly_plug_sg3_wk_waschmaschine_wk_waschmaschine_leistung,11.5,2026-05-27T15:31:26.940Z
sensor.shelly_plug_sg3_wk_waschmaschine_wk_waschmaschine_leistung,84.8,2026-05-27T15:31:27.968Z
sensor.shelly_plug_sg3_wk_waschmaschine_wk_waschmaschine_leistung,95.2,2026-05-27T15:31:28.987Z
sensor.shelly_plug_sg3_wk_waschmaschine_wk_waschmaschine_leistung,105.7,2026-05-27T15:31:31.056Z
sensor.shelly_plug_sg3_wk_waschmaschine_wk_waschmaschine_leistung,111.8,2026-05-27T15:31:32.073Z
sensor.shelly_plug_sg3_wk_waschmaschine_wk_waschmaschine_leistung,128.3,2026-05-27T15:31:33.111Z
sensor.shelly_plug_sg3_wk_waschmaschine_wk_waschmaschine_leistung,109.6,2026-05-27T15:31:34.137Z
sensor.shelly_plug_sg3_wk_waschmaschine_wk_waschmaschine_leistung,117.0,2026-05-27T15:31:37.221Z
sensor.shelly_plug_sg3_wk_waschmaschine_wk_waschmaschine_leistung,105.5,2026-05-27T15:31:39.278Z
sensor.shelly_plug_sg3_wk_waschmaschine_wk_waschmaschine_leistung,114.2,2026-05-27T15:31:40.309Z
sensor.shelly_plug_sg3_wk_waschmaschine_wk_waschmaschine_leistung,108.5,2026-05-27T15:31:42.353Z
sensor.shelly_plug_sg3_wk_waschmaschine_wk_waschmaschine_leistung,93.6,2026-05-27T15:31:43.391Z
sensor.shelly_plug_sg3_wk_waschmaschine_wk_waschmaschine_leistung,86.3,2026-05-27T15:31:44.418Z
sensor.shelly_plug_sg3_wk_waschmaschine_wk_waschmaschine_leistung,76.6,2026-05-27T15:31:45.447Z
sensor.shelly_plug_sg3_wk_waschmaschine_wk_waschmaschine_leistung,100.1,2026-05-27T15:31:46.478Z
sensor.shelly_plug_sg3_wk_waschmaschine_wk_waschmaschine_leistung,105.8,2026-05-27T15:31:48.522Z
sensor.shelly_plug_sg3_wk_waschmaschine_wk_waschmaschine_leistung,98.0,2026-05-27T15:31:52.633Z
sensor.shelly_plug_sg3_wk_waschmaschine_wk_waschmaschine_leistung,89.9,2026-05-27T15:31:53.672Z
sensor.shelly_plug_sg3_wk_waschmaschine_wk_waschmaschine_leistung,83.9,2026-05-27T15:31:54.699Z
sensor.shelly_plug_sg3_wk_waschmaschine_wk_waschmaschine_leistung,8.3,2026-05-27T15:31:57.783Z
sensor.shelly_plug_sg3_wk_waschmaschine_wk_waschmaschine_leistung,3.6,2026-05-27T15:31:58.811Z
sensor.shelly_plug_sg3_wk_waschmaschine_wk_waschmaschine_leistung,4.6,2026-05-27T15:31:59.830Z
sensor.shelly_plug_sg3_wk_waschmaschine_wk_waschmaschine_leistung,104.1,2026-05-27T15:32:00.867Z
sensor.shelly_plug_sg3_wk_waschmaschine_wk_waschmaschine_leistung,110.1,2026-05-27T15:32:02.924Z
sensor.shelly_plug_sg3_wk_waschmaschine_wk_waschmaschine_leistung,116.5,2026-05-27T15:32:03.952Z
sensor.shelly_plug_sg3_wk_waschmaschine_wk_waschmaschine_leistung,122.8,2026-05-27T15:32:07.039Z
sensor.shelly_plug_sg3_wk_waschmaschine_wk_waschmaschine_leistung,116.1,2026-05-27T15:32:11.151Z
sensor.shelly_plug_sg3_wk_waschmaschine_wk_waschmaschine_leistung,98.1,2026-05-27T15:32:12.176Z
sensor.shelly_plug_sg3_wk_waschmaschine_wk_waschmaschine_leistung,117.4,2026-05-27T15:32:13.204Z
sensor.shelly_plug_sg3_wk_waschmaschine_wk_waschmaschine_leistung,96.4,2026-05-27T15:32:14.232Z
sensor.shelly_plug_sg3_wk_waschmaschine_wk_waschmaschine_leistung,102.0,2026-05-27T15:32:16.279Z
sensor.shelly_plug_sg3_wk_waschmaschine_wk_waschmaschine_leistung,117.9,2026-05-27T15:32:19.372Z
sensor.shelly_plug_sg3_wk_waschmaschine_wk_waschmaschine_leistung,108.1,2026-05-27T15:32:23.484Z
sensor.shelly_plug_sg3_wk_waschmaschine_wk_waschmaschine_leistung,89.4,2026-05-27T15:32:27.595Z
sensor.shelly_plug_sg3_wk_waschmaschine_wk_waschmaschine_leistung,104.0,2026-05-27T15:32:28.624Z
sensor.shelly_plug_sg3_wk_waschmaschine_wk_waschmaschine_leistung,94.8,2026-05-27T15:32:29.655Z
sensor.shelly_plug_sg3_wk_waschmaschine_wk_waschmaschine_leistung,13.1,2026-05-27T15:32:30.682Z
sensor.shelly_plug_sg3_wk_waschmaschine_wk_waschmaschine_leistung,3.6,2026-05-27T15:32:31.708Z
sensor.shelly_plug_sg3_wk_waschmaschine_wk_waschmaschine_leistung,101.4,2026-05-27T15:32:33.764Z
sensor.shelly_plug_sg3_wk_waschmaschine_wk_waschmaschine_leistung,111.9,2026-05-27T15:32:35.823Z
sensor.shelly_plug_sg3_wk_waschmaschine_wk_waschmaschine_leistung,103.9,2026-05-27T15:32:36.849Z
sensor.shelly_plug_sg3_wk_waschmaschine_wk_waschmaschine_leistung,113.4,2026-05-27T15:32:37.877Z
sensor.shelly_plug_sg3_wk_waschmaschine_wk_waschmaschine_leistung,105.8,2026-05-27T15:32:44.045Z
sensor.shelly_plug_sg3_wk_waschmaschine_wk_waschmaschine_leistung,112.7,2026-05-27T15:32:46.101Z
sensor.shelly_plug_sg3_wk_waschmaschine_wk_waschmaschine_leistung,104.3,2026-05-27T15:32:48.156Z
sensor.shelly_plug_sg3_wk_waschmaschine_wk_waschmaschine_leistung,96.6,2026-05-27T15:32:49.185Z
sensor.shelly_plug_sg3_wk_waschmaschine_wk_waschmaschine_leistung,87.0,2026-05-27T15:32:50.213Z
sensor.shelly_plug_sg3_wk_waschmaschine_wk_waschmaschine_leistung,111.0,2026-05-27T15:32:52.269Z
sensor.shelly_plug_sg3_wk_waschmaschine_wk_waschmaschine_leistung,104.7,2026-05-27T15:32:56.372Z
sensor.shelly_plug_sg3_wk_waschmaschine_wk_waschmaschine_leistung,98.4,2026-05-27T15:32:58.428Z
sensor.shelly_plug_sg3_wk_waschmaschine_wk_waschmaschine_leistung,92.6,2026-05-27T15:32:59.466Z
sensor.shelly_plug_sg3_wk_waschmaschine_wk_waschmaschine_leistung,85.4,2026-05-27T15:33:02.549Z
sensor.shelly_plug_sg3_wk_waschmaschine_wk_waschmaschine_leistung,33.5,2026-05-27T15:33:03.577Z
sensor.shelly_plug_sg3_wk_waschmaschine_wk_waschmaschine_leistung,4.3,2026-05-27T15:33:04.608Z
sensor.shelly_plug_sg3_wk_waschmaschine_wk_waschmaschine_leistung,108.7,2026-05-27T15:33:06.662Z
sensor.shelly_plug_sg3_wk_waschmaschine_wk_waschmaschine_leistung,96.3,2026-05-27T15:33:07.690Z
sensor.shelly_plug_sg3_wk_waschmaschine_wk_waschmaschine_leistung,109.0,2026-05-27T15:33:08.724Z
sensor.shelly_plug_sg3_wk_waschmaschine_wk_waschmaschine_leistung,123.9,2026-05-27T15:33:11.803Z
sensor.shelly_plug_sg3_wk_waschmaschine_wk_waschmaschine_leistung,117.0,2026-05-27T15:33:13.859Z
sensor.shelly_plug_sg3_wk_waschmaschine_wk_waschmaschine_leistung,123.2,2026-05-27T15:33:16.943Z
sensor.shelly_plug_sg3_wk_waschmaschine_wk_waschmaschine_leistung,108.8,2026-05-27T15:33:17.971Z
sensor.shelly_plug_sg3_wk_waschmaschine_wk_waschmaschine_leistung,123.1,2026-05-27T15:33:18.999Z
sensor.shelly_plug_sg3_wk_waschmaschine_wk_waschmaschine_leistung,108.8,2026-05-27T15:33:20.027Z
sensor.shelly_plug_sg3_wk_waschmaschine_wk_waschmaschine_leistung,101.0,2026-05-27T15:33:21.055Z
sensor.shelly_plug_sg3_wk_waschmaschine_wk_waschmaschine_leistung,92.0,2026-05-27T15:33:22.083Z
sensor.shelly_plug_sg3_wk_waschmaschine_wk_waschmaschine_leistung,108.7,2026-05-27T15:33:24.140Z
sensor.shelly_plug_sg3_wk_waschmaschine_wk_waschmaschine_leistung,96.4,2026-05-27T15:33:25.159Z
sensor.shelly_plug_sg3_wk_waschmaschine_wk_waschmaschine_leistung,105.3,2026-05-27T15:33:26.189Z
sensor.shelly_plug_sg3_wk_waschmaschine_wk_waschmaschine_leistung,97.4,2026-05-27T15:33:29.281Z
sensor.shelly_plug_sg3_wk_waschmaschine_wk_waschmaschine_leistung,111.2,2026-05-27T15:33:30.309Z
sensor.shelly_plug_sg3_wk_waschmaschine_wk_waschmaschine_leistung,103.6,2026-05-27T15:33:31.337Z
sensor.shelly_plug_sg3_wk_waschmaschine_wk_waschmaschine_leistung,95.2,2026-05-27T15:33:32.365Z
sensor.shelly_plug_sg3_wk_waschmaschine_wk_waschmaschine_leistung,27.2,2026-05-27T15:33:36.477Z
sensor.shelly_plug_sg3_wk_waschmaschine_wk_waschmaschine_leistung,3.7,2026-05-27T15:33:37.505Z
sensor.shelly_plug_sg3_wk_waschmaschine_wk_waschmaschine_leistung,76.5,2026-05-27T15:33:39.563Z
sensor.shelly_plug_sg3_wk_waschmaschine_wk_waschmaschine_leistung,90.2,2026-05-27T15:33:40.590Z
sensor.shelly_plug_sg3_wk_waschmaschine_wk_waschmaschine_leistung,96.6,2026-05-27T15:33:42.646Z
sensor.shelly_plug_sg3_wk_waschmaschine_wk_waschmaschine_leistung,104.3,2026-05-27T15:33:44.702Z
sensor.shelly_plug_sg3_wk_waschmaschine_wk_waschmaschine_leistung,114.4,2026-05-27T15:33:46.762Z
sensor.shelly_plug_sg3_wk_waschmaschine_wk_waschmaschine_leistung,99.0,2026-05-27T15:33:49.842Z
sensor.shelly_plug_sg3_wk_waschmaschine_wk_waschmaschine_leistung,106.9,2026-05-27T15:33:50.874Z
sensor.shelly_plug_sg3_wk_waschmaschine_wk_waschmaschine_leistung,92.1,2026-05-27T15:33:51.899Z
sensor.shelly_plug_sg3_wk_waschmaschine_wk_waschmaschine_leistung,103.1,2026-05-27T15:33:52.928Z
sensor.shelly_plug_sg3_wk_waschmaschine_wk_waschmaschine_leistung,87.4,2026-05-27T15:33:53.955Z
sensor.shelly_plug_sg3_wk_waschmaschine_wk_waschmaschine_leistung,80.7,2026-05-27T15:33:54.984Z
sensor.shelly_plug_sg3_wk_waschmaschine_wk_waschmaschine_leistung,92.5,2026-05-27T15:33:57.041Z
sensor.shelly_plug_sg3_wk_waschmaschine_wk_waschmaschine_leistung,113.3,2026-05-27T15:33:58.068Z
sensor.shelly_plug_sg3_wk_waschmaschine_wk_waschmaschine_leistung,87.4,2026-05-27T15:33:59.097Z
sensor.shelly_plug_sg3_wk_waschmaschine_wk_waschmaschine_leistung,94.2,2026-05-27T15:34:00.126Z
sensor.shelly_plug_sg3_wk_waschmaschine_wk_waschmaschine_leistung,101.7,2026-05-27T15:34:01.153Z
sensor.shelly_plug_sg3_wk_waschmaschine_wk_waschmaschine_leistung,95.1,2026-05-27T15:34:02.181Z
sensor.shelly_plug_sg3_wk_waschmaschine_wk_waschmaschine_leistung,105.6,2026-05-27T15:34:04.240Z
sensor.shelly_plug_sg3_wk_waschmaschine_wk_waschmaschine_leistung,100.3,2026-05-27T15:34:05.256Z
sensor.shelly_plug_sg3_wk_waschmaschine_wk_waschmaschine_leistung,88.9,2026-05-27T15:34:06.295Z
sensor.shelly_plug_sg3_wk_waschmaschine_wk_waschmaschine_leistung,94.1,2026-05-27T15:34:07.323Z
sensor.shelly_plug_sg3_wk_waschmaschine_wk_waschmaschine_leistung,85.2,2026-05-27T15:34:08.350Z
sensor.shelly_plug_sg3_wk_waschmaschine_wk_waschmaschine_leistung,55.1,2026-05-27T15:34:09.378Z
sensor.shelly_plug_sg3_wk_waschmaschine_wk_waschmaschine_leistung,4.2,2026-05-27T15:34:10.407Z
sensor.shelly_plug_sg3_wk_waschmaschine_wk_waschmaschine_leistung,20.2,2026-05-27T15:34:11.435Z
sensor.shelly_plug_sg3_wk_waschmaschine_wk_waschmaschine_leistung,90.8,2026-05-27T15:34:12.470Z
sensor.shelly_plug_sg3_wk_waschmaschine_wk_waschmaschine_leistung,109.0,2026-05-27T15:34:13.491Z
sensor.shelly_plug_sg3_wk_waschmaschine_wk_waschmaschine_leistung,118.3,2026-05-27T15:34:15.547Z
sensor.shelly_plug_sg3_wk_waschmaschine_wk_waschmaschine_leistung,124.3,2026-05-27T15:34:19.650Z
sensor.shelly_plug_sg3_wk_waschmaschine_wk_waschmaschine_leistung,110.0,2026-05-27T15:34:21.716Z
sensor.shelly_plug_sg3_wk_waschmaschine_wk_waschmaschine_leistung,121.7,2026-05-27T15:34:22.743Z
sensor.shelly_plug_sg3_wk_waschmaschine_wk_waschmaschine_leistung,102.5,2026-05-27T15:34:23.774Z
sensor.shelly_plug_sg3_wk_waschmaschine_wk_waschmaschine_leistung,126.5,2026-05-27T15:34:24.800Z
sensor.shelly_plug_sg3_wk_waschmaschine_wk_waschmaschine_leistung,111.3,2026-05-27T15:34:25.829Z
sensor.shelly_plug_sg3_wk_waschmaschine_wk_waschmaschine_leistung,99.8,2026-05-27T15:34:27.885Z
sensor.shelly_plug_sg3_wk_waschmaschine_wk_waschmaschine_leistung,112.4,2026-05-27T15:34:28.915Z
sensor.shelly_plug_sg3_wk_waschmaschine_wk_waschmaschine_leistung,97.5,2026-05-27T15:34:30.969Z
sensor.shelly_plug_sg3_wk_waschmaschine_wk_waschmaschine_leistung,108.1,2026-05-27T15:34:31.998Z
sensor.shelly_plug_sg3_wk_waschmaschine_wk_waschmaschine_leistung,92.8,2026-05-27T15:34:34.054Z
sensor.shelly_plug_sg3_wk_waschmaschine_wk_waschmaschine_leistung,105.7,2026-05-27T15:34:35.084Z
sensor.shelly_plug_sg3_wk_waschmaschine_wk_waschmaschine_leistung,99.1,2026-05-27T15:34:38.166Z
sensor.shelly_plug_sg3_wk_waschmaschine_wk_waschmaschine_leistung,104.6,2026-05-27T15:34:39.194Z
sensor.shelly_plug_sg3_wk_waschmaschine_wk_waschmaschine_leistung,98.1,2026-05-27T15:34:40.224Z
sensor.shelly_plug_sg3_wk_waschmaschine_wk_waschmaschine_leistung,45.2,2026-05-27T15:34:42.279Z
sensor.shelly_plug_sg3_wk_waschmaschine_wk_waschmaschine_leistung,3.8,2026-05-27T15:34:43.307Z
sensor.shelly_plug_sg3_wk_waschmaschine_wk_waschmaschine_leistung,27.4,2026-05-27T15:34:44.335Z
sensor.shelly_plug_sg3_wk_waschmaschine_wk_waschmaschine_leistung,83.4,2026-05-27T15:34:45.363Z
sensor.shelly_plug_sg3_wk_waschmaschine_wk_waschmaschine_leistung,102.9,2026-05-27T15:34:46.392Z
sensor.shelly_plug_sg3_wk_waschmaschine_wk_waschmaschine_leistung,95.7,2026-05-27T15:34:47.422Z
sensor.shelly_plug_sg3_wk_waschmaschine_wk_waschmaschine_leistung,105.8,2026-05-27T15:34:48.448Z
sensor.shelly_plug_sg3_wk_waschmaschine_wk_waschmaschine_leistung,99.1,2026-05-27T15:34:50.504Z
sensor.shelly_plug_sg3_wk_waschmaschine_wk_waschmaschine_leistung,112.2,2026-05-27T15:34:51.533Z
sensor.shelly_plug_sg3_wk_waschmaschine_wk_waschmaschine_leistung,99.4,2026-05-27T15:34:54.617Z
sensor.shelly_plug_sg3_wk_waschmaschine_wk_waschmaschine_leistung,112.1,2026-05-27T15:34:56.673Z
sensor.shelly_plug_sg3_wk_waschmaschine_wk_waschmaschine_leistung,104.3,2026-05-27T15:34:57.701Z
sensor.shelly_plug_sg3_wk_waschmaschine_wk_waschmaschine_leistung,102.0,2026-05-27T15:35:00.044Z
sensor.shelly_plug_sg3_wk_waschmaschine_wk_waschmaschine_leistung,88.1,2026-05-27T15:35:00.787Z
sensor.shelly_plug_sg3_wk_waschmaschine_wk_waschmaschine_leistung,93.1,2026-05-27T15:35:01.813Z
sensor.shelly_plug_sg3_wk_waschmaschine_wk_waschmaschine_leistung,107.2,2026-05-27T15:35:02.842Z
sensor.shelly_plug_sg3_wk_waschmaschine_wk_waschmaschine_leistung,100.8,2026-05-27T15:35:06.953Z
sensor.shelly_plug_sg3_wk_waschmaschine_wk_waschmaschine_leistung,109.6,2026-05-27T15:35:07.981Z
sensor.shelly_plug_sg3_wk_waschmaschine_wk_waschmaschine_leistung,103.9,2026-05-27T15:35:09.001Z
sensor.shelly_plug_sg3_wk_waschmaschine_wk_waschmaschine_leistung,93.4,2026-05-27T15:35:10.038Z
sensor.shelly_plug_sg3_wk_waschmaschine_wk_waschmaschine_leistung,98.3,2026-05-27T15:35:11.056Z
sensor.shelly_plug_sg3_wk_waschmaschine_wk_waschmaschine_leistung,86.8,2026-05-27T15:35:14.149Z
sensor.shelly_plug_sg3_wk_waschmaschine_wk_waschmaschine_leistung,36.7,2026-05-27T15:35:15.178Z
sensor.shelly_plug_sg3_wk_waschmaschine_wk_waschmaschine_leistung,4.2,2026-05-27T15:35:16.206Z
sensor.shelly_plug_sg3_wk_waschmaschine_wk_waschmaschine_leistung,36.4,2026-05-27T15:35:17.234Z
sensor.shelly_plug_sg3_wk_waschmaschine_wk_waschmaschine_leistung,106.4,2026-05-27T15:35:18.262Z
sensor.shelly_plug_sg3_wk_waschmaschine_wk_waschmaschine_leistung,117.4,2026-05-27T15:35:20.318Z
sensor.shelly_plug_sg3_wk_waschmaschine_wk_waschmaschine_leistung,123.3,2026-05-27T15:35:27.503Z
sensor.shelly_plug_sg3_wk_waschmaschine_wk_waschmaschine_leistung,116.4,2026-05-27T15:35:29.569Z
sensor.shelly_plug_sg3_wk_waschmaschine_wk_waschmaschine_leistung,125.1,2026-05-27T15:35:31.625Z
sensor.shelly_plug_sg3_wk_waschmaschine_wk_waschmaschine_leistung,103.4,2026-05-27T15:35:32.653Z
sensor.shelly_plug_sg3_wk_waschmaschine_wk_waschmaschine_leistung,109.9,2026-05-27T15:35:33.672Z
sensor.shelly_plug_sg3_wk_waschmaschine_wk_waschmaschine_leistung,122.5,2026-05-27T15:35:35.740Z
sensor.shelly_plug_sg3_wk_waschmaschine_wk_waschmaschine_leistung,115.2,2026-05-27T15:35:37.794Z
sensor.shelly_plug_sg3_wk_waschmaschine_wk_waschmaschine_leistung,105.1,2026-05-27T15:35:41.907Z
sensor.shelly_plug_sg3_wk_waschmaschine_wk_waschmaschine_leistung,92.0,2026-05-27T15:35:44.989Z
sensor.shelly_plug_sg3_wk_waschmaschine_wk_waschmaschine_leistung,103.4,2026-05-27T15:35:46.020Z
sensor.shelly_plug_sg3_wk_waschmaschine_wk_waschmaschine_leistung,86.8,2026-05-27T15:35:47.046Z
sensor.shelly_plug_sg3_wk_waschmaschine_wk_waschmaschine_leistung,24.5,2026-05-27T15:35:48.074Z
sensor.shelly_plug_sg3_wk_waschmaschine_wk_waschmaschine_leistung,3.7,2026-05-27T15:35:49.102Z
sensor.shelly_plug_sg3_wk_waschmaschine_wk_waschmaschine_leistung,40.7,2026-05-27T15:35:50.130Z
sensor.shelly_plug_sg3_wk_waschmaschine_wk_waschmaschine_leistung,89.5,2026-05-27T15:35:51.159Z
sensor.shelly_plug_sg3_wk_waschmaschine_wk_waschmaschine_leistung,97.4,2026-05-27T15:35:53.215Z
sensor.shelly_plug_sg3_wk_waschmaschine_wk_waschmaschine_leistung,113.4,2026-05-27T15:35:54.243Z
sensor.shelly_plug_sg3_wk_waschmaschine_wk_waschmaschine_leistung,103.7,2026-05-27T15:35:59.382Z
sensor.shelly_plug_sg3_wk_waschmaschine_wk_waschmaschine_leistung,123.9,2026-05-27T15:36:00.411Z
sensor.shelly_plug_sg3_wk_waschmaschine_wk_waschmaschine_leistung,105.9,2026-05-27T15:36:01.440Z
sensor.shelly_plug_sg3_wk_waschmaschine_wk_waschmaschine_leistung,120.0,2026-05-27T15:36:02.468Z
sensor.shelly_plug_sg3_wk_waschmaschine_wk_waschmaschine_leistung,112.2,2026-05-27T15:36:03.496Z
sensor.shelly_plug_sg3_wk_waschmaschine_wk_waschmaschine_leistung,127.2,2026-05-27T15:36:04.524Z
sensor.shelly_plug_sg3_wk_waschmaschine_wk_waschmaschine_leistung,118.5,2026-05-27T15:36:06.579Z
sensor.shelly_plug_sg3_wk_waschmaschine_wk_waschmaschine_leistung,110.9,2026-05-27T15:36:07.608Z
sensor.shelly_plug_sg3_wk_waschmaschine_wk_waschmaschine_leistung,118.4,2026-05-27T15:36:09.663Z
sensor.shelly_plug_sg3_wk_waschmaschine_wk_waschmaschine_leistung,106.1,2026-05-27T15:36:10.691Z
sensor.shelly_plug_sg3_wk_waschmaschine_wk_waschmaschine_leistung,100.5,2026-05-27T15:36:15.825Z
sensor.shelly_plug_sg3_wk_waschmaschine_wk_waschmaschine_leistung,91.8,2026-05-27T15:36:16.859Z
sensor.shelly_plug_sg3_wk_waschmaschine_wk_waschmaschine_leistung,97.1,2026-05-27T15:36:17.887Z
sensor.shelly_plug_sg3_wk_waschmaschine_wk_waschmaschine_leistung,84.1,2026-05-27T15:36:18.915Z
sensor.shelly_plug_sg3_wk_waschmaschine_wk_waschmaschine_leistung,98.1,2026-05-27T15:36:19.944Z
sensor.shelly_plug_sg3_wk_waschmaschine_wk_waschmaschine_leistung,15.4,2026-05-27T15:36:20.975Z
sensor.shelly_plug_sg3_wk_waschmaschine_wk_waschmaschine_leistung,3.7,2026-05-27T15:36:21.999Z
sensor.shelly_plug_sg3_wk_waschmaschine_wk_waschmaschine_leistung,51.0,2026-05-27T15:36:23.028Z
sensor.shelly_plug_sg3_wk_waschmaschine_wk_waschmaschine_leistung,113.6,2026-05-27T15:36:24.056Z
sensor.shelly_plug_sg3_wk_waschmaschine_wk_waschmaschine_leistung,100.2,2026-05-27T15:36:25.085Z
sensor.shelly_plug_sg3_wk_waschmaschine_wk_waschmaschine_leistung,116.6,2026-05-27T15:36:26.113Z
sensor.shelly_plug_sg3_wk_waschmaschine_wk_waschmaschine_leistung,128.5,2026-05-27T15:36:32.281Z
sensor.shelly_plug_sg3_wk_waschmaschine_wk_waschmaschine_leistung,119.5,2026-05-27T15:36:33.309Z
sensor.shelly_plug_sg3_wk_waschmaschine_wk_waschmaschine_leistung,130.2,2026-05-27T15:36:34.338Z
sensor.shelly_plug_sg3_wk_waschmaschine_wk_waschmaschine_leistung,118.5,2026-05-27T15:36:35.366Z
sensor.shelly_plug_sg3_wk_waschmaschine_wk_waschmaschine_leistung,108.7,2026-05-27T15:36:37.422Z
sensor.shelly_plug_sg3_wk_waschmaschine_wk_waschmaschine_leistung,92.3,2026-05-27T15:36:39.478Z
sensor.shelly_plug_sg3_wk_waschmaschine_wk_waschmaschine_leistung,113.1,2026-05-27T15:36:40.508Z
sensor.shelly_plug_sg3_wk_waschmaschine_wk_waschmaschine_leistung,88.3,2026-05-27T15:36:41.534Z
sensor.shelly_plug_sg3_wk_waschmaschine_wk_waschmaschine_leistung,104.6,2026-05-27T15:36:43.591Z
sensor.shelly_plug_sg3_wk_waschmaschine_wk_waschmaschine_leistung,116.7,2026-05-27T15:36:45.647Z
sensor.shelly_plug_sg3_wk_waschmaschine_wk_waschmaschine_leistung,107.8,2026-05-27T15:36:47.704Z
sensor.shelly_plug_sg3_wk_waschmaschine_wk_waschmaschine_leistung,89.0,2026-05-27T15:36:51.815Z
sensor.shelly_plug_sg3_wk_waschmaschine_wk_waschmaschine_leistung,9.0,2026-05-27T15:36:53.877Z
sensor.shelly_plug_sg3_wk_waschmaschine_wk_waschmaschine_leistung,4.5,2026-05-27T15:36:54.898Z
sensor.shelly_plug_sg3_wk_waschmaschine_wk_waschmaschine_leistung,48.5,2026-05-27T15:36:55.927Z
sensor.shelly_plug_sg3_wk_waschmaschine_wk_waschmaschine_leistung,96.5,2026-05-27T15:36:56.955Z
sensor.shelly_plug_sg3_wk_waschmaschine_wk_waschmaschine_leistung,83.0,2026-05-27T15:36:57.985Z
sensor.shelly_plug_sg3_wk_waschmaschine_wk_waschmaschine_leistung,92.0,2026-05-27T15:36:59.011Z
sensor.shelly_plug_sg3_wk_waschmaschine_wk_waschmaschine_leistung,105.3,2026-05-27T15:37:02.113Z
sensor.shelly_plug_sg3_wk_waschmaschine_wk_waschmaschine_leistung,116.7,2026-05-27T15:37:05.189Z
sensor.shelly_plug_sg3_wk_waschmaschine_wk_waschmaschine_leistung,108.6,2026-05-27T15:37:07.254Z
sensor.shelly_plug_sg3_wk_waschmaschine_wk_waschmaschine_leistung,102.4,2026-05-27T15:37:09.315Z
sensor.shelly_plug_sg3_wk_waschmaschine_wk_waschmaschine_leistung,83.9,2026-05-27T15:37:11.366Z
sensor.shelly_plug_sg3_wk_waschmaschine_wk_waschmaschine_leistung,76.2,2026-05-27T15:37:12.394Z
sensor.shelly_plug_sg3_wk_waschmaschine_wk_waschmaschine_leistung,60.7,2026-05-27T15:37:13.423Z
sensor.shelly_plug_sg3_wk_waschmaschine_wk_waschmaschine_leistung,68.6,2026-05-27T15:37:14.454Z
sensor.shelly_plug_sg3_wk_waschmaschine_wk_waschmaschine_leistung,96.4,2026-05-27T15:37:15.482Z
sensor.shelly_plug_sg3_wk_waschmaschine_wk_waschmaschine_leistung,105.3,2026-05-27T15:37:16.508Z
sensor.shelly_plug_sg3_wk_waschmaschine_wk_waschmaschine_leistung,97.2,2026-05-27T15:37:17.536Z
sensor.shelly_plug_sg3_wk_waschmaschine_wk_waschmaschine_leistung,105.2,2026-05-27T15:37:18.564Z
sensor.shelly_plug_sg3_wk_waschmaschine_wk_waschmaschine_leistung,95.5,2026-05-27T15:37:21.648Z
sensor.shelly_plug_sg3_wk_waschmaschine_wk_waschmaschine_leistung,101.4,2026-05-27T15:37:22.678Z
sensor.shelly_plug_sg3_wk_waschmaschine_wk_waschmaschine_leistung,90.5,2026-05-27T15:37:23.705Z
sensor.shelly_plug_sg3_wk_waschmaschine_wk_waschmaschine_leistung,85.3,2026-05-27T15:37:24.723Z
sensor.shelly_plug_sg3_wk_waschmaschine_wk_waschmaschine_leistung,78.0,2026-05-27T15:37:26.791Z
sensor.shelly_plug_sg3_wk_waschmaschine_wk_waschmaschine_leistung,3.9,2026-05-27T15:37:27.817Z
sensor.shelly_plug_sg3_wk_waschmaschine_wk_waschmaschine_leistung,22.1,2026-05-27T15:37:29.875Z
sensor.shelly_plug_sg3_wk_waschmaschine_wk_waschmaschine_leistung,119.7,2026-05-27T15:37:30.902Z
sensor.shelly_plug_sg3_wk_waschmaschine_wk_waschmaschine_leistung,107.3,2026-05-27T15:37:31.930Z
sensor.shelly_plug_sg3_wk_waschmaschine_wk_waschmaschine_leistung,126.8,2026-05-27T15:37:32.958Z
sensor.shelly_plug_sg3_wk_waschmaschine_wk_waschmaschine_leistung,112.1,2026-05-27T15:37:33.987Z
sensor.shelly_plug_sg3_wk_waschmaschine_wk_waschmaschine_leistung,124.0,2026-05-27T15:37:36.043Z
sensor.shelly_plug_sg3_wk_waschmaschine_wk_waschmaschine_leistung,110.5,2026-05-27T15:37:37.071Z
sensor.shelly_plug_sg3_wk_waschmaschine_wk_waschmaschine_leistung,124.1,2026-05-27T15:37:40.160Z
sensor.shelly_plug_sg3_wk_waschmaschine_wk_waschmaschine_leistung,117.2,2026-05-27T15:37:41.183Z
sensor.shelly_plug_sg3_wk_waschmaschine_wk_waschmaschine_leistung,101.8,2026-05-27T15:37:42.211Z
sensor.shelly_plug_sg3_wk_waschmaschine_wk_waschmaschine_leistung,122.5,2026-05-27T15:37:43.239Z
sensor.shelly_plug_sg3_wk_waschmaschine_wk_waschmaschine_leistung,91.3,2026-05-27T15:37:44.268Z
sensor.shelly_plug_sg3_wk_waschmaschine_wk_waschmaschine_leistung,85.5,2026-05-27T15:37:45.296Z
sensor.shelly_plug_sg3_wk_waschmaschine_wk_waschmaschine_leistung,70.1,2026-05-27T15:37:46.324Z
sensor.shelly_plug_sg3_wk_waschmaschine_wk_waschmaschine_leistung,86.1,2026-05-27T15:37:47.355Z
sensor.shelly_plug_sg3_wk_waschmaschine_wk_waschmaschine_leistung,99.7,2026-05-27T15:37:49.412Z
sensor.shelly_plug_sg3_wk_waschmaschine_wk_waschmaschine_leistung,110.2,2026-05-27T15:37:50.437Z
sensor.shelly_plug_sg3_wk_waschmaschine_wk_waschmaschine_leistung,99.7,2026-05-27T15:37:57.633Z
sensor.shelly_plug_sg3_wk_waschmaschine_wk_waschmaschine_leistung,43.8,2026-05-27T15:37:59.689Z
sensor.shelly_plug_sg3_wk_waschmaschine_wk_waschmaschine_leistung,3.7,2026-05-27T15:38:00.716Z
sensor.shelly_plug_sg3_wk_waschmaschine_wk_waschmaschine_leistung,27.0,2026-05-27T15:38:02.773Z
sensor.shelly_plug_sg3_wk_waschmaschine_wk_waschmaschine_leistung,88.0,2026-05-27T15:38:03.801Z
sensor.shelly_plug_sg3_wk_waschmaschine_wk_waschmaschine_leistung,96.1,2026-05-27T15:38:05.861Z
sensor.shelly_plug_sg3_wk_waschmaschine_wk_waschmaschine_leistung,103.0,2026-05-27T15:38:06.886Z
sensor.shelly_plug_sg3_wk_waschmaschine_wk_waschmaschine_leistung,108.5,2026-05-27T15:38:08.933Z
sensor.shelly_plug_sg3_wk_waschmaschine_wk_waschmaschine_leistung,116.7,2026-05-27T15:38:12.026Z
sensor.shelly_plug_sg3_wk_waschmaschine_wk_waschmaschine_leistung,104.5,2026-05-27T15:38:17.166Z
sensor.shelly_plug_sg3_wk_waschmaschine_wk_waschmaschine_leistung,94.6,2026-05-27T15:38:18.194Z
sensor.shelly_plug_sg3_wk_waschmaschine_wk_waschmaschine_leistung,81.0,2026-05-27T15:38:19.222Z
sensor.shelly_plug_sg3_wk_waschmaschine_wk_waschmaschine_leistung,98.8,2026-05-27T15:38:22.306Z
sensor.shelly_plug_sg3_wk_waschmaschine_wk_waschmaschine_leistung,108.9,2026-05-27T15:38:23.334Z
sensor.shelly_plug_sg3_wk_waschmaschine_wk_waschmaschine_leistung,99.0,2026-05-27T15:38:26.421Z
sensor.shelly_plug_sg3_wk_waschmaschine_wk_waschmaschine_leistung,92.8,2026-05-27T15:38:29.503Z
sensor.shelly_plug_sg3_wk_waschmaschine_wk_waschmaschine_leistung,85.6,2026-05-27T15:38:31.558Z
sensor.shelly_plug_sg3_wk_waschmaschine_wk_waschmaschine_leistung,77.9,2026-05-27T15:38:32.578Z
sensor.shelly_plug_sg3_wk_waschmaschine_wk_waschmaschine_leistung,8.2,2026-05-27T15:38:33.615Z
sensor.shelly_plug_sg3_wk_waschmaschine_wk_waschmaschine_leistung,3.9,2026-05-27T15:38:34.645Z
sensor.shelly_plug_sg3_wk_waschmaschine_wk_waschmaschine_leistung,5.4,2026-05-27T15:38:35.662Z
sensor.shelly_plug_sg3_wk_waschmaschine_wk_waschmaschine_leistung,126.4,2026-05-27T15:38:36.699Z
sensor.shelly_plug_sg3_wk_waschmaschine_wk_waschmaschine_leistung,99.9,2026-05-27T15:38:37.727Z
sensor.shelly_plug_sg3_wk_waschmaschine_wk_waschmaschine_leistung,117.9,2026-05-27T15:38:38.755Z
sensor.shelly_plug_sg3_wk_waschmaschine_wk_waschmaschine_leistung,130.6,2026-05-27T15:38:42.869Z
sensor.shelly_plug_sg3_wk_waschmaschine_wk_waschmaschine_leistung,122.5,2026-05-27T15:38:43.896Z
sensor.shelly_plug_sg3_wk_waschmaschine_wk_waschmaschine_leistung,115.3,2026-05-27T15:38:49.035Z
sensor.shelly_plug_sg3_wk_waschmaschine_wk_waschmaschine_leistung,100.2,2026-05-27T15:38:51.091Z
sensor.shelly_plug_sg3_wk_waschmaschine_wk_waschmaschine_leistung,82.3,2026-05-27T15:38:52.119Z
sensor.shelly_plug_sg3_wk_waschmaschine_wk_waschmaschine_leistung,78.0,2026-05-27T15:38:53.139Z
sensor.shelly_plug_sg3_wk_waschmaschine_wk_waschmaschine_leistung,110.0,2026-05-27T15:38:54.176Z
sensor.shelly_plug_sg3_wk_waschmaschine_wk_waschmaschine_leistung,116.7,2026-05-27T15:38:56.232Z
sensor.shelly_plug_sg3_wk_waschmaschine_wk_waschmaschine_leistung,105.7,2026-05-27T15:38:57.261Z
sensor.shelly_plug_sg3_wk_waschmaschine_wk_waschmaschine_leistung,120.0,2026-05-27T15:38:58.289Z
sensor.shelly_plug_sg3_wk_waschmaschine_wk_waschmaschine_leistung,109.2,2026-05-27T15:38:59.320Z
sensor.shelly_plug_sg3_wk_waschmaschine_wk_waschmaschine_leistung,115.9,2026-05-27T15:39:01.374Z
sensor.shelly_plug_sg3_wk_waschmaschine_wk_waschmaschine_leistung,103.8,2026-05-27T15:39:02.402Z
sensor.shelly_plug_sg3_wk_waschmaschine_wk_waschmaschine_leistung,96.8,2026-05-27T15:39:04.459Z
sensor.shelly_plug_sg3_wk_waschmaschine_wk_waschmaschine_leistung,83.9,2026-05-27T15:39:05.485Z
sensor.shelly_plug_sg3_wk_waschmaschine_wk_waschmaschine_leistung,6.2,2026-05-27T15:39:06.513Z
sensor.shelly_plug_sg3_wk_waschmaschine_wk_waschmaschine_leistung,3.6,2026-05-27T15:39:07.542Z
sensor.shelly_plug_sg3_wk_waschmaschine_wk_waschmaschine_leistung,61.0,2026-05-27T15:39:08.570Z
sensor.shelly_plug_sg3_wk_waschmaschine_wk_waschmaschine_leistung,93.8,2026-05-27T15:39:09.599Z
sensor.shelly_plug_sg3_wk_waschmaschine_wk_waschmaschine_leistung,100.2,2026-05-27T15:39:11.655Z
sensor.shelly_plug_sg3_wk_waschmaschine_wk_waschmaschine_leistung,115.2,2026-05-27T15:39:13.713Z
sensor.shelly_plug_sg3_wk_waschmaschine_wk_waschmaschine_leistung,123.3,2026-05-27T15:39:15.767Z
sensor.shelly_plug_sg3_wk_waschmaschine_wk_waschmaschine_leistung,116.4,2026-05-27T15:39:20.908Z
sensor.shelly_plug_sg3_wk_waschmaschine_wk_waschmaschine_leistung,133.6,2026-05-27T15:39:21.935Z
sensor.shelly_plug_sg3_wk_waschmaschine_wk_waschmaschine_leistung,106.7,2026-05-27T15:39:22.965Z
sensor.shelly_plug_sg3_wk_waschmaschine_wk_waschmaschine_leistung,86.4,2026-05-27T15:39:23.996Z
sensor.shelly_plug_sg3_wk_waschmaschine_wk_waschmaschine_leistung,79.3,2026-05-27T15:39:26.048Z
sensor.shelly_plug_sg3_wk_waschmaschine_wk_waschmaschine_leistung,83.4,2026-05-27T15:39:27.076Z
sensor.shelly_plug_sg3_wk_waschmaschine_wk_waschmaschine_leistung,113.0,2026-05-27T15:39:28.105Z
sensor.shelly_plug_sg3_wk_waschmaschine_wk_waschmaschine_leistung,97.8,2026-05-27T15:39:29.132Z
sensor.shelly_plug_sg3_wk_waschmaschine_wk_waschmaschine_leistung,108.2,2026-05-27T15:39:30.161Z
sensor.shelly_plug_sg3_wk_waschmaschine_wk_waschmaschine_leistung,98.9,2026-05-27T15:39:31.188Z
sensor.shelly_plug_sg3_wk_waschmaschine_wk_waschmaschine_leistung,107.0,2026-05-27T15:39:32.216Z
sensor.shelly_plug_sg3_wk_waschmaschine_wk_waschmaschine_leistung,93.8,2026-05-27T15:39:34.272Z
sensor.shelly_plug_sg3_wk_waschmaschine_wk_waschmaschine_leistung,22.2,2026-05-27T15:39:39.412Z
sensor.shelly_plug_sg3_wk_waschmaschine_wk_waschmaschine_leistung,3.7,2026-05-27T15:39:40.440Z
sensor.shelly_plug_sg3_wk_waschmaschine_wk_waschmaschine_leistung,45.6,2026-05-27T15:39:41.468Z
sensor.shelly_plug_sg3_wk_waschmaschine_wk_waschmaschine_leistung,113.5,2026-05-27T15:39:42.497Z
sensor.shelly_plug_sg3_wk_waschmaschine_wk_waschmaschine_leistung,103.2,2026-05-27T15:39:43.525Z
sensor.shelly_plug_sg3_wk_waschmaschine_wk_waschmaschine_leistung,116.5,2026-05-27T15:39:44.555Z
sensor.shelly_plug_sg3_wk_waschmaschine_wk_waschmaschine_leistung,124.2,2026-05-27T15:39:49.695Z
sensor.shelly_plug_sg3_wk_waschmaschine_wk_waschmaschine_leistung,112.3,2026-05-27T15:39:50.720Z
sensor.shelly_plug_sg3_wk_waschmaschine_wk_waschmaschine_leistung,100.4,2026-05-27T15:39:54.833Z
sensor.shelly_plug_sg3_wk_waschmaschine_wk_waschmaschine_leistung,124.9,2026-05-27T15:39:55.860Z
sensor.shelly_plug_sg3_wk_waschmaschine_wk_waschmaschine_leistung,99.9,2026-05-27T15:39:56.888Z
sensor.shelly_plug_sg3_wk_waschmaschine_wk_waschmaschine_leistung,110.0,2026-05-27T15:39:58.944Z
sensor.shelly_plug_sg3_wk_waschmaschine_wk_waschmaschine_leistung,118.1,2026-05-27T15:39:59.972Z
sensor.shelly_plug_sg3_wk_waschmaschine_wk_waschmaschine_leistung,110.5,2026-05-27T15:40:04.085Z
sensor.shelly_plug_sg3_wk_waschmaschine_wk_waschmaschine_leistung,104.8,2026-05-27T15:40:07.159Z
sensor.shelly_plug_sg3_wk_waschmaschine_wk_waschmaschine_leistung,92.9,2026-05-27T15:40:08.196Z
sensor.shelly_plug_sg3_wk_waschmaschine_wk_waschmaschine_leistung,12.4,2026-05-27T15:40:12.308Z
sensor.shelly_plug_sg3_wk_waschmaschine_wk_waschmaschine_leistung,3.6,2026-05-27T15:40:13.336Z
sensor.shelly_plug_sg3_wk_waschmaschine_wk_waschmaschine_leistung,43.7,2026-05-27T15:40:14.364Z
sensor.shelly_plug_sg3_wk_waschmaschine_wk_waschmaschine_leistung,80.1,2026-05-27T15:40:15.392Z
sensor.shelly_plug_sg3_wk_waschmaschine_wk_waschmaschine_leistung,92.8,2026-05-27T15:40:17.454Z
sensor.shelly_plug_sg3_wk_waschmaschine_wk_waschmaschine_leistung,104.0,2026-05-27T15:40:19.505Z
sensor.shelly_plug_sg3_wk_waschmaschine_wk_waschmaschine_leistung,112.2,2026-05-27T15:40:21.561Z
sensor.shelly_plug_sg3_wk_waschmaschine_wk_waschmaschine_leistung,118.8,2026-05-27T15:40:23.618Z
sensor.shelly_plug_sg3_wk_waschmaschine_wk_waschmaschine_leistung,108.7,2026-05-27T15:40:24.649Z
sensor.shelly_plug_sg3_wk_waschmaschine_wk_waschmaschine_leistung,102.5,2026-05-27T15:40:25.664Z
sensor.shelly_plug_sg3_wk_waschmaschine_wk_waschmaschine_leistung,111.7,2026-05-27T15:40:26.694Z
sensor.shelly_plug_sg3_wk_waschmaschine_wk_waschmaschine_leistung,93.3,2026-05-27T15:40:28.757Z
sensor.shelly_plug_sg3_wk_waschmaschine_wk_waschmaschine_leistung,100.2,2026-05-27T15:40:29.786Z
sensor.shelly_plug_sg3_wk_waschmaschine_wk_waschmaschine_leistung,91.9,2026-05-27T15:40:30.814Z
sensor.shelly_plug_sg3_wk_waschmaschine_wk_waschmaschine_leistung,98.3,2026-05-27T15:40:31.832Z
sensor.shelly_plug_sg3_wk_waschmaschine_wk_waschmaschine_leistung,106.7,2026-05-27T15:40:33.898Z
sensor.shelly_plug_sg3_wk_waschmaschine_wk_waschmaschine_leistung,99.2,2026-05-27T15:40:36.983Z
sensor.shelly_plug_sg3_wk_waschmaschine_wk_waschmaschine_leistung,105.0,2026-05-27T15:40:39.040Z
sensor.shelly_plug_sg3_wk_waschmaschine_wk_waschmaschine_leistung,94.9,2026-05-27T15:40:40.066Z
sensor.shelly_plug_sg3_wk_waschmaschine_wk_waschmaschine_leistung,87.6,2026-05-27T15:40:42.122Z
sensor.shelly_plug_sg3_wk_waschmaschine_wk_waschmaschine_leistung,37.2,2026-05-27T15:40:45.208Z
sensor.shelly_plug_sg3_wk_waschmaschine_wk_waschmaschine_leistung,4.2,2026-05-27T15:40:46.235Z
sensor.shelly_plug_sg3_wk_waschmaschine_wk_waschmaschine_leistung,33.3,2026-05-27T15:40:47.263Z
sensor.shelly_plug_sg3_wk_waschmaschine_wk_waschmaschine_leistung,101.1,2026-05-27T15:40:48.292Z
sensor.shelly_plug_sg3_wk_waschmaschine_wk_waschmaschine_leistung,107.7,2026-05-27T15:40:49.311Z
sensor.shelly_plug_sg3_wk_waschmaschine_wk_waschmaschine_leistung,116.2,2026-05-27T15:40:52.404Z
sensor.shelly_plug_sg3_wk_waschmaschine_wk_waschmaschine_leistung,126.7,2026-05-27T15:40:53.434Z
sensor.shelly_plug_sg3_wk_waschmaschine_wk_waschmaschine_leistung,117.1,2026-05-27T15:40:54.461Z
sensor.shelly_plug_sg3_wk_waschmaschine_wk_waschmaschine_leistung,109.4,2026-05-27T15:40:55.489Z
sensor.shelly_plug_sg3_wk_waschmaschine_wk_waschmaschine_leistung,121.2,2026-05-27T15:40:56.517Z
sensor.shelly_plug_sg3_wk_waschmaschine_wk_waschmaschine_leistung,113.3,2026-05-27T15:40:57.545Z
sensor.shelly_plug_sg3_wk_waschmaschine_wk_waschmaschine_leistung,119.6,2026-05-27T15:40:58.574Z
sensor.shelly_plug_sg3_wk_waschmaschine_wk_waschmaschine_leistung,96.4,2026-05-27T15:40:59.602Z
sensor.shelly_plug_sg3_wk_waschmaschine_wk_waschmaschine_leistung,102.4,2026-05-27T15:41:01.648Z
sensor.shelly_plug_sg3_wk_waschmaschine_wk_waschmaschine_leistung,96.4,2026-05-27T15:41:02.676Z
sensor.shelly_plug_sg3_wk_waschmaschine_wk_waschmaschine_leistung,112.3,2026-05-27T15:41:05.771Z
sensor.shelly_plug_sg3_wk_waschmaschine_wk_waschmaschine_leistung,102.7,2026-05-27T15:41:10.911Z
sensor.shelly_plug_sg3_wk_waschmaschine_wk_waschmaschine_leistung,94.4,2026-05-27T15:41:15.021Z
sensor.shelly_plug_sg3_wk_waschmaschine_wk_waschmaschine_leistung,23.4,2026-05-27T15:41:18.105Z
sensor.shelly_plug_sg3_wk_waschmaschine_wk_waschmaschine_leistung,3.7,2026-05-27T15:41:19.133Z
sensor.shelly_plug_sg3_wk_waschmaschine_wk_waschmaschine_leistung,34.8,2026-05-27T15:41:20.161Z
sensor.shelly_plug_sg3_wk_waschmaschine_wk_waschmaschine_leistung,71.1,2026-05-27T15:41:21.190Z
sensor.shelly_plug_sg3_wk_waschmaschine_wk_waschmaschine_leistung,104.6,2026-05-27T15:41:22.218Z
sensor.shelly_plug_sg3_wk_waschmaschine_wk_waschmaschine_leistung,95.9,2026-05-27T15:41:24.274Z
sensor.shelly_plug_sg3_wk_waschmaschine_wk_waschmaschine_leistung,101.5,2026-05-27T15:41:25.302Z
sensor.shelly_plug_sg3_wk_waschmaschine_wk_waschmaschine_leistung,110.2,2026-05-27T15:41:26.331Z
sensor.shelly_plug_sg3_wk_waschmaschine_wk_waschmaschine_leistung,115.8,2026-05-27T15:41:29.404Z
sensor.shelly_plug_sg3_wk_waschmaschine_wk_waschmaschine_leistung,107.1,2026-05-27T15:41:30.432Z
sensor.shelly_plug_sg3_wk_waschmaschine_wk_waschmaschine_leistung,101.0,2026-05-27T15:41:31.470Z
sensor.shelly_plug_sg3_wk_waschmaschine_wk_waschmaschine_leistung,112.2,2026-05-27T15:41:33.526Z
sensor.shelly_plug_sg3_wk_waschmaschine_wk_waschmaschine_leistung,98.9,2026-05-27T15:41:34.555Z
sensor.shelly_plug_sg3_wk_waschmaschine_wk_waschmaschine_leistung,84.9,2026-05-27T15:41:35.582Z
sensor.shelly_plug_sg3_wk_waschmaschine_wk_waschmaschine_leistung,92.3,2026-05-27T15:41:36.611Z
sensor.shelly_plug_sg3_wk_waschmaschine_wk_waschmaschine_leistung,86.1,2026-05-27T15:41:37.639Z
sensor.shelly_plug_sg3_wk_waschmaschine_wk_waschmaschine_leistung,99.2,2026-05-27T15:41:38.667Z
sensor.shelly_plug_sg3_wk_waschmaschine_wk_waschmaschine_leistung,87.7,2026-05-27T15:41:47.922Z
sensor.shelly_plug_sg3_wk_waschmaschine_wk_waschmaschine_leistung,93.4,2026-05-27T15:41:48.947Z
sensor.shelly_plug_sg3_wk_waschmaschine_wk_waschmaschine_leistung,77.0,2026-05-27T15:41:49.975Z
sensor.shelly_plug_sg3_wk_waschmaschine_wk_waschmaschine_leistung,49.2,2026-05-27T15:41:51.006Z
sensor.shelly_plug_sg3_wk_waschmaschine_wk_waschmaschine_leistung,3.6,2026-05-27T15:41:52.034Z
sensor.shelly_plug_sg3_wk_waschmaschine_wk_waschmaschine_leistung,30.3,2026-05-27T15:41:53.061Z
sensor.shelly_plug_sg3_wk_waschmaschine_wk_waschmaschine_leistung,102.0,2026-05-27T15:41:54.089Z
sensor.shelly_plug_sg3_wk_waschmaschine_wk_waschmaschine_leistung,112.0,2026-05-27T15:41:55.117Z
sensor.shelly_plug_sg3_wk_waschmaschine_wk_waschmaschine_leistung,123.3,2026-05-27T15:41:59.231Z
sensor.shelly_plug_sg3_wk_waschmaschine_wk_waschmaschine_leistung,117.1,2026-05-27T15:42:01.285Z
sensor.shelly_plug_sg3_wk_waschmaschine_wk_waschmaschine_leistung,123.0,2026-05-27T15:42:02.314Z
sensor.shelly_plug_sg3_wk_waschmaschine_wk_waschmaschine_leistung,116.3,2026-05-27T15:42:03.344Z
sensor.shelly_plug_sg3_wk_waschmaschine_wk_waschmaschine_leistung,108.4,2026-05-27T15:42:04.372Z
sensor.shelly_plug_sg3_wk_waschmaschine_wk_waschmaschine_leistung,115.1,2026-05-27T15:42:05.398Z
sensor.shelly_plug_sg3_wk_waschmaschine_wk_waschmaschine_leistung,108.7,2026-05-27T15:42:07.444Z
sensor.shelly_plug_sg3_wk_waschmaschine_wk_waschmaschine_leistung,114.9,2026-05-27T15:42:08.473Z
sensor.shelly_plug_sg3_wk_waschmaschine_wk_waschmaschine_leistung,93.1,2026-05-27T15:42:09.513Z
sensor.shelly_plug_sg3_wk_waschmaschine_wk_waschmaschine_leistung,108.8,2026-05-27T15:42:10.539Z
sensor.shelly_plug_sg3_wk_waschmaschine_wk_waschmaschine_leistung,103.1,2026-05-27T15:42:12.586Z
sensor.shelly_plug_sg3_wk_waschmaschine_wk_waschmaschine_leistung,112.5,2026-05-27T15:42:14.642Z
sensor.shelly_plug_sg3_wk_waschmaschine_wk_waschmaschine_leistung,100.2,2026-05-27T15:42:18.763Z
sensor.shelly_plug_sg3_wk_waschmaschine_wk_waschmaschine_leistung,91.3,2026-05-27T15:42:22.876Z
sensor.shelly_plug_sg3_wk_waschmaschine_wk_waschmaschine_leistung,35.8,2026-05-27T15:42:23.902Z
sensor.shelly_plug_sg3_wk_waschmaschine_wk_waschmaschine_leistung,3.7,2026-05-27T15:42:24.930Z
sensor.shelly_plug_sg3_wk_waschmaschine_wk_waschmaschine_leistung,36.2,2026-05-27T15:42:25.967Z
sensor.shelly_plug_sg3_wk_waschmaschine_wk_waschmaschine_leistung,79.2,2026-05-27T15:42:26.989Z
sensor.shelly_plug_sg3_wk_waschmaschine_wk_waschmaschine_leistung,96.1,2026-05-27T15:42:28.015Z
sensor.shelly_plug_sg3_wk_waschmaschine_wk_waschmaschine_leistung,103.7,2026-05-27T15:42:29.043Z
sensor.shelly_plug_sg3_wk_waschmaschine_wk_waschmaschine_leistung,96.8,2026-05-27T15:42:30.073Z
sensor.shelly_plug_sg3_wk_waschmaschine_wk_waschmaschine_leistung,102.4,2026-05-27T15:42:31.090Z
sensor.shelly_plug_sg3_wk_waschmaschine_wk_waschmaschine_leistung,110.0,2026-05-27T15:42:33.156Z
sensor.shelly_plug_sg3_wk_waschmaschine_wk_waschmaschine_leistung,117.3,2026-05-27T15:42:34.185Z
sensor.shelly_plug_sg3_wk_waschmaschine_wk_waschmaschine_leistung,105.0,2026-05-27T15:42:36.241Z
sensor.shelly_plug_sg3_wk_waschmaschine_wk_waschmaschine_leistung,115.5,2026-05-27T15:42:37.269Z
sensor.shelly_plug_sg3_wk_waschmaschine_wk_waschmaschine_leistung,106.4,2026-05-27T15:42:38.300Z
sensor.shelly_plug_sg3_wk_waschmaschine_wk_waschmaschine_leistung,94.7,2026-05-27T15:42:42.409Z
sensor.shelly_plug_sg3_wk_waschmaschine_wk_waschmaschine_leistung,101.9,2026-05-27T15:42:43.437Z
sensor.shelly_plug_sg3_wk_waschmaschine_wk_waschmaschine_leistung,109.7,2026-05-27T15:42:44.466Z
sensor.shelly_plug_sg3_wk_waschmaschine_wk_waschmaschine_leistung,103.3,2026-05-27T15:42:48.577Z
sensor.shelly_plug_sg3_wk_waschmaschine_wk_waschmaschine_leistung,110.6,2026-05-27T15:42:49.609Z
sensor.shelly_plug_sg3_wk_waschmaschine_wk_waschmaschine_leistung,101.5,2026-05-27T15:42:50.634Z
sensor.shelly_plug_sg3_wk_waschmaschine_wk_waschmaschine_leistung,107.1,2026-05-27T15:42:51.652Z
sensor.shelly_plug_sg3_wk_waschmaschine_wk_waschmaschine_leistung,97.0,2026-05-27T15:42:52.680Z
sensor.shelly_plug_sg3_wk_waschmaschine_wk_waschmaschine_leistung,92.0,2026-05-27T15:42:53.720Z
sensor.shelly_plug_sg3_wk_waschmaschine_wk_waschmaschine_leistung,4.5,2026-05-27T15:42:56.801Z
sensor.shelly_plug_sg3_wk_waschmaschine_wk_waschmaschine_leistung,18.7,2026-05-27T15:42:58.858Z
sensor.shelly_plug_sg3_wk_waschmaschine_wk_waschmaschine_leistung,92.2,2026-05-27T15:42:59.886Z
sensor.shelly_plug_sg3_wk_waschmaschine_wk_waschmaschine_leistung,108.9,2026-05-27T15:43:00.915Z
sensor.shelly_plug_sg3_wk_waschmaschine_wk_waschmaschine_leistung,127.7,2026-05-27T15:43:02.971Z
sensor.shelly_plug_sg3_wk_waschmaschine_wk_waschmaschine_leistung,112.9,2026-05-27T15:43:03.999Z
sensor.shelly_plug_sg3_wk_waschmaschine_wk_waschmaschine_leistung,122.1,2026-05-27T15:43:05.027Z
sensor.shelly_plug_sg3_wk_waschmaschine_wk_waschmaschine_leistung,128.4,2026-05-27T15:43:07.086Z
sensor.shelly_plug_sg3_wk_waschmaschine_wk_waschmaschine_leistung,105.6,2026-05-27T15:43:09.139Z
sensor.shelly_plug_sg3_wk_waschmaschine_wk_waschmaschine_leistung,126.5,2026-05-27T15:43:10.167Z
sensor.shelly_plug_sg3_wk_waschmaschine_wk_waschmaschine_leistung,110.5,2026-05-27T15:43:11.196Z
sensor.shelly_plug_sg3_wk_waschmaschine_wk_waschmaschine_leistung,122.5,2026-05-27T15:43:12.224Z
sensor.shelly_plug_sg3_wk_waschmaschine_wk_waschmaschine_leistung,109.9,2026-05-27T15:43:13.255Z
sensor.shelly_plug_sg3_wk_waschmaschine_wk_waschmaschine_leistung,119.6,2026-05-27T15:43:14.288Z
sensor.shelly_plug_sg3_wk_waschmaschine_wk_waschmaschine_leistung,105.2,2026-05-27T15:43:15.309Z
sensor.shelly_plug_sg3_wk_waschmaschine_wk_waschmaschine_leistung,111.5,2026-05-27T15:43:17.368Z
sensor.shelly_plug_sg3_wk_waschmaschine_wk_waschmaschine_leistung,121.3,2026-05-27T15:43:19.422Z
sensor.shelly_plug_sg3_wk_waschmaschine_wk_waschmaschine_leistung,111.9,2026-05-27T15:43:20.450Z
sensor.shelly_plug_sg3_wk_waschmaschine_wk_waschmaschine_leistung,102.8,2026-05-27T15:43:23.535Z
sensor.shelly_plug_sg3_wk_waschmaschine_wk_waschmaschine_leistung,97.0,2026-05-27T15:43:28.673Z
sensor.shelly_plug_sg3_wk_waschmaschine_wk_waschmaschine_leistung,3.7,2026-05-27T15:43:29.701Z
sensor.shelly_plug_sg3_wk_waschmaschine_wk_waschmaschine_leistung,26.5,2026-05-27T15:43:31.757Z
sensor.shelly_plug_sg3_wk_waschmaschine_wk_waschmaschine_leistung,98.0,2026-05-27T15:43:32.787Z
sensor.shelly_plug_sg3_wk_waschmaschine_wk_waschmaschine_leistung,91.7,2026-05-27T15:43:34.842Z
sensor.shelly_plug_sg3_wk_waschmaschine_wk_waschmaschine_leistung,96.5,2026-05-27T15:43:35.863Z
sensor.shelly_plug_sg3_wk_waschmaschine_wk_waschmaschine_leistung,104.0,2026-05-27T15:43:36.900Z
sensor.shelly_plug_sg3_wk_waschmaschine_wk_waschmaschine_leistung,110.5,2026-05-27T15:43:38.954Z
sensor.shelly_plug_sg3_wk_waschmaschine_wk_waschmaschine_leistung,118.7,2026-05-27T15:43:43.066Z
sensor.shelly_plug_sg3_wk_waschmaschine_wk_waschmaschine_leistung,109.9,2026-05-27T15:43:45.122Z
sensor.shelly_plug_sg3_wk_waschmaschine_wk_waschmaschine_leistung,94.9,2026-05-27T15:43:46.153Z
sensor.shelly_plug_sg3_wk_waschmaschine_wk_waschmaschine_leistung,102.1,2026-05-27T15:43:47.180Z
sensor.shelly_plug_sg3_wk_waschmaschine_wk_waschmaschine_leistung,68.6,2026-05-27T15:43:48.210Z
sensor.shelly_plug_sg3_wk_waschmaschine_wk_waschmaschine_leistung,85.8,2026-05-27T15:43:50.263Z
sensor.shelly_plug_sg3_wk_waschmaschine_wk_waschmaschine_leistung,104.0,2026-05-27T15:43:51.291Z
sensor.shelly_plug_sg3_wk_waschmaschine_wk_waschmaschine_leistung,93.7,2026-05-27T15:43:58.489Z
sensor.shelly_plug_sg3_wk_waschmaschine_wk_waschmaschine_leistung,98.6,2026-05-27T15:43:59.506Z
sensor.shelly_plug_sg3_wk_waschmaschine_wk_waschmaschine_leistung,91.5,2026-05-27T15:44:00.534Z
sensor.shelly_plug_sg3_wk_waschmaschine_wk_waschmaschine_leistung,72.1,2026-05-27T15:44:02.600Z
sensor.shelly_plug_sg3_wk_waschmaschine_wk_waschmaschine_leistung,6.6,2026-05-27T15:44:03.630Z
sensor.shelly_plug_sg3_wk_waschmaschine_wk_waschmaschine_leistung,3.9,2026-05-27T15:44:04.658Z
sensor.shelly_plug_sg3_wk_waschmaschine_wk_waschmaschine_leistung,73.0,2026-05-27T15:44:05.676Z
sensor.shelly_plug_sg3_wk_waschmaschine_wk_waschmaschine_leistung,122.0,2026-05-27T15:44:06.712Z
sensor.shelly_plug_sg3_wk_waschmaschine_wk_waschmaschine_leistung,108.9,2026-05-27T15:44:07.740Z
sensor.shelly_plug_sg3_wk_waschmaschine_wk_waschmaschine_leistung,114.7,2026-05-27T15:44:08.759Z
sensor.shelly_plug_sg3_wk_waschmaschine_wk_waschmaschine_leistung,127.9,2026-05-27T15:44:11.852Z
sensor.shelly_plug_sg3_wk_waschmaschine_wk_waschmaschine_leistung,120.6,2026-05-27T15:44:16.992Z
sensor.shelly_plug_sg3_wk_waschmaschine_wk_waschmaschine_leistung,112.3,2026-05-27T15:44:18.022Z
sensor.shelly_plug_sg3_wk_waschmaschine_wk_waschmaschine_leistung,120.5,2026-05-27T15:44:19.048Z
sensor.shelly_plug_sg3_wk_waschmaschine_wk_waschmaschine_leistung,105.9,2026-05-27T15:44:20.076Z
sensor.shelly_plug_sg3_wk_waschmaschine_wk_waschmaschine_leistung,84.0,2026-05-27T15:44:21.104Z
sensor.shelly_plug_sg3_wk_waschmaschine_wk_waschmaschine_leistung,91.9,2026-05-27T15:44:23.163Z
sensor.shelly_plug_sg3_wk_waschmaschine_wk_waschmaschine_leistung,101.8,2026-05-27T15:44:24.189Z
sensor.shelly_plug_sg3_wk_waschmaschine_wk_waschmaschine_leistung,108.8,2026-05-27T15:44:26.245Z
sensor.shelly_plug_sg3_wk_waschmaschine_wk_waschmaschine_leistung,102.2,2026-05-27T15:44:31.375Z
sensor.shelly_plug_sg3_wk_waschmaschine_wk_waschmaschine_leistung,93.5,2026-05-27T15:44:33.440Z
sensor.shelly_plug_sg3_wk_waschmaschine_wk_waschmaschine_leistung,99.8,2026-05-27T15:44:34.470Z
sensor.shelly_plug_sg3_wk_waschmaschine_wk_waschmaschine_leistung,64.3,2026-05-27T15:44:35.497Z
sensor.shelly_plug_sg3_wk_waschmaschine_wk_waschmaschine_leistung,4.6,2026-05-27T15:44:36.525Z
sensor.shelly_plug_sg3_wk_waschmaschine_wk_waschmaschine_leistung,63.2,2026-05-27T15:44:38.583Z
sensor.shelly_plug_sg3_wk_waschmaschine_wk_waschmaschine_leistung,99.4,2026-05-27T15:44:39.609Z
sensor.shelly_plug_sg3_wk_waschmaschine_wk_waschmaschine_leistung,86.4,2026-05-27T15:44:40.637Z
sensor.shelly_plug_sg3_wk_waschmaschine_wk_waschmaschine_leistung,92.4,2026-05-27T15:44:41.666Z
sensor.shelly_plug_sg3_wk_waschmaschine_wk_waschmaschine_leistung,103.8,2026-05-27T15:44:42.694Z
sensor.shelly_plug_sg3_wk_waschmaschine_wk_waschmaschine_leistung,112.6,2026-05-27T15:44:46.806Z
sensor.shelly_plug_sg3_wk_waschmaschine_wk_waschmaschine_leistung,122.4,2026-05-27T15:44:47.838Z
sensor.shelly_plug_sg3_wk_waschmaschine_wk_waschmaschine_leistung,115.8,2026-05-27T15:44:48.862Z
sensor.shelly_plug_sg3_wk_waschmaschine_wk_waschmaschine_leistung,86.9,2026-05-27T15:44:52.974Z
sensor.shelly_plug_sg3_wk_waschmaschine_wk_waschmaschine_leistung,76.1,2026-05-27T15:44:54.003Z
sensor.shelly_plug_sg3_wk_waschmaschine_wk_waschmaschine_leistung,83.3,2026-05-27T15:44:56.058Z
sensor.shelly_plug_sg3_wk_waschmaschine_wk_waschmaschine_leistung,99.4,2026-05-27T15:44:57.089Z
sensor.shelly_plug_sg3_wk_waschmaschine_wk_waschmaschine_leistung,108.5,2026-05-27T15:44:58.115Z
sensor.shelly_plug_sg3_wk_waschmaschine_wk_waschmaschine_leistung,98.8,2026-05-27T15:44:59.145Z
sensor.shelly_plug_sg3_wk_waschmaschine_wk_waschmaschine_leistung,105.6,2026-05-27T15:45:00.172Z
sensor.shelly_plug_sg3_wk_waschmaschine_wk_waschmaschine_leistung,99.1,2026-05-27T15:45:03.257Z
sensor.shelly_plug_sg3_wk_waschmaschine_wk_waschmaschine_leistung,92.4,2026-05-27T15:45:04.286Z
sensor.shelly_plug_sg3_wk_waschmaschine_wk_waschmaschine_leistung,87.0,2026-05-27T15:45:06.331Z
sensor.shelly_plug_sg3_wk_waschmaschine_wk_waschmaschine_leistung,35.7,2026-05-27T15:45:09.427Z
sensor.shelly_plug_sg3_wk_waschmaschine_wk_waschmaschine_leistung,4.3,2026-05-27T15:45:10.453Z
sensor.shelly_plug_sg3_wk_waschmaschine_wk_waschmaschine_leistung,31.6,2026-05-27T15:45:11.481Z
sensor.shelly_plug_sg3_wk_waschmaschine_wk_waschmaschine_leistung,91.4,2026-05-27T15:45:12.509Z
sensor.shelly_plug_sg3_wk_waschmaschine_wk_waschmaschine_leistung,118.1,2026-05-27T15:45:13.541Z
sensor.shelly_plug_sg3_wk_waschmaschine_wk_waschmaschine_leistung,124.6,2026-05-27T15:45:18.678Z
sensor.shelly_plug_sg3_wk_waschmaschine_wk_waschmaschine_leistung,116.5,2026-05-27T15:45:20.734Z
sensor.shelly_plug_sg3_wk_waschmaschine_wk_waschmaschine_leistung,123.5,2026-05-27T15:45:21.762Z
sensor.shelly_plug_sg3_wk_waschmaschine_wk_waschmaschine_leistung,107.5,2026-05-27T15:45:22.792Z
sensor.shelly_plug_sg3_wk_waschmaschine_wk_waschmaschine_leistung,125.2,2026-05-27T15:45:23.818Z
sensor.shelly_plug_sg3_wk_waschmaschine_wk_waschmaschine_leistung,107.8,2026-05-27T15:45:24.846Z
sensor.shelly_plug_sg3_wk_waschmaschine_wk_waschmaschine_leistung,93.8,2026-05-27T15:45:26.903Z
sensor.shelly_plug_sg3_wk_waschmaschine_wk_waschmaschine_leistung,83.6,2026-05-27T15:45:28.959Z
sensor.shelly_plug_sg3_wk_waschmaschine_wk_waschmaschine_leistung,101.4,2026-05-27T15:45:29.988Z
sensor.shelly_plug_sg3_wk_waschmaschine_wk_waschmaschine_leistung,118.1,2026-05-27T15:45:31.019Z
sensor.shelly_plug_sg3_wk_waschmaschine_wk_waschmaschine_leistung,107.0,2026-05-27T15:45:35.127Z
sensor.shelly_plug_sg3_wk_waschmaschine_wk_waschmaschine_leistung,100.8,2026-05-27T15:45:38.204Z
sensor.shelly_plug_sg3_wk_waschmaschine_wk_waschmaschine_leistung,93.3,2026-05-27T15:45:41.288Z
sensor.shelly_plug_sg3_wk_waschmaschine_wk_waschmaschine_leistung,33.7,2026-05-27T15:45:42.323Z
sensor.shelly_plug_sg3_wk_waschmaschine_wk_waschmaschine_leistung,3.7,2026-05-27T15:45:43.351Z
sensor.shelly_plug_sg3_wk_waschmaschine_wk_waschmaschine_leistung,35.5,2026-05-27T15:45:44.380Z
sensor.shelly_plug_sg3_wk_waschmaschine_wk_waschmaschine_leistung,80.4,2026-05-27T15:45:45.408Z
sensor.shelly_plug_sg3_wk_waschmaschine_wk_waschmaschine_leistung,106.3,2026-05-27T15:45:46.436Z
sensor.shelly_plug_sg3_wk_waschmaschine_wk_waschmaschine_leistung,99.1,2026-05-27T15:45:49.515Z
sensor.shelly_plug_sg3_wk_waschmaschine_wk_waschmaschine_leistung,110.1,2026-05-27T15:45:50.549Z
sensor.shelly_plug_sg3_wk_waschmaschine_wk_waschmaschine_leistung,116.5,2026-05-27T15:45:53.638Z
sensor.shelly_plug_sg3_wk_waschmaschine_wk_waschmaschine_leistung,108.2,2026-05-27T15:45:57.745Z
sensor.shelly_plug_sg3_wk_waschmaschine_wk_waschmaschine_leistung,114.7,2026-05-27T15:45:59.794Z
sensor.shelly_plug_sg3_wk_waschmaschine_wk_waschmaschine_leistung,105.7,2026-05-27T15:46:00.823Z
sensor.shelly_plug_sg3_wk_waschmaschine_wk_waschmaschine_leistung,111.2,2026-05-27T15:46:05.960Z
sensor.shelly_plug_sg3_wk_waschmaschine_wk_waschmaschine_leistung,100.3,2026-05-27T15:46:09.054Z
sensor.shelly_plug_sg3_wk_waschmaschine_wk_waschmaschine_leistung,90.2,2026-05-27T15:46:12.140Z
sensor.shelly_plug_sg3_wk_waschmaschine_wk_waschmaschine_leistung,77.5,2026-05-27T15:46:15.214Z
sensor.shelly_plug_sg3_wk_waschmaschine_wk_waschmaschine_leistung,3.8,2026-05-27T15:46:16.252Z
sensor.shelly_plug_sg3_wk_waschmaschine_wk_waschmaschine_leistung,12.9,2026-05-27T15:46:17.278Z
sensor.shelly_plug_sg3_wk_waschmaschine_wk_waschmaschine_leistung,100.1,2026-05-27T15:46:18.306Z
sensor.shelly_plug_sg3_wk_waschmaschine_wk_waschmaschine_leistung,119.1,2026-05-27T15:46:19.337Z
sensor.shelly_plug_sg3_wk_waschmaschine_wk_waschmaschine_leistung,128.1,2026-05-27T15:46:23.437Z
sensor.shelly_plug_sg3_wk_waschmaschine_wk_waschmaschine_leistung,121.1,2026-05-27T15:46:25.495Z
sensor.shelly_plug_sg3_wk_waschmaschine_wk_waschmaschine_leistung,113.7,2026-05-27T15:46:26.530Z
sensor.shelly_plug_sg3_wk_waschmaschine_wk_waschmaschine_leistung,122.6,2026-05-27T15:46:28.587Z
sensor.shelly_plug_sg3_wk_waschmaschine_wk_waschmaschine_leistung,130.3,2026-05-27T15:46:30.634Z
sensor.shelly_plug_sg3_wk_waschmaschine_wk_waschmaschine_leistung,120.9,2026-05-27T15:46:31.662Z
sensor.shelly_plug_sg3_wk_waschmaschine_wk_waschmaschine_leistung,96.0,2026-05-27T15:46:34.754Z
sensor.shelly_plug_sg3_wk_waschmaschine_wk_waschmaschine_leistung,108.3,2026-05-27T15:46:35.783Z
sensor.shelly_plug_sg3_wk_waschmaschine_wk_waschmaschine_leistung,90.9,2026-05-27T15:46:36.811Z
sensor.shelly_plug_sg3_wk_waschmaschine_wk_waschmaschine_leistung,109.6,2026-05-27T15:46:37.839Z
sensor.shelly_plug_sg3_wk_waschmaschine_wk_waschmaschine_leistung,103.8,2026-05-27T15:46:40.914Z
sensor.shelly_plug_sg3_wk_waschmaschine_wk_waschmaschine_leistung,112.6,2026-05-27T15:46:41.942Z
sensor.shelly_plug_sg3_wk_waschmaschine_wk_waschmaschine_leistung,103.1,2026-05-27T15:46:44.008Z
sensor.shelly_plug_sg3_wk_waschmaschine_wk_waschmaschine_leistung,97.8,2026-05-27T15:46:48.114Z
sensor.shelly_plug_sg3_wk_waschmaschine_wk_waschmaschine_leistung,3.6,2026-05-27T15:46:49.148Z
sensor.shelly_plug_sg3_wk_waschmaschine_wk_waschmaschine_leistung,49.5,2026-05-27T15:46:51.206Z
sensor.shelly_plug_sg3_wk_waschmaschine_wk_waschmaschine_leistung,90.9,2026-05-27T15:46:52.232Z
sensor.shelly_plug_sg3_wk_waschmaschine_wk_waschmaschine_leistung,102.5,2026-05-27T15:46:53.262Z
sensor.shelly_plug_sg3_wk_waschmaschine_wk_waschmaschine_leistung,108.9,2026-05-27T15:46:55.318Z
sensor.shelly_plug_sg3_wk_waschmaschine_wk_waschmaschine_leistung,114.5,2026-05-27T15:46:56.335Z
sensor.shelly_plug_sg3_wk_waschmaschine_wk_waschmaschine_leistung,107.2,2026-05-27T15:46:58.393Z
sensor.shelly_plug_sg3_wk_waschmaschine_wk_waschmaschine_leistung,111.2,2026-05-27T15:47:00.018Z
sensor.shelly_plug_sg3_wk_waschmaschine_wk_waschmaschine_leistung,97.5,2026-05-27T15:47:05.595Z
sensor.shelly_plug_sg3_wk_waschmaschine_wk_waschmaschine_leistung,91.1,2026-05-27T15:47:07.651Z
sensor.shelly_plug_sg3_wk_waschmaschine_wk_waschmaschine_leistung,105.0,2026-05-27T15:47:10.737Z
sensor.shelly_plug_sg3_wk_waschmaschine_wk_waschmaschine_leistung,96.7,2026-05-27T15:47:15.875Z
sensor.shelly_plug_sg3_wk_waschmaschine_wk_waschmaschine_leistung,88.5,2026-05-27T15:47:17.931Z
sensor.shelly_plug_sg3_wk_waschmaschine_wk_waschmaschine_leistung,71.9,2026-05-27T15:47:21.015Z
sensor.shelly_plug_sg3_wk_waschmaschine_wk_waschmaschine_leistung,3.9,2026-05-27T15:47:22.043Z
sensor.shelly_plug_sg3_wk_waschmaschine_wk_waschmaschine_leistung,64.8,2026-05-27T15:47:24.098Z
sensor.shelly_plug_sg3_wk_waschmaschine_wk_waschmaschine_leistung,104.9,2026-05-27T15:47:25.127Z
sensor.shelly_plug_sg3_wk_waschmaschine_wk_waschmaschine_leistung,112.3,2026-05-27T15:47:26.158Z
sensor.shelly_plug_sg3_wk_waschmaschine_wk_waschmaschine_leistung,118.1,2026-05-27T15:47:29.230Z
sensor.shelly_plug_sg3_wk_waschmaschine_wk_waschmaschine_leistung,124.7,2026-05-27T15:47:31.296Z
sensor.shelly_plug_sg3_wk_waschmaschine_wk_waschmaschine_leistung,112.8,2026-05-27T15:47:32.327Z
sensor.shelly_plug_sg3_wk_waschmaschine_wk_waschmaschine_leistung,120.4,2026-05-27T15:47:33.354Z
sensor.shelly_plug_sg3_wk_waschmaschine_wk_waschmaschine_leistung,111.5,2026-05-27T15:47:34.381Z
sensor.shelly_plug_sg3_wk_waschmaschine_wk_waschmaschine_leistung,124.0,2026-05-27T15:47:35.411Z
sensor.shelly_plug_sg3_wk_waschmaschine_wk_waschmaschine_leistung,107.5,2026-05-27T15:47:37.468Z
sensor.shelly_plug_sg3_wk_waschmaschine_wk_waschmaschine_leistung,123.9,2026-05-27T15:47:38.494Z
sensor.shelly_plug_sg3_wk_waschmaschine_wk_waschmaschine_leistung,112.0,2026-05-27T15:47:40.559Z
sensor.shelly_plug_sg3_wk_waschmaschine_wk_waschmaschine_leistung,105.0,2026-05-27T15:47:41.578Z
sensor.shelly_plug_sg3_wk_waschmaschine_wk_waschmaschine_leistung,117.5,2026-05-27T15:47:42.606Z
sensor.shelly_plug_sg3_wk_waschmaschine_wk_waschmaschine_leistung,106.9,2026-05-27T15:47:45.690Z
sensor.shelly_plug_sg3_wk_waschmaschine_wk_waschmaschine_leistung,98.6,2026-05-27T15:47:51.857Z
sensor.shelly_plug_sg3_wk_waschmaschine_wk_waschmaschine_leistung,83.3,2026-05-27T15:47:53.913Z
sensor.shelly_plug_sg3_wk_waschmaschine_wk_waschmaschine_leistung,3.7,2026-05-27T15:47:54.941Z
sensor.shelly_plug_sg3_wk_waschmaschine_wk_waschmaschine_leistung,6.6,2026-05-27T15:47:55.960Z
sensor.shelly_plug_sg3_wk_waschmaschine_wk_waschmaschine_leistung,62.6,2026-05-27T15:47:56.997Z
sensor.shelly_plug_sg3_wk_waschmaschine_wk_waschmaschine_leistung,84.6,2026-05-27T15:47:58.026Z
sensor.shelly_plug_sg3_wk_waschmaschine_wk_waschmaschine_leistung,111.9,2026-05-27T15:47:59.054Z
sensor.shelly_plug_sg3_wk_waschmaschine_wk_waschmaschine_leistung,98.0,2026-05-27T15:48:00.084Z
sensor.shelly_plug_sg3_wk_waschmaschine_wk_waschmaschine_leistung,106.4,2026-05-27T15:48:02.138Z
sensor.shelly_plug_sg3_wk_waschmaschine_wk_waschmaschine_leistung,117.5,2026-05-27T15:48:05.223Z
sensor.shelly_plug_sg3_wk_waschmaschine_wk_waschmaschine_leistung,124.6,2026-05-27T15:48:10.363Z
sensor.shelly_plug_sg3_wk_waschmaschine_wk_waschmaschine_leistung,102.6,2026-05-27T15:48:12.421Z
sensor.shelly_plug_sg3_wk_waschmaschine_wk_waschmaschine_leistung,110.9,2026-05-27T15:48:16.530Z
sensor.shelly_plug_sg3_wk_waschmaschine_wk_waschmaschine_leistung,103.3,2026-05-27T15:48:17.561Z
sensor.shelly_plug_sg3_wk_waschmaschine_wk_waschmaschine_leistung,95.4,2026-05-27T15:48:22.697Z
sensor.shelly_plug_sg3_wk_waschmaschine_wk_waschmaschine_leistung,85.7,2026-05-27T15:48:23.725Z
sensor.shelly_plug_sg3_wk_waschmaschine_wk_waschmaschine_leistung,9.5,2026-05-27T15:48:26.809Z
sensor.shelly_plug_sg3_wk_waschmaschine_wk_waschmaschine_leistung,3.6,2026-05-27T15:48:27.838Z
sensor.shelly_plug_sg3_wk_waschmaschine_wk_waschmaschine_leistung,60.7,2026-05-27T15:48:29.893Z
sensor.shelly_plug_sg3_wk_waschmaschine_wk_waschmaschine_leistung,106.9,2026-05-27T15:48:30.922Z
sensor.shelly_plug_sg3_wk_waschmaschine_wk_waschmaschine_leistung,124.4,2026-05-27T15:48:34.007Z
sensor.shelly_plug_sg3_wk_waschmaschine_wk_waschmaschine_leistung,110.9,2026-05-27T15:48:35.034Z
sensor.shelly_plug_sg3_wk_waschmaschine_wk_waschmaschine_leistung,122.4,2026-05-27T15:48:36.064Z
sensor.shelly_plug_sg3_wk_waschmaschine_wk_waschmaschine_leistung,92.8,2026-05-27T15:48:44.286Z
sensor.shelly_plug_sg3_wk_waschmaschine_wk_waschmaschine_leistung,88.0,2026-05-27T15:48:46.342Z
sensor.shelly_plug_sg3_wk_waschmaschine_wk_waschmaschine_leistung,113.9,2026-05-27T15:48:47.370Z
sensor.shelly_plug_sg3_wk_waschmaschine_wk_waschmaschine_leistung,105.6,2026-05-27T15:48:49.426Z
sensor.shelly_plug_sg3_wk_waschmaschine_wk_waschmaschine_leistung,99.3,2026-05-27T15:48:55.594Z
sensor.shelly_plug_sg3_wk_waschmaschine_wk_waschmaschine_leistung,6.7,2026-05-27T15:48:59.708Z
sensor.shelly_plug_sg3_wk_waschmaschine_wk_waschmaschine_leistung,3.6,2026-05-27T15:49:00.734Z
sensor.shelly_plug_sg3_wk_waschmaschine_wk_waschmaschine_leistung,5.8,2026-05-27T15:49:01.753Z
sensor.shelly_plug_sg3_wk_waschmaschine_wk_waschmaschine_leistung,56.6,2026-05-27T15:49:02.791Z
sensor.shelly_plug_sg3_wk_waschmaschine_wk_waschmaschine_leistung,83.5,2026-05-27T15:49:03.819Z
sensor.shelly_plug_sg3_wk_waschmaschine_wk_waschmaschine_leistung,95.3,2026-05-27T15:49:05.875Z
sensor.shelly_plug_sg3_wk_waschmaschine_wk_waschmaschine_leistung,101.9,2026-05-27T15:49:06.903Z
sensor.shelly_plug_sg3_wk_waschmaschine_wk_waschmaschine_leistung,108.8,2026-05-27T15:49:08.960Z
sensor.shelly_plug_sg3_wk_waschmaschine_wk_waschmaschine_leistung,78.7,2026-05-27T15:49:18.212Z
sensor.shelly_plug_sg3_wk_waschmaschine_wk_waschmaschine_leistung,61.6,2026-05-27T15:49:19.240Z
sensor.shelly_plug_sg3_wk_waschmaschine_wk_waschmaschine_leistung,54.0,2026-05-27T15:49:20.270Z
sensor.shelly_plug_sg3_wk_waschmaschine_wk_waschmaschine_leistung,69.9,2026-05-27T15:49:21.296Z
sensor.shelly_plug_sg3_wk_waschmaschine_wk_waschmaschine_leistung,80.5,2026-05-27T15:49:22.323Z
sensor.shelly_plug_sg3_wk_waschmaschine_wk_waschmaschine_leistung,91.6,2026-05-27T15:49:23.354Z
sensor.shelly_plug_sg3_wk_waschmaschine_wk_waschmaschine_leistung,104.5,2026-05-27T15:49:25.407Z
sensor.shelly_plug_sg3_wk_waschmaschine_wk_waschmaschine_leistung,92.1,2026-05-27T15:49:30.547Z
sensor.shelly_plug_sg3_wk_waschmaschine_wk_waschmaschine_leistung,85.9,2026-05-27T15:49:32.603Z
sensor.shelly_plug_sg3_wk_waschmaschine_wk_waschmaschine_leistung,63.1,2026-05-27T15:49:33.633Z
sensor.shelly_plug_sg3_wk_waschmaschine_wk_waschmaschine_leistung,4.6,2026-05-27T15:49:34.660Z
sensor.shelly_plug_sg3_wk_waschmaschine_wk_waschmaschine_leistung,13.2,2026-05-27T15:49:35.688Z
sensor.shelly_plug_sg3_wk_waschmaschine_wk_waschmaschine_leistung,83.8,2026-05-27T15:49:36.716Z
sensor.shelly_plug_sg3_wk_waschmaschine_wk_waschmaschine_leistung,110.1,2026-05-27T15:49:37.747Z
sensor.shelly_plug_sg3_wk_waschmaschine_wk_waschmaschine_leistung,118.6,2026-05-27T15:49:41.856Z
sensor.shelly_plug_sg3_wk_waschmaschine_wk_waschmaschine_leistung,111.5,2026-05-27T15:49:48.026Z
sensor.shelly_plug_sg3_wk_waschmaschine_wk_waschmaschine_leistung,93.5,2026-05-27T15:49:49.053Z
sensor.shelly_plug_sg3_wk_waschmaschine_wk_waschmaschine_leistung,100.7,2026-05-27T15:49:50.081Z
sensor.shelly_plug_sg3_wk_waschmaschine_wk_waschmaschine_leistung,74.4,2026-05-27T15:49:51.109Z
sensor.shelly_plug_sg3_wk_waschmaschine_wk_waschmaschine_leistung,95.6,2026-05-27T15:49:54.193Z
sensor.shelly_plug_sg3_wk_waschmaschine_wk_waschmaschine_leistung,106.1,2026-05-27T15:49:55.221Z
sensor.shelly_plug_sg3_wk_waschmaschine_wk_waschmaschine_leistung,104.9,2026-05-27T15:50:00.011Z
sensor.shelly_plug_sg3_wk_waschmaschine_wk_waschmaschine_leistung,100.4,2026-05-27T15:50:01.415Z
sensor.shelly_plug_sg3_wk_waschmaschine_wk_waschmaschine_leistung,91.7,2026-05-27T15:50:04.474Z
sensor.shelly_plug_sg3_wk_waschmaschine_wk_waschmaschine_leistung,49.4,2026-05-27T15:50:06.532Z
sensor.shelly_plug_sg3_wk_waschmaschine_wk_waschmaschine_leistung,3.9,2026-05-27T15:50:07.556Z
sensor.shelly_plug_sg3_wk_waschmaschine_wk_waschmaschine_leistung,18.9,2026-05-27T15:50:08.585Z
sensor.shelly_plug_sg3_wk_waschmaschine_wk_waschmaschine_leistung,74.4,2026-05-27T15:50:09.613Z
sensor.shelly_plug_sg3_wk_waschmaschine_wk_waschmaschine_leistung,89.7,2026-05-27T15:50:10.641Z
sensor.shelly_plug_sg3_wk_waschmaschine_wk_waschmaschine_leistung,97.1,2026-05-27T15:50:12.697Z
sensor.shelly_plug_sg3_wk_waschmaschine_wk_waschmaschine_leistung,103.8,2026-05-27T15:50:13.725Z
sensor.shelly_plug_sg3_wk_waschmaschine_wk_waschmaschine_leistung,114.1,2026-05-27T15:50:15.783Z
sensor.shelly_plug_sg3_wk_waschmaschine_wk_waschmaschine_leistung,107.9,2026-05-27T15:50:16.810Z
sensor.shelly_plug_sg3_wk_waschmaschine_wk_waschmaschine_leistung,113.7,2026-05-27T15:50:17.838Z
sensor.shelly_plug_sg3_wk_waschmaschine_wk_waschmaschine_leistung,107.8,2026-05-27T15:50:18.857Z
sensor.shelly_plug_sg3_wk_waschmaschine_wk_waschmaschine_leistung,99.1,2026-05-27T15:50:24.008Z
sensor.shelly_plug_sg3_wk_waschmaschine_wk_waschmaschine_leistung,111.7,2026-05-27T15:50:26.062Z
sensor.shelly_plug_sg3_wk_waschmaschine_wk_waschmaschine_leistung,106.0,2026-05-27T15:50:28.109Z
sensor.shelly_plug_sg3_wk_waschmaschine_wk_waschmaschine_leistung,99.2,2026-05-27T15:50:32.221Z
sensor.shelly_plug_sg3_wk_waschmaschine_wk_waschmaschine_leistung,88.5,2026-05-27T15:50:36.342Z
sensor.shelly_plug_sg3_wk_waschmaschine_wk_waschmaschine_leistung,77.6,2026-05-27T15:50:37.370Z
sensor.shelly_plug_sg3_wk_waschmaschine_wk_waschmaschine_leistung,83.2,2026-05-27T15:50:38.400Z
sensor.shelly_plug_sg3_wk_waschmaschine_wk_waschmaschine_leistung,45.9,2026-05-27T15:50:39.426Z
sensor.shelly_plug_sg3_wk_waschmaschine_wk_waschmaschine_leistung,4.0,2026-05-27T15:50:40.455Z
sensor.shelly_plug_sg3_wk_waschmaschine_wk_waschmaschine_leistung,25.8,2026-05-27T15:50:41.483Z
sensor.shelly_plug_sg3_wk_waschmaschine_wk_waschmaschine_leistung,97.6,2026-05-27T15:50:42.511Z
sensor.shelly_plug_sg3_wk_waschmaschine_wk_waschmaschine_leistung,108.3,2026-05-27T15:50:43.540Z
sensor.shelly_plug_sg3_wk_waschmaschine_wk_waschmaschine_leistung,116.6,2026-05-27T15:50:45.596Z
sensor.shelly_plug_sg3_wk_waschmaschine_wk_waschmaschine_leistung,125.8,2026-05-27T15:50:47.654Z
sensor.shelly_plug_sg3_wk_waschmaschine_wk_waschmaschine_leistung,119.1,2026-05-27T15:50:50.726Z
sensor.shelly_plug_sg3_wk_waschmaschine_wk_waschmaschine_leistung,126.8,2026-05-27T15:50:52.782Z
sensor.shelly_plug_sg3_wk_waschmaschine_wk_waschmaschine_leistung,116.9,2026-05-27T15:50:54.847Z
sensor.shelly_plug_sg3_wk_waschmaschine_wk_waschmaschine_leistung,101.6,2026-05-27T15:50:55.876Z
sensor.shelly_plug_sg3_wk_waschmaschine_wk_waschmaschine_leistung,94.5,2026-05-27T15:50:56.907Z
sensor.shelly_plug_sg3_wk_waschmaschine_wk_waschmaschine_leistung,101.8,2026-05-27T15:50:59.988Z
sensor.shelly_plug_sg3_wk_waschmaschine_wk_waschmaschine_leistung,109.7,2026-05-27T15:51:02.044Z
sensor.shelly_plug_sg3_wk_waschmaschine_wk_waschmaschine_leistung,102.4,2026-05-27T15:51:06.149Z
sensor.shelly_plug_sg3_wk_waschmaschine_wk_waschmaschine_leistung,32.8,2026-05-27T15:51:12.323Z
sensor.shelly_plug_sg3_wk_waschmaschine_wk_waschmaschine_leistung,3.7,2026-05-27T15:51:13.353Z
sensor.shelly_plug_sg3_wk_waschmaschine_wk_waschmaschine_leistung,31.2,2026-05-27T15:51:14.381Z
sensor.shelly_plug_sg3_wk_waschmaschine_wk_waschmaschine_leistung,77.3,2026-05-27T15:51:15.409Z
sensor.shelly_plug_sg3_wk_waschmaschine_wk_waschmaschine_leistung,89.4,2026-05-27T15:51:16.437Z
sensor.shelly_plug_sg3_wk_waschmaschine_wk_waschmaschine_leistung,101.4,2026-05-27T15:51:17.468Z
sensor.shelly_plug_sg3_wk_waschmaschine_wk_waschmaschine_leistung,107.6,2026-05-27T15:51:20.549Z
sensor.shelly_plug_sg3_wk_waschmaschine_wk_waschmaschine_leistung,118.0,2026-05-27T15:51:21.577Z
sensor.shelly_plug_sg3_wk_waschmaschine_wk_waschmaschine_leistung,110.3,2026-05-27T15:51:22.605Z
sensor.shelly_plug_sg3_wk_waschmaschine_wk_waschmaschine_leistung,104.0,2026-05-27T15:51:28.763Z
sensor.shelly_plug_sg3_wk_waschmaschine_wk_waschmaschine_leistung,91.1,2026-05-27T15:51:29.800Z
sensor.shelly_plug_sg3_wk_waschmaschine_wk_waschmaschine_leistung,75.7,2026-05-27T15:51:30.828Z
sensor.shelly_plug_sg3_wk_waschmaschine_wk_waschmaschine_leistung,91.1,2026-05-27T15:51:31.857Z
sensor.shelly_plug_sg3_wk_waschmaschine_wk_waschmaschine_leistung,109.2,2026-05-27T15:51:32.885Z
sensor.shelly_plug_sg3_wk_waschmaschine_wk_waschmaschine_leistung,98.6,2026-05-27T15:51:34.942Z
sensor.shelly_plug_sg3_wk_waschmaschine_wk_waschmaschine_leistung,103.6,2026-05-27T15:51:35.961Z
sensor.shelly_plug_sg3_wk_waschmaschine_wk_waschmaschine_leistung,96.6,2026-05-27T15:51:40.082Z
sensor.shelly_plug_sg3_wk_waschmaschine_wk_waschmaschine_leistung,86.2,2026-05-27T15:51:43.166Z
sensor.shelly_plug_sg3_wk_waschmaschine_wk_waschmaschine_leistung,91.9,2026-05-27T15:51:44.194Z
sensor.shelly_plug_sg3_wk_waschmaschine_wk_waschmaschine_leistung,28.2,2026-05-27T15:51:45.223Z
sensor.shelly_plug_sg3_wk_waschmaschine_wk_waschmaschine_leistung,3.7,2026-05-27T15:51:46.250Z
sensor.shelly_plug_sg3_wk_waschmaschine_wk_waschmaschine_leistung,42.3,2026-05-27T15:51:47.279Z
sensor.shelly_plug_sg3_wk_waschmaschine_wk_waschmaschine_leistung,110.7,2026-05-27T15:51:48.308Z
sensor.shelly_plug_sg3_wk_waschmaschine_wk_waschmaschine_leistung,119.1,2026-05-27T15:51:50.363Z
sensor.shelly_plug_sg3_wk_waschmaschine_wk_waschmaschine_leistung,123.2,2026-05-27T15:52:00.006Z
sensor.shelly_plug_sg3_wk_waschmaschine_wk_waschmaschine_leistung,105.8,2026-05-27T15:52:01.670Z
sensor.shelly_plug_sg3_wk_waschmaschine_wk_waschmaschine_leistung,83.8,2026-05-27T15:52:02.699Z
sensor.shelly_plug_sg3_wk_waschmaschine_wk_waschmaschine_leistung,88.6,2026-05-27T15:52:05.775Z
sensor.shelly_plug_sg3_wk_waschmaschine_wk_waschmaschine_leistung,113.1,2026-05-27T15:52:07.839Z
sensor.shelly_plug_sg3_wk_waschmaschine_wk_waschmaschine_leistung,106.8,2026-05-27T15:52:08.867Z
sensor.shelly_plug_sg3_wk_waschmaschine_wk_waschmaschine_leistung,113.3,2026-05-27T15:52:10.923Z
sensor.shelly_plug_sg3_wk_waschmaschine_wk_waschmaschine_leistung,107.5,2026-05-27T15:52:11.944Z
sensor.shelly_plug_sg3_wk_waschmaschine_wk_waschmaschine_leistung,98.9,2026-05-27T15:52:15.026Z
sensor.shelly_plug_sg3_wk_waschmaschine_wk_waschmaschine_leistung,103.9,2026-05-27T15:52:17.091Z
sensor.shelly_plug_sg3_wk_waschmaschine_wk_waschmaschine_leistung,15.9,2026-05-27T15:52:18.119Z
sensor.shelly_plug_sg3_wk_waschmaschine_wk_waschmaschine_leistung,3.7,2026-05-27T15:52:19.148Z
sensor.shelly_plug_sg3_wk_waschmaschine_wk_waschmaschine_leistung,43.5,2026-05-27T15:52:20.178Z
sensor.shelly_plug_sg3_wk_waschmaschine_wk_waschmaschine_leistung,77.5,2026-05-27T15:52:21.206Z
sensor.shelly_plug_sg3_wk_waschmaschine_wk_waschmaschine_leistung,88.6,2026-05-27T15:52:22.234Z
sensor.shelly_plug_sg3_wk_waschmaschine_wk_waschmaschine_leistung,100.9,2026-05-27T15:52:23.252Z
sensor.shelly_plug_sg3_wk_waschmaschine_wk_waschmaschine_leistung,95.2,2026-05-27T15:52:24.280Z
sensor.shelly_plug_sg3_wk_waschmaschine_wk_waschmaschine_leistung,107.5,2026-05-27T15:52:26.346Z
sensor.shelly_plug_sg3_wk_waschmaschine_wk_waschmaschine_leistung,115.3,2026-05-27T15:52:29.432Z
sensor.shelly_plug_sg3_wk_waschmaschine_wk_waschmaschine_leistung,99.3,2026-05-27T15:52:33.541Z
sensor.shelly_plug_sg3_wk_waschmaschine_wk_waschmaschine_leistung,91.0,2026-05-27T15:52:35.597Z
sensor.shelly_plug_sg3_wk_waschmaschine_wk_waschmaschine_leistung,74.9,2026-05-27T15:52:36.625Z
sensor.shelly_plug_sg3_wk_waschmaschine_wk_waschmaschine_leistung,102.9,2026-05-27T15:52:38.681Z
sensor.shelly_plug_sg3_wk_waschmaschine_wk_waschmaschine_leistung,90.0,2026-05-27T15:52:39.712Z
sensor.shelly_plug_sg3_wk_waschmaschine_wk_waschmaschine_leistung,106.0,2026-05-27T15:52:40.738Z
sensor.shelly_plug_sg3_wk_waschmaschine_wk_waschmaschine_leistung,96.5,2026-05-27T15:52:45.878Z
sensor.shelly_plug_sg3_wk_waschmaschine_wk_waschmaschine_leistung,80.5,2026-05-27T15:52:48.960Z
sensor.shelly_plug_sg3_wk_waschmaschine_wk_waschmaschine_leistung,92.2,2026-05-27T15:52:49.988Z
sensor.shelly_plug_sg3_wk_waschmaschine_wk_waschmaschine_leistung,45.2,2026-05-27T15:52:51.018Z
sensor.shelly_plug_sg3_wk_waschmaschine_wk_waschmaschine_leistung,3.6,2026-05-27T15:52:52.045Z
sensor.shelly_plug_sg3_wk_waschmaschine_wk_waschmaschine_leistung,20.4,2026-05-27T15:52:53.073Z
sensor.shelly_plug_sg3_wk_waschmaschine_wk_waschmaschine_leistung,96.8,2026-05-27T15:52:54.101Z
sensor.shelly_plug_sg3_wk_waschmaschine_wk_waschmaschine_leistung,110.0,2026-05-27T15:52:55.130Z
sensor.shelly_plug_sg3_wk_waschmaschine_wk_waschmaschine_leistung,121.2,2026-05-27T15:52:59.240Z
sensor.shelly_plug_sg3_wk_waschmaschine_wk_waschmaschine_leistung,113.1,2026-05-27T15:53:01.297Z
sensor.shelly_plug_sg3_wk_waschmaschine_wk_waschmaschine_leistung,121.2,2026-05-27T15:53:02.325Z
sensor.shelly_plug_sg3_wk_waschmaschine_wk_waschmaschine_leistung,109.9,2026-05-27T15:53:03.356Z
sensor.shelly_plug_sg3_wk_waschmaschine_wk_waschmaschine_leistung,124.2,2026-05-27T15:53:04.384Z
sensor.shelly_plug_sg3_wk_waschmaschine_wk_waschmaschine_leistung,113.4,2026-05-27T15:53:05.412Z
sensor.shelly_plug_sg3_wk_waschmaschine_wk_waschmaschine_leistung,105.7,2026-05-27T15:53:06.438Z
sensor.shelly_plug_sg3_wk_waschmaschine_wk_waschmaschine_leistung,115.4,2026-05-27T15:53:07.467Z
sensor.shelly_plug_sg3_wk_waschmaschine_wk_waschmaschine_leistung,94.6,2026-05-27T15:53:08.494Z
sensor.shelly_plug_sg3_wk_waschmaschine_wk_waschmaschine_leistung,70.9,2026-05-27T15:53:09.523Z
sensor.shelly_plug_sg3_wk_waschmaschine_wk_waschmaschine_leistung,85.8,2026-05-27T15:53:10.551Z
sensor.shelly_plug_sg3_wk_waschmaschine_wk_waschmaschine_leistung,108.0,2026-05-27T15:53:13.635Z
sensor.shelly_plug_sg3_wk_waschmaschine_wk_waschmaschine_leistung,101.4,2026-05-27T15:53:19.803Z
sensor.shelly_plug_sg3_wk_waschmaschine_wk_waschmaschine_leistung,93.7,2026-05-27T15:53:22.887Z
sensor.shelly_plug_sg3_wk_waschmaschine_wk_waschmaschine_leistung,3.8,2026-05-27T15:53:23.915Z
sensor.shelly_plug_sg3_wk_waschmaschine_wk_waschmaschine_leistung,25.4,2026-05-27T15:53:25.971Z
sensor.shelly_plug_sg3_wk_waschmaschine_wk_waschmaschine_leistung,70.5,2026-05-27T15:53:27.001Z
sensor.shelly_plug_sg3_wk_waschmaschine_wk_waschmaschine_leistung,86.6,2026-05-27T15:53:28.027Z
sensor.shelly_plug_sg3_wk_waschmaschine_wk_waschmaschine_leistung,97.5,2026-05-27T15:53:29.059Z
sensor.shelly_plug_sg3_wk_waschmaschine_wk_waschmaschine_leistung,104.4,2026-05-27T15:53:31.103Z
sensor.shelly_plug_sg3_wk_waschmaschine_wk_waschmaschine_leistung,110.4,2026-05-27T15:53:33.161Z
sensor.shelly_plug_sg3_wk_waschmaschine_wk_waschmaschine_leistung,99.7,2026-05-27T15:53:41.394Z
sensor.shelly_plug_sg3_wk_waschmaschine_wk_waschmaschine_leistung,74.9,2026-05-27T15:53:42.422Z
sensor.shelly_plug_sg3_wk_waschmaschine_wk_waschmaschine_leistung,69.0,2026-05-27T15:53:43.449Z
sensor.shelly_plug_sg3_wk_waschmaschine_wk_waschmaschine_leistung,74.0,2026-05-27T15:53:45.497Z
sensor.shelly_plug_sg3_wk_waschmaschine_wk_waschmaschine_leistung,91.9,2026-05-27T15:53:46.533Z
sensor.shelly_plug_sg3_wk_waschmaschine_wk_waschmaschine_leistung,99.2,2026-05-27T15:53:47.563Z
sensor.shelly_plug_sg3_wk_waschmaschine_wk_waschmaschine_leistung,106.0,2026-05-27T15:53:48.590Z
sensor.shelly_plug_sg3_wk_waschmaschine_wk_waschmaschine_leistung,99.9,2026-05-27T15:53:49.618Z
sensor.shelly_plug_sg3_wk_waschmaschine_wk_waschmaschine_leistung,94.7,2026-05-27T15:53:52.693Z
sensor.shelly_plug_sg3_wk_waschmaschine_wk_waschmaschine_leistung,82.2,2026-05-27T15:53:54.771Z
sensor.shelly_plug_sg3_wk_waschmaschine_wk_waschmaschine_leistung,8.2,2026-05-27T15:53:56.814Z
sensor.shelly_plug_sg3_wk_waschmaschine_wk_waschmaschine_leistung,3.8,2026-05-27T15:53:57.842Z
sensor.shelly_plug_sg3_wk_waschmaschine_wk_waschmaschine_leistung,4.9,2026-05-27T15:53:58.863Z
sensor.shelly_plug_sg3_wk_waschmaschine_wk_waschmaschine_leistung,61.2,2026-05-27T15:53:59.899Z
sensor.shelly_plug_sg3_wk_waschmaschine_wk_waschmaschine_leistung,100.9,2026-05-27T15:54:00.927Z
sensor.shelly_plug_sg3_wk_waschmaschine_wk_waschmaschine_leistung,110.7,2026-05-27T15:54:01.955Z
sensor.shelly_plug_sg3_wk_waschmaschine_wk_waschmaschine_leistung,118.6,2026-05-27T15:54:06.067Z
sensor.shelly_plug_sg3_wk_waschmaschine_wk_waschmaschine_leistung,127.5,2026-05-27T15:54:09.152Z
sensor.shelly_plug_sg3_wk_waschmaschine_wk_waschmaschine_leistung,108.6,2026-05-27T15:54:10.180Z
sensor.shelly_plug_sg3_wk_waschmaschine_wk_waschmaschine_leistung,114.9,2026-05-27T15:54:11.209Z
sensor.shelly_plug_sg3_wk_waschmaschine_wk_waschmaschine_leistung,122.6,2026-05-27T15:54:12.236Z
sensor.shelly_plug_sg3_wk_waschmaschine_wk_waschmaschine_leistung,116.4,2026-05-27T15:54:14.283Z
sensor.shelly_plug_sg3_wk_waschmaschine_wk_waschmaschine_leistung,107.8,2026-05-27T15:54:16.339Z
sensor.shelly_plug_sg3_wk_waschmaschine_wk_waschmaschine_leistung,115.3,2026-05-27T15:54:17.368Z
sensor.shelly_plug_sg3_wk_waschmaschine_wk_waschmaschine_leistung,106.7,2026-05-27T15:54:23.535Z
sensor.shelly_plug_sg3_wk_waschmaschine_wk_waschmaschine_leistung,91.8,2026-05-27T15:54:26.627Z
sensor.shelly_plug_sg3_wk_waschmaschine_wk_waschmaschine_leistung,107.4,2026-05-27T15:54:27.656Z
sensor.shelly_plug_sg3_wk_waschmaschine_wk_waschmaschine_leistung,97.3,2026-05-27T15:54:28.684Z
sensor.shelly_plug_sg3_wk_waschmaschine_wk_waschmaschine_leistung,5.8,2026-05-27T15:54:29.714Z
sensor.shelly_plug_sg3_wk_waschmaschine_wk_waschmaschine_leistung,3.6,2026-05-27T15:54:30.740Z
sensor.shelly_plug_sg3_wk_waschmaschine_wk_waschmaschine_leistung,6.8,2026-05-27T15:54:31.759Z
sensor.shelly_plug_sg3_wk_waschmaschine_wk_waschmaschine_leistung,82.4,2026-05-27T15:54:32.798Z
sensor.shelly_plug_sg3_wk_waschmaschine_wk_waschmaschine_leistung,98.1,2026-05-27T15:54:33.824Z
sensor.shelly_plug_sg3_wk_waschmaschine_wk_waschmaschine_leistung,103.7,2026-05-27T15:54:35.883Z
sensor.shelly_plug_sg3_wk_waschmaschine_wk_waschmaschine_leistung,111.1,2026-05-27T15:54:36.909Z
sensor.shelly_plug_sg3_wk_waschmaschine_wk_waschmaschine_leistung,105.6,2026-05-27T15:54:37.937Z
sensor.shelly_plug_sg3_wk_waschmaschine_wk_waschmaschine_leistung,117.2,2026-05-27T15:54:41.022Z
sensor.shelly_plug_sg3_wk_waschmaschine_wk_waschmaschine_leistung,97.3,2026-05-27T15:54:43.077Z
sensor.shelly_plug_sg3_wk_waschmaschine_wk_waschmaschine_leistung,106.9,2026-05-27T15:54:44.135Z
sensor.shelly_plug_sg3_wk_waschmaschine_wk_waschmaschine_leistung,115.4,2026-05-27T15:54:45.136Z
sensor.shelly_plug_sg3_wk_waschmaschine_wk_waschmaschine_leistung,109.5,2026-05-27T15:54:46.153Z
sensor.shelly_plug_sg3_wk_waschmaschine_wk_waschmaschine_leistung,100.5,2026-05-27T15:54:48.218Z
sensor.shelly_plug_sg3_wk_waschmaschine_wk_waschmaschine_leistung,109.2,2026-05-27T15:54:49.247Z
sensor.shelly_plug_sg3_wk_waschmaschine_wk_waschmaschine_leistung,90.5,2026-05-27T15:54:50.274Z
sensor.shelly_plug_sg3_wk_waschmaschine_wk_waschmaschine_leistung,106.4,2026-05-27T15:54:51.303Z
sensor.shelly_plug_sg3_wk_waschmaschine_wk_waschmaschine_leistung,100.2,2026-05-27T15:54:52.332Z
sensor.shelly_plug_sg3_wk_waschmaschine_wk_waschmaschine_leistung,106.0,2026-05-27T15:54:53.360Z
sensor.shelly_plug_sg3_wk_waschmaschine_wk_waschmaschine_leistung,100.4,2026-05-27T15:54:57.462Z
sensor.shelly_plug_sg3_wk_waschmaschine_wk_waschmaschine_leistung,93.2,2026-05-27T15:54:59.520Z
sensor.shelly_plug_sg3_wk_waschmaschine_wk_waschmaschine_leistung,88.2,2026-05-27T15:55:01.576Z
sensor.shelly_plug_sg3_wk_waschmaschine_wk_waschmaschine_leistung,14.5,2026-05-27T15:55:02.613Z
sensor.shelly_plug_sg3_wk_waschmaschine_wk_waschmaschine_leistung,4.1,2026-05-27T15:55:03.641Z
sensor.shelly_plug_sg3_wk_waschmaschine_wk_waschmaschine_leistung,110.4,2026-05-27T15:55:05.697Z
sensor.shelly_plug_sg3_wk_waschmaschine_wk_waschmaschine_leistung,121.6,2026-05-27T15:55:10.838Z
sensor.shelly_plug_sg3_wk_waschmaschine_wk_waschmaschine_leistung,112.7,2026-05-27T15:55:18.032Z
sensor.shelly_plug_sg3_wk_waschmaschine_wk_waschmaschine_leistung,99.9,2026-05-27T15:55:19.060Z
sensor.shelly_plug_sg3_wk_waschmaschine_wk_waschmaschine_leistung,89.1,2026-05-27T15:55:20.088Z
sensor.shelly_plug_sg3_wk_waschmaschine_wk_waschmaschine_leistung,78.4,2026-05-27T15:55:21.116Z
sensor.shelly_plug_sg3_wk_waschmaschine_wk_waschmaschine_leistung,96.2,2026-05-27T15:55:23.172Z
sensor.shelly_plug_sg3_wk_waschmaschine_wk_waschmaschine_leistung,114.8,2026-05-27T15:55:24.201Z
sensor.shelly_plug_sg3_wk_waschmaschine_wk_waschmaschine_leistung,107.2,2026-05-27T15:55:28.317Z
sensor.shelly_plug_sg3_wk_waschmaschine_wk_waschmaschine_leistung,98.5,2026-05-27T15:55:32.427Z
sensor.shelly_plug_sg3_wk_waschmaschine_wk_waschmaschine_leistung,88.8,2026-05-27T15:55:34.483Z
sensor.shelly_plug_sg3_wk_waschmaschine_wk_waschmaschine_leistung,10.2,2026-05-27T15:55:35.509Z
sensor.shelly_plug_sg3_wk_waschmaschine_wk_waschmaschine_leistung,3.6,2026-05-27T15:55:36.538Z
sensor.shelly_plug_sg3_wk_waschmaschine_wk_waschmaschine_leistung,89.9,2026-05-27T15:55:38.594Z
sensor.shelly_plug_sg3_wk_waschmaschine_wk_waschmaschine_leistung,95.7,2026-05-27T15:55:39.622Z
sensor.shelly_plug_sg3_wk_waschmaschine_wk_waschmaschine_leistung,102.1,2026-05-27T15:55:41.678Z
sensor.shelly_plug_sg3_wk_waschmaschine_wk_waschmaschine_leistung,113.4,2026-05-27T15:55:44.762Z
sensor.shelly_plug_sg3_wk_waschmaschine_wk_waschmaschine_leistung,120.4,2026-05-27T15:55:48.874Z
sensor.shelly_plug_sg3_wk_waschmaschine_wk_waschmaschine_leistung,113.6,2026-05-27T15:55:50.923Z
sensor.shelly_plug_sg3_wk_waschmaschine_wk_waschmaschine_leistung,60.5,2026-05-27T15:55:52.986Z
sensor.shelly_plug_sg3_wk_waschmaschine_wk_waschmaschine_leistung,52.0,2026-05-27T15:55:54.018Z
sensor.shelly_plug_sg3_wk_waschmaschine_wk_waschmaschine_leistung,57.4,2026-05-27T15:55:55.033Z
sensor.shelly_plug_sg3_wk_waschmaschine_wk_waschmaschine_leistung,77.8,2026-05-27T15:55:57.098Z
sensor.shelly_plug_sg3_wk_waschmaschine_wk_waschmaschine_leistung,93.8,2026-05-27T15:55:59.154Z
sensor.shelly_plug_sg3_wk_waschmaschine_wk_waschmaschine_leistung,101.2,2026-05-27T15:56:01.211Z
sensor.shelly_plug_sg3_wk_waschmaschine_wk_waschmaschine_leistung,95.1,2026-05-27T15:56:05.325Z
sensor.shelly_plug_sg3_wk_waschmaschine_wk_waschmaschine_leistung,85.0,2026-05-27T15:56:07.381Z
sensor.shelly_plug_sg3_wk_waschmaschine_wk_waschmaschine_leistung,45.8,2026-05-27T15:56:08.408Z
sensor.shelly_plug_sg3_wk_waschmaschine_wk_waschmaschine_leistung,3.8,2026-05-27T15:56:09.436Z
sensor.shelly_plug_sg3_wk_waschmaschine_wk_waschmaschine_leistung,105.1,2026-05-27T15:56:11.492Z
sensor.shelly_plug_sg3_wk_waschmaschine_wk_waschmaschine_leistung,117.7,2026-05-27T15:56:14.576Z
sensor.shelly_plug_sg3_wk_waschmaschine_wk_waschmaschine_leistung,106.0,2026-05-27T15:56:16.632Z
sensor.shelly_plug_sg3_wk_waschmaschine_wk_waschmaschine_leistung,120.8,2026-05-27T15:56:17.660Z
sensor.shelly_plug_sg3_wk_waschmaschine_wk_waschmaschine_leistung,128.1,2026-05-27T15:56:22.802Z
sensor.shelly_plug_sg3_wk_waschmaschine_wk_waschmaschine_leistung,114.5,2026-05-27T15:56:23.828Z
sensor.shelly_plug_sg3_wk_waschmaschine_wk_waschmaschine_leistung,127.4,2026-05-27T15:56:24.857Z
sensor.shelly_plug_sg3_wk_waschmaschine_wk_waschmaschine_leistung,109.4,2026-05-27T15:56:25.887Z
sensor.shelly_plug_sg3_wk_waschmaschine_wk_waschmaschine_leistung,117.9,2026-05-27T15:56:26.913Z
sensor.shelly_plug_sg3_wk_waschmaschine_wk_waschmaschine_leistung,93.4,2026-05-27T15:56:27.941Z
sensor.shelly_plug_sg3_wk_waschmaschine_wk_waschmaschine_leistung,100.7,2026-05-27T15:56:28.964Z
sensor.shelly_plug_sg3_wk_waschmaschine_wk_waschmaschine_leistung,112.7,2026-05-27T15:56:30.001Z
sensor.shelly_plug_sg3_wk_waschmaschine_wk_waschmaschine_leistung,98.0,2026-05-27T15:56:33.082Z
sensor.shelly_plug_sg3_wk_waschmaschine_wk_waschmaschine_leistung,114.3,2026-05-27T15:56:34.113Z
sensor.shelly_plug_sg3_wk_waschmaschine_wk_waschmaschine_leistung,107.8,2026-05-27T15:56:36.167Z
sensor.shelly_plug_sg3_wk_waschmaschine_wk_waschmaschine_leistung,97.0,2026-05-27T15:56:40.278Z
sensor.shelly_plug_sg3_wk_waschmaschine_wk_waschmaschine_leistung,105.2,2026-05-27T15:56:41.309Z
sensor.shelly_plug_sg3_wk_waschmaschine_wk_waschmaschine_leistung,72.4,2026-05-27T15:56:42.335Z
sensor.shelly_plug_sg3_wk_waschmaschine_wk_waschmaschine_leistung,3.6,2026-05-27T15:56:43.363Z
sensor.shelly_plug_sg3_wk_waschmaschine_wk_waschmaschine_leistung,8.2,2026-05-27T15:56:44.391Z
sensor.shelly_plug_sg3_wk_waschmaschine_wk_waschmaschine_leistung,63.9,2026-05-27T15:56:45.421Z
sensor.shelly_plug_sg3_wk_waschmaschine_wk_waschmaschine_leistung,107.0,2026-05-27T15:56:46.448Z
sensor.shelly_plug_sg3_wk_waschmaschine_wk_waschmaschine_leistung,100.3,2026-05-27T15:56:49.532Z
sensor.shelly_plug_sg3_wk_waschmaschine_wk_waschmaschine_leistung,109.8,2026-05-27T15:56:51.588Z
sensor.shelly_plug_sg3_wk_waschmaschine_wk_waschmaschine_leistung,121.3,2026-05-27T15:56:52.618Z
sensor.shelly_plug_sg3_wk_waschmaschine_wk_waschmaschine_leistung,94.7,2026-05-27T15:56:53.646Z
sensor.shelly_plug_sg3_wk_waschmaschine_wk_waschmaschine_leistung,125.6,2026-05-27T15:56:54.672Z
sensor.shelly_plug_sg3_wk_waschmaschine_wk_waschmaschine_leistung,96.9,2026-05-27T15:56:55.701Z
sensor.shelly_plug_sg3_wk_waschmaschine_wk_waschmaschine_leistung,108.7,2026-05-27T15:56:56.729Z
sensor.shelly_plug_sg3_wk_waschmaschine_wk_waschmaschine_leistung,114.3,2026-05-27T15:56:58.776Z
sensor.shelly_plug_sg3_wk_waschmaschine_wk_waschmaschine_leistung,108.0,2026-05-27T15:56:59.804Z
sensor.shelly_plug_sg3_wk_waschmaschine_wk_waschmaschine_leistung,83.6,2026-05-27T15:57:00.841Z
sensor.shelly_plug_sg3_wk_waschmaschine_wk_waschmaschine_leistung,104.5,2026-05-27T15:57:01.872Z
sensor.shelly_plug_sg3_wk_waschmaschine_wk_waschmaschine_leistung,96.2,2026-05-27T15:57:03.932Z
sensor.shelly_plug_sg3_wk_waschmaschine_wk_waschmaschine_leistung,102.9,2026-05-27T15:57:07.017Z
sensor.shelly_plug_sg3_wk_waschmaschine_wk_waschmaschine_leistung,97.3,2026-05-27T15:57:09.066Z
sensor.shelly_plug_sg3_wk_waschmaschine_wk_waschmaschine_leistung,102.4,2026-05-27T15:57:10.085Z
sensor.shelly_plug_sg3_wk_waschmaschine_wk_waschmaschine_leistung,93.3,2026-05-27T15:57:11.113Z
sensor.shelly_plug_sg3_wk_waschmaschine_wk_waschmaschine_leistung,99.5,2026-05-27T15:57:12.141Z
sensor.shelly_plug_sg3_wk_waschmaschine_wk_waschmaschine_leistung,78.7,2026-05-27T15:57:14.211Z
sensor.shelly_plug_sg3_wk_waschmaschine_wk_waschmaschine_leistung,67.2,2026-05-27T15:57:15.235Z
sensor.shelly_plug_sg3_wk_waschmaschine_wk_waschmaschine_leistung,3.7,2026-05-27T15:57:16.265Z
sensor.shelly_plug_sg3_wk_waschmaschine_wk_waschmaschine_leistung,11.9,2026-05-27T15:57:17.291Z
sensor.shelly_plug_sg3_wk_waschmaschine_wk_waschmaschine_leistung,85.2,2026-05-27T15:57:18.319Z
sensor.shelly_plug_sg3_wk_waschmaschine_wk_waschmaschine_leistung,107.9,2026-05-27T15:57:19.350Z
sensor.shelly_plug_sg3_wk_waschmaschine_wk_waschmaschine_leistung,114.0,2026-05-27T15:57:23.460Z
sensor.shelly_plug_sg3_wk_waschmaschine_wk_waschmaschine_leistung,124.9,2026-05-27T15:57:24.488Z
sensor.shelly_plug_sg3_wk_waschmaschine_wk_waschmaschine_leistung,114.9,2026-05-27T15:57:26.544Z
sensor.shelly_plug_sg3_wk_waschmaschine_wk_waschmaschine_leistung,124.8,2026-05-27T15:57:30.656Z
sensor.shelly_plug_sg3_wk_waschmaschine_wk_waschmaschine_leistung,111.2,2026-05-27T15:57:31.684Z
sensor.shelly_plug_sg3_wk_waschmaschine_wk_waschmaschine_leistung,98.6,2026-05-27T15:57:34.771Z
sensor.shelly_plug_sg3_wk_waschmaschine_wk_waschmaschine_leistung,87.8,2026-05-27T15:57:35.796Z
sensor.shelly_plug_sg3_wk_waschmaschine_wk_waschmaschine_leistung,112.9,2026-05-27T15:57:36.829Z
sensor.shelly_plug_sg3_wk_waschmaschine_wk_waschmaschine_leistung,105.0,2026-05-27T15:57:38.883Z
sensor.shelly_plug_sg3_wk_waschmaschine_wk_waschmaschine_leistung,112.7,2026-05-27T15:57:40.938Z
sensor.shelly_plug_sg3_wk_waschmaschine_wk_waschmaschine_leistung,102.2,2026-05-27T15:57:42.995Z
sensor.shelly_plug_sg3_wk_waschmaschine_wk_waschmaschine_leistung,62.0,2026-05-27T15:57:48.132Z
sensor.shelly_plug_sg3_wk_waschmaschine_wk_waschmaschine_leistung,3.6,2026-05-27T15:57:49.160Z
sensor.shelly_plug_sg3_wk_waschmaschine_wk_waschmaschine_leistung,17.3,2026-05-27T15:57:50.189Z
sensor.shelly_plug_sg3_wk_waschmaschine_wk_waschmaschine_leistung,81.0,2026-05-27T15:57:51.217Z
sensor.shelly_plug_sg3_wk_waschmaschine_wk_waschmaschine_leistung,95.4,2026-05-27T15:57:52.248Z
sensor.shelly_plug_sg3_wk_waschmaschine_wk_waschmaschine_leistung,100.5,2026-05-27T15:57:54.293Z
sensor.shelly_plug_sg3_wk_waschmaschine_wk_waschmaschine_leistung,107.5,2026-05-27T15:57:56.357Z
sensor.shelly_plug_sg3_wk_waschmaschine_wk_waschmaschine_leistung,117.0,2026-05-27T15:57:57.386Z
sensor.shelly_plug_sg3_wk_waschmaschine_wk_waschmaschine_leistung,106.0,2026-05-27T15:57:59.443Z
sensor.shelly_plug_sg3_wk_waschmaschine_wk_waschmaschine_leistung,116.9,2026-05-27T15:58:00.477Z
sensor.shelly_plug_sg3_wk_waschmaschine_wk_waschmaschine_leistung,110.7,2026-05-27T15:58:02.519Z
sensor.shelly_plug_sg3_wk_waschmaschine_wk_waschmaschine_leistung,102.4,2026-05-27T15:58:03.553Z
sensor.shelly_plug_sg3_wk_waschmaschine_wk_waschmaschine_leistung,86.2,2026-05-27T15:58:04.582Z
sensor.shelly_plug_sg3_wk_waschmaschine_wk_waschmaschine_leistung,66.6,2026-05-27T15:58:05.610Z
sensor.shelly_plug_sg3_wk_waschmaschine_wk_waschmaschine_leistung,79.7,2026-05-27T15:58:07.667Z
sensor.shelly_plug_sg3_wk_waschmaschine_wk_waschmaschine_leistung,88.6,2026-05-27T15:58:08.694Z
sensor.shelly_plug_sg3_wk_waschmaschine_wk_waschmaschine_leistung,99.6,2026-05-27T15:58:09.741Z
sensor.shelly_plug_sg3_wk_waschmaschine_wk_waschmaschine_leistung,90.6,2026-05-27T15:58:16.918Z
sensor.shelly_plug_sg3_wk_waschmaschine_wk_waschmaschine_leistung,76.9,2026-05-27T15:58:20.002Z
sensor.shelly_plug_sg3_wk_waschmaschine_wk_waschmaschine_leistung,6.1,2026-05-27T15:58:21.021Z
sensor.shelly_plug_sg3_wk_waschmaschine_wk_waschmaschine_leistung,3.6,2026-05-27T15:58:22.058Z
sensor.shelly_plug_sg3_wk_waschmaschine_wk_waschmaschine_leistung,6.5,2026-05-27T15:58:23.077Z
sensor.shelly_plug_sg3_wk_waschmaschine_wk_waschmaschine_leistung,66.7,2026-05-27T15:58:24.117Z
sensor.shelly_plug_sg3_wk_waschmaschine_wk_waschmaschine_leistung,106.7,2026-05-27T15:58:25.145Z
sensor.shelly_plug_sg3_wk_waschmaschine_wk_waschmaschine_leistung,113.0,2026-05-27T15:58:28.227Z
sensor.shelly_plug_sg3_wk_waschmaschine_wk_waschmaschine_leistung,128.3,2026-05-27T15:58:30.285Z
sensor.shelly_plug_sg3_wk_waschmaschine_wk_waschmaschine_leistung,119.7,2026-05-27T15:58:31.312Z
sensor.shelly_plug_sg3_wk_waschmaschine_wk_waschmaschine_leistung,127.1,2026-05-27T15:58:32.342Z
sensor.shelly_plug_sg3_wk_waschmaschine_wk_waschmaschine_leistung,108.9,2026-05-27T15:58:33.368Z
sensor.shelly_plug_sg3_wk_waschmaschine_wk_waschmaschine_leistung,121.3,2026-05-27T15:58:34.399Z
sensor.shelly_plug_sg3_wk_waschmaschine_wk_waschmaschine_leistung,104.9,2026-05-27T15:58:35.425Z
sensor.shelly_plug_sg3_wk_waschmaschine_wk_waschmaschine_leistung,92.3,2026-05-27T15:58:37.481Z
sensor.shelly_plug_sg3_wk_waschmaschine_wk_waschmaschine_leistung,101.8,2026-05-27T15:58:38.511Z
sensor.shelly_plug_sg3_wk_waschmaschine_wk_waschmaschine_leistung,75.0,2026-05-27T15:58:39.537Z
sensor.shelly_plug_sg3_wk_waschmaschine_wk_waschmaschine_leistung,68.7,2026-05-27T15:58:40.605Z
sensor.shelly_plug_sg3_wk_waschmaschine_wk_waschmaschine_leistung,86.9,2026-05-27T15:58:41.594Z
sensor.shelly_plug_sg3_wk_waschmaschine_wk_waschmaschine_leistung,100.7,2026-05-27T15:58:42.622Z
sensor.shelly_plug_sg3_wk_waschmaschine_wk_waschmaschine_leistung,113.5,2026-05-27T15:58:43.651Z
sensor.shelly_plug_sg3_wk_waschmaschine_wk_waschmaschine_leistung,103.8,2026-05-27T15:58:47.762Z
sensor.shelly_plug_sg3_wk_waschmaschine_wk_waschmaschine_leistung,113.1,2026-05-27T15:58:49.818Z
sensor.shelly_plug_sg3_wk_waschmaschine_wk_waschmaschine_leistung,104.2,2026-05-27T15:58:50.847Z
sensor.shelly_plug_sg3_wk_waschmaschine_wk_waschmaschine_leistung,98.7,2026-05-27T15:58:51.866Z
sensor.shelly_plug_sg3_wk_waschmaschine_wk_waschmaschine_leistung,4.8,2026-05-27T15:58:53.935Z
sensor.shelly_plug_sg3_wk_waschmaschine_wk_waschmaschine_leistung,3.6,2026-05-27T15:58:54.951Z
sensor.shelly_plug_sg3_wk_waschmaschine_wk_waschmaschine_leistung,9.5,2026-05-27T15:58:55.977Z
sensor.shelly_plug_sg3_wk_waschmaschine_wk_waschmaschine_leistung,64.6,2026-05-27T15:58:57.023Z
sensor.shelly_plug_sg3_wk_waschmaschine_wk_waschmaschine_leistung,83.0,2026-05-27T15:58:58.043Z
sensor.shelly_plug_sg3_wk_waschmaschine_wk_waschmaschine_leistung,96.4,2026-05-27T15:58:59.080Z
sensor.shelly_plug_sg3_wk_waschmaschine_wk_waschmaschine_leistung,104.9,2026-05-27T15:59:01.130Z
sensor.shelly_plug_sg3_wk_waschmaschine_wk_waschmaschine_leistung,110.2,2026-05-27T15:59:02.146Z
sensor.shelly_plug_sg3_wk_waschmaschine_wk_waschmaschine_leistung,120.6,2026-05-27T15:59:06.258Z
sensor.shelly_plug_sg3_wk_waschmaschine_wk_waschmaschine_leistung,104.1,2026-05-27T15:59:07.295Z
sensor.shelly_plug_sg3_wk_waschmaschine_wk_waschmaschine_leistung,109.6,2026-05-27T15:59:08.324Z
sensor.shelly_plug_sg3_wk_waschmaschine_wk_waschmaschine_leistung,97.8,2026-05-27T15:59:09.354Z
sensor.shelly_plug_sg3_wk_waschmaschine_wk_waschmaschine_leistung,85.1,2026-05-27T15:59:10.380Z
sensor.shelly_plug_sg3_wk_waschmaschine_wk_waschmaschine_leistung,74.1,2026-05-27T15:59:11.408Z
sensor.shelly_plug_sg3_wk_waschmaschine_wk_waschmaschine_leistung,88.0,2026-05-27T15:59:12.437Z
sensor.shelly_plug_sg3_wk_waschmaschine_wk_waschmaschine_leistung,73.3,2026-05-27T15:59:13.465Z
sensor.shelly_plug_sg3_wk_waschmaschine_wk_waschmaschine_leistung,80.8,2026-05-27T15:59:14.493Z
sensor.shelly_plug_sg3_wk_waschmaschine_wk_waschmaschine_leistung,102.1,2026-05-27T15:59:15.521Z
sensor.shelly_plug_sg3_wk_waschmaschine_wk_waschmaschine_leistung,92.3,2026-05-27T15:59:16.550Z
sensor.shelly_plug_sg3_wk_waschmaschine_wk_waschmaschine_leistung,110.3,2026-05-27T15:59:18.606Z
sensor.shelly_plug_sg3_wk_waschmaschine_wk_waschmaschine_leistung,97.9,2026-05-27T15:59:19.636Z
sensor.shelly_plug_sg3_wk_waschmaschine_wk_waschmaschine_leistung,102.9,2026-05-27T15:59:21.690Z
sensor.shelly_plug_sg3_wk_waschmaschine_wk_waschmaschine_leistung,88.0,2026-05-27T15:59:22.720Z
sensor.shelly_plug_sg3_wk_waschmaschine_wk_waschmaschine_leistung,94.8,2026-05-27T15:59:24.774Z
sensor.shelly_plug_sg3_wk_waschmaschine_wk_waschmaschine_leistung,84.8,2026-05-27T15:59:25.804Z
sensor.shelly_plug_sg3_wk_waschmaschine_wk_waschmaschine_leistung,19.2,2026-05-27T15:59:26.830Z
sensor.shelly_plug_sg3_wk_waschmaschine_wk_waschmaschine_leistung,3.9,2026-05-27T15:59:27.859Z
sensor.shelly_plug_sg3_wk_waschmaschine_wk_waschmaschine_leistung,103.2,2026-05-27T15:59:29.915Z
sensor.shelly_plug_sg3_wk_waschmaschine_wk_waschmaschine_leistung,110.4,2026-05-27T15:59:31.970Z
sensor.shelly_plug_sg3_wk_waschmaschine_wk_waschmaschine_leistung,118.2,2026-05-27T15:59:36.082Z
sensor.shelly_plug_sg3_wk_waschmaschine_wk_waschmaschine_leistung,128.4,2026-05-27T15:59:37.100Z
sensor.shelly_plug_sg3_wk_waschmaschine_wk_waschmaschine_leistung,115.0,2026-05-27T15:59:38.129Z
sensor.shelly_plug_sg3_wk_waschmaschine_wk_waschmaschine_leistung,107.9,2026-05-27T15:59:44.297Z
sensor.shelly_plug_sg3_wk_waschmaschine_wk_waschmaschine_leistung,78.4,2026-05-27T15:59:45.334Z
sensor.shelly_plug_sg3_wk_waschmaschine_wk_waschmaschine_leistung,68.7,2026-05-27T15:59:46.364Z
sensor.shelly_plug_sg3_wk_waschmaschine_wk_waschmaschine_leistung,78.8,2026-05-27T15:59:47.390Z
sensor.shelly_plug_sg3_wk_waschmaschine_wk_waschmaschine_leistung,95.2,2026-05-27T15:59:48.419Z
sensor.shelly_plug_sg3_wk_waschmaschine_wk_waschmaschine_leistung,106.5,2026-05-27T15:59:49.447Z
sensor.shelly_plug_sg3_wk_waschmaschine_wk_waschmaschine_leistung,88.5,2026-05-27T15:59:50.475Z
sensor.shelly_plug_sg3_wk_waschmaschine_wk_waschmaschine_leistung,111.9,2026-05-27T15:59:51.503Z
sensor.shelly_plug_sg3_wk_waschmaschine_wk_waschmaschine_leistung,99.8,2026-05-27T15:59:55.615Z
sensor.shelly_plug_sg3_wk_waschmaschine_wk_waschmaschine_leistung,12.3,2026-05-27T15:59:59.727Z
sensor.shelly_plug_sg3_wk_waschmaschine_wk_waschmaschine_leistung,3.6,2026-05-27T16:00:00.755Z
sensor.shelly_plug_sg3_wk_waschmaschine_wk_waschmaschine_leistung,92.0,2026-05-27T16:00:02.811Z
sensor.shelly_plug_sg3_wk_waschmaschine_wk_waschmaschine_leistung,84.2,2026-05-27T16:00:03.840Z
sensor.shelly_plug_sg3_wk_waschmaschine_wk_waschmaschine_leistung,98.4,2026-05-27T16:00:04.868Z
sensor.shelly_plug_sg3_wk_waschmaschine_wk_waschmaschine_leistung,105.6,2026-05-27T16:00:06.923Z
sensor.shelly_plug_sg3_wk_waschmaschine_wk_waschmaschine_leistung,111.1,2026-05-27T16:00:08.979Z
sensor.shelly_plug_sg3_wk_waschmaschine_wk_waschmaschine_leistung,119.1,2026-05-27T16:00:12.073Z
sensor.shelly_plug_sg3_wk_waschmaschine_wk_waschmaschine_leistung,105.6,2026-05-27T16:00:13.090Z
sensor.shelly_plug_sg3_wk_waschmaschine_wk_waschmaschine_leistung,100.0,2026-05-27T16:00:14.122Z
sensor.shelly_plug_sg3_wk_waschmaschine_wk_waschmaschine_leistung,82.5,2026-05-27T16:00:17.206Z
sensor.shelly_plug_sg3_wk_waschmaschine_wk_waschmaschine_leistung,87.5,2026-05-27T16:00:18.230Z
sensor.shelly_plug_sg3_wk_waschmaschine_wk_waschmaschine_leistung,73.9,2026-05-27T16:00:19.258Z
sensor.shelly_plug_sg3_wk_waschmaschine_wk_waschmaschine_leistung,55.0,2026-05-27T16:00:20.286Z
sensor.shelly_plug_sg3_wk_waschmaschine_wk_waschmaschine_leistung,71.3,2026-05-27T16:00:21.315Z
sensor.shelly_plug_sg3_wk_waschmaschine_wk_waschmaschine_leistung,84.1,2026-05-27T16:00:22.344Z
sensor.shelly_plug_sg3_wk_waschmaschine_wk_waschmaschine_leistung,101.4,2026-05-27T16:00:23.374Z
sensor.shelly_plug_sg3_wk_waschmaschine_wk_waschmaschine_leistung,94.9,2026-05-27T16:00:24.400Z
sensor.shelly_plug_sg3_wk_waschmaschine_wk_waschmaschine_leistung,87.0,2026-05-27T16:00:28.511Z
sensor.shelly_plug_sg3_wk_waschmaschine_wk_waschmaschine_leistung,95.0,2026-05-27T16:00:30.567Z
sensor.shelly_plug_sg3_wk_waschmaschine_wk_waschmaschine_leistung,28.8,2026-05-27T16:00:32.625Z
sensor.shelly_plug_sg3_wk_waschmaschine_wk_waschmaschine_leistung,4.3,2026-05-27T16:00:33.651Z
sensor.shelly_plug_sg3_wk_waschmaschine_wk_waschmaschine_leistung,107.5,2026-05-27T16:00:35.707Z
sensor.shelly_plug_sg3_wk_waschmaschine_wk_waschmaschine_leistung,101.4,2026-05-27T16:00:36.737Z
sensor.shelly_plug_sg3_wk_waschmaschine_wk_waschmaschine_leistung,110.5,2026-05-27T16:00:38.791Z
sensor.shelly_plug_sg3_wk_waschmaschine_wk_waschmaschine_leistung,122.2,2026-05-27T16:00:40.848Z
sensor.shelly_plug_sg3_wk_waschmaschine_wk_waschmaschine_leistung,105.3,2026-05-27T16:00:43.932Z
sensor.shelly_plug_sg3_wk_waschmaschine_wk_waschmaschine_leistung,113.2,2026-05-27T16:00:44.963Z
sensor.shelly_plug_sg3_wk_waschmaschine_wk_waschmaschine_leistung,104.5,2026-05-27T16:00:47.017Z
sensor.shelly_plug_sg3_wk_waschmaschine_wk_waschmaschine_leistung,114.9,2026-05-27T16:00:48.047Z
sensor.shelly_plug_sg3_wk_waschmaschine_wk_waschmaschine_leistung,83.9,2026-05-27T16:00:50.101Z
sensor.shelly_plug_sg3_wk_waschmaschine_wk_waschmaschine_leistung,72.6,2026-05-27T16:00:51.129Z
sensor.shelly_plug_sg3_wk_waschmaschine_wk_waschmaschine_leistung,89.6,2026-05-27T16:00:52.157Z
sensor.shelly_plug_sg3_wk_waschmaschine_wk_waschmaschine_leistung,98.9,2026-05-27T16:00:53.185Z
sensor.shelly_plug_sg3_wk_waschmaschine_wk_waschmaschine_leistung,107.4,2026-05-27T16:00:55.256Z
sensor.shelly_plug_sg3_wk_waschmaschine_wk_waschmaschine_leistung,113.5,2026-05-27T16:00:56.261Z
sensor.shelly_plug_sg3_wk_waschmaschine_wk_waschmaschine_leistung,107.5,2026-05-27T16:00:58.317Z
sensor.shelly_plug_sg3_wk_waschmaschine_wk_waschmaschine_leistung,102.6,2026-05-27T16:00:59.983Z
sensor.shelly_plug_sg3_wk_waschmaschine_wk_waschmaschine_leistung,87.9,2026-05-27T16:01:02.438Z
sensor.shelly_plug_sg3_wk_waschmaschine_wk_waschmaschine_leistung,103.9,2026-05-27T16:01:03.466Z
sensor.shelly_plug_sg3_wk_waschmaschine_wk_waschmaschine_leistung,94.2,2026-05-27T16:01:04.494Z
sensor.shelly_plug_sg3_wk_waschmaschine_wk_waschmaschine_leistung,18.5,2026-05-27T16:01:05.537Z
sensor.shelly_plug_sg3_wk_waschmaschine_wk_waschmaschine_leistung,3.6,2026-05-27T16:01:06.553Z
sensor.shelly_plug_sg3_wk_waschmaschine_wk_waschmaschine_leistung,92.4,2026-05-27T16:01:08.607Z
sensor.shelly_plug_sg3_wk_waschmaschine_wk_waschmaschine_leistung,83.2,2026-05-27T16:01:09.640Z
sensor.shelly_plug_sg3_wk_waschmaschine_wk_waschmaschine_leistung,97.9,2026-05-27T16:01:10.664Z
sensor.shelly_plug_sg3_wk_waschmaschine_wk_waschmaschine_leistung,105.4,2026-05-27T16:01:12.720Z
sensor.shelly_plug_sg3_wk_waschmaschine_wk_waschmaschine_leistung,112.0,2026-05-27T16:01:14.776Z
sensor.shelly_plug_sg3_wk_waschmaschine_wk_waschmaschine_leistung,120.9,2026-05-27T16:01:18.887Z
sensor.shelly_plug_sg3_wk_waschmaschine_wk_waschmaschine_leistung,95.3,2026-05-27T16:01:20.942Z
sensor.shelly_plug_sg3_wk_waschmaschine_wk_waschmaschine_leistung,105.2,2026-05-27T16:01:21.973Z
sensor.shelly_plug_sg3_wk_waschmaschine_wk_waschmaschine_leistung,75.1,2026-05-27T16:01:22.999Z
sensor.shelly_plug_sg3_wk_waschmaschine_wk_waschmaschine_leistung,55.2,2026-05-27T16:01:24.027Z
sensor.shelly_plug_sg3_wk_waschmaschine_wk_waschmaschine_leistung,46.5,2026-05-27T16:01:25.055Z
sensor.shelly_plug_sg3_wk_waschmaschine_wk_waschmaschine_leistung,54.8,2026-05-27T16:01:26.083Z
sensor.shelly_plug_sg3_wk_waschmaschine_wk_waschmaschine_leistung,64.3,2026-05-27T16:01:27.111Z
sensor.shelly_plug_sg3_wk_waschmaschine_wk_waschmaschine_leistung,93.7,2026-05-27T16:01:29.169Z
sensor.shelly_plug_sg3_wk_waschmaschine_wk_waschmaschine_leistung,108.8,2026-05-27T16:01:30.196Z
sensor.shelly_plug_sg3_wk_waschmaschine_wk_waschmaschine_leistung,102.8,2026-05-27T16:01:31.224Z
sensor.shelly_plug_sg3_wk_waschmaschine_wk_waschmaschine_leistung,92.5,2026-05-27T16:01:35.335Z
sensor.shelly_plug_sg3_wk_waschmaschine_wk_waschmaschine_leistung,84.4,2026-05-27T16:01:37.391Z
sensor.shelly_plug_sg3_wk_waschmaschine_wk_waschmaschine_leistung,61.7,2026-05-27T16:01:38.419Z
sensor.shelly_plug_sg3_wk_waschmaschine_wk_waschmaschine_leistung,4.3,2026-05-27T16:01:39.448Z
sensor.shelly_plug_sg3_wk_waschmaschine_wk_waschmaschine_leistung,16.0,2026-05-27T16:01:40.499Z
sensor.shelly_plug_sg3_wk_waschmaschine_wk_waschmaschine_leistung,90.1,2026-05-27T16:01:41.505Z
sensor.shelly_plug_sg3_wk_waschmaschine_wk_waschmaschine_leistung,119.8,2026-05-27T16:01:42.533Z
sensor.shelly_plug_sg3_wk_waschmaschine_wk_waschmaschine_leistung,109.0,2026-05-27T16:01:43.564Z
sensor.shelly_plug_sg3_wk_waschmaschine_wk_waschmaschine_leistung,115.9,2026-05-27T16:01:44.590Z
sensor.shelly_plug_sg3_wk_waschmaschine_wk_waschmaschine_leistung,108.0,2026-05-27T16:01:46.646Z
sensor.shelly_plug_sg3_wk_waschmaschine_wk_waschmaschine_leistung,120.1,2026-05-27T16:01:48.701Z
sensor.shelly_plug_sg3_wk_waschmaschine_wk_waschmaschine_leistung,106.8,2026-05-27T16:01:52.813Z
sensor.shelly_plug_sg3_wk_waschmaschine_wk_waschmaschine_leistung,115.9,2026-05-27T16:01:53.841Z
sensor.shelly_plug_sg3_wk_waschmaschine_wk_waschmaschine_leistung,93.1,2026-05-27T16:01:54.872Z
sensor.shelly_plug_sg3_wk_waschmaschine_wk_waschmaschine_leistung,106.5,2026-05-27T16:01:58.982Z
sensor.shelly_plug_sg3_wk_waschmaschine_wk_waschmaschine_leistung,120.2,2026-05-27T16:02:02.084Z
sensor.shelly_plug_sg3_wk_waschmaschine_wk_waschmaschine_leistung,110.2,2026-05-27T16:02:03.112Z
sensor.shelly_plug_sg3_wk_waschmaschine_wk_waschmaschine_leistung,88.9,2026-05-27T16:02:09.277Z
sensor.shelly_plug_sg3_wk_waschmaschine_wk_waschmaschine_leistung,99.1,2026-05-27T16:02:10.310Z
sensor.shelly_plug_sg3_wk_waschmaschine_wk_waschmaschine_leistung,53.1,2026-05-27T16:02:11.336Z
sensor.shelly_plug_sg3_wk_waschmaschine_wk_waschmaschine_leistung,3.8,2026-05-27T16:02:12.364Z
sensor.shelly_plug_sg3_wk_waschmaschine_wk_waschmaschine_leistung,21.1,2026-05-27T16:02:13.395Z
sensor.shelly_plug_sg3_wk_waschmaschine_wk_waschmaschine_leistung,81.3,2026-05-27T16:02:14.423Z
sensor.shelly_plug_sg3_wk_waschmaschine_wk_waschmaschine_leistung,110.7,2026-05-27T16:02:15.449Z
sensor.shelly_plug_sg3_wk_waschmaschine_wk_waschmaschine_leistung,79.8,2026-05-27T16:02:16.477Z
sensor.shelly_plug_sg3_wk_waschmaschine_wk_waschmaschine_leistung,90.2,2026-05-27T16:02:17.506Z
sensor.shelly_plug_sg3_wk_waschmaschine_wk_waschmaschine_leistung,98.0,2026-05-27T16:02:18.534Z
sensor.shelly_plug_sg3_wk_waschmaschine_wk_waschmaschine_leistung,107.2,2026-05-27T16:02:20.590Z
sensor.shelly_plug_sg3_wk_waschmaschine_wk_waschmaschine_leistung,115.6,2026-05-27T16:02:21.618Z
sensor.shelly_plug_sg3_wk_waschmaschine_wk_waschmaschine_leistung,121.5,2026-05-27T16:02:24.704Z
sensor.shelly_plug_sg3_wk_waschmaschine_wk_waschmaschine_leistung,108.1,2026-05-27T16:02:25.730Z
sensor.shelly_plug_sg3_wk_waschmaschine_wk_waschmaschine_leistung,94.0,2026-05-27T16:02:26.758Z
sensor.shelly_plug_sg3_wk_waschmaschine_wk_waschmaschine_leistung,84.9,2026-05-27T16:02:27.787Z
sensor.shelly_plug_sg3_wk_waschmaschine_wk_waschmaschine_leistung,106.9,2026-05-27T16:02:28.815Z
sensor.shelly_plug_sg3_wk_waschmaschine_wk_waschmaschine_leistung,81.6,2026-05-27T16:02:31.901Z
sensor.shelly_plug_sg3_wk_waschmaschine_wk_waschmaschine_leistung,97.3,2026-05-27T16:02:32.927Z
sensor.shelly_plug_sg3_wk_waschmaschine_wk_waschmaschine_leistung,105.0,2026-05-27T16:02:34.984Z
sensor.shelly_plug_sg3_wk_waschmaschine_wk_waschmaschine_leistung,95.1,2026-05-27T16:02:38.069Z
sensor.shelly_plug_sg3_wk_waschmaschine_wk_waschmaschine_leistung,101.3,2026-05-27T16:02:39.096Z
sensor.shelly_plug_sg3_wk_waschmaschine_wk_waschmaschine_leistung,93.8,2026-05-27T16:02:43.207Z
sensor.shelly_plug_sg3_wk_waschmaschine_wk_waschmaschine_leistung,85.4,2026-05-27T16:02:45.263Z
sensor.shelly_plug_sg3_wk_waschmaschine_wk_waschmaschine_leistung,4.3,2026-05-27T16:02:46.291Z
sensor.shelly_plug_sg3_wk_waschmaschine_wk_waschmaschine_leistung,31.3,2026-05-27T16:02:48.347Z
sensor.shelly_plug_sg3_wk_waschmaschine_wk_waschmaschine_leistung,111.7,2026-05-27T16:02:49.375Z
sensor.shelly_plug_sg3_wk_waschmaschine_wk_waschmaschine_leistung,98.2,2026-05-27T16:02:50.404Z
sensor.shelly_plug_sg3_wk_waschmaschine_wk_waschmaschine_leistung,112.5,2026-05-27T16:02:51.435Z
sensor.shelly_plug_sg3_wk_waschmaschine_wk_waschmaschine_leistung,123.7,2026-05-27T16:02:53.488Z
sensor.shelly_plug_sg3_wk_waschmaschine_wk_waschmaschine_leistung,117.0,2026-05-27T16:02:54.517Z
sensor.shelly_plug_sg3_wk_waschmaschine_wk_waschmaschine_leistung,124.2,2026-05-27T16:02:55.547Z
sensor.shelly_plug_sg3_wk_waschmaschine_wk_waschmaschine_leistung,130.9,2026-05-27T16:02:59.657Z
sensor.shelly_plug_sg3_wk_waschmaschine_wk_waschmaschine_leistung,117.4,2026-05-27T16:03:00.687Z
sensor.shelly_plug_sg3_wk_waschmaschine_wk_waschmaschine_leistung,126.7,2026-05-27T16:03:01.715Z
sensor.shelly_plug_sg3_wk_waschmaschine_wk_waschmaschine_leistung,113.3,2026-05-27T16:03:02.741Z
sensor.shelly_plug_sg3_wk_waschmaschine_wk_waschmaschine_leistung,100.7,2026-05-27T16:03:03.770Z
sensor.shelly_plug_sg3_wk_waschmaschine_wk_waschmaschine_leistung,91.2,2026-05-27T16:03:04.798Z
sensor.shelly_plug_sg3_wk_waschmaschine_wk_waschmaschine_leistung,100.6,2026-05-27T16:03:06.856Z
sensor.shelly_plug_sg3_wk_waschmaschine_wk_waschmaschine_leistung,115.3,2026-05-27T16:03:07.882Z
sensor.shelly_plug_sg3_wk_waschmaschine_wk_waschmaschine_leistung,96.6,2026-05-27T16:03:08.911Z
sensor.shelly_plug_sg3_wk_waschmaschine_wk_waschmaschine_leistung,105.0,2026-05-27T16:03:09.939Z
sensor.shelly_plug_sg3_wk_waschmaschine_wk_waschmaschine_leistung,95.5,2026-05-27T16:03:13.024Z
sensor.shelly_plug_sg3_wk_waschmaschine_wk_waschmaschine_leistung,113.2,2026-05-27T16:03:14.052Z
sensor.shelly_plug_sg3_wk_waschmaschine_wk_waschmaschine_leistung,95.9,2026-05-27T16:03:15.079Z
sensor.shelly_plug_sg3_wk_waschmaschine_wk_waschmaschine_leistung,105.5,2026-05-27T16:03:16.108Z
sensor.shelly_plug_sg3_wk_waschmaschine_wk_waschmaschine_leistung,98.9,2026-05-27T16:03:17.136Z
sensor.shelly_plug_sg3_wk_waschmaschine_wk_waschmaschine_leistung,35.4,2026-05-27T16:03:18.164Z
sensor.shelly_plug_sg3_wk_waschmaschine_wk_waschmaschine_leistung,3.7,2026-05-27T16:03:19.192Z
sensor.shelly_plug_sg3_wk_waschmaschine_wk_waschmaschine_leistung,35.9,2026-05-27T16:03:21.249Z
sensor.shelly_plug_sg3_wk_waschmaschine_wk_waschmaschine_leistung,96.2,2026-05-27T16:03:22.276Z
sensor.shelly_plug_sg3_wk_waschmaschine_wk_waschmaschine_leistung,103.9,2026-05-27T16:03:24.333Z
sensor.shelly_plug_sg3_wk_waschmaschine_wk_waschmaschine_leistung,109.4,2026-05-27T16:03:27.408Z
sensor.shelly_plug_sg3_wk_waschmaschine_wk_waschmaschine_leistung,118.5,2026-05-27T16:03:28.445Z
sensor.shelly_plug_sg3_wk_waschmaschine_wk_waschmaschine_leistung,109.2,2026-05-27T16:03:29.474Z
sensor.shelly_plug_sg3_wk_waschmaschine_wk_waschmaschine_leistung,118.7,2026-05-27T16:03:30.502Z
sensor.shelly_plug_sg3_wk_waschmaschine_wk_waschmaschine_leistung,111.8,2026-05-27T16:03:31.532Z
sensor.shelly_plug_sg3_wk_waschmaschine_wk_waschmaschine_leistung,105.6,2026-05-27T16:03:33.589Z
sensor.shelly_plug_sg3_wk_waschmaschine_wk_waschmaschine_leistung,111.7,2026-05-27T16:03:34.614Z
sensor.shelly_plug_sg3_wk_waschmaschine_wk_waschmaschine_leistung,96.5,2026-05-27T16:03:35.643Z
sensor.shelly_plug_sg3_wk_waschmaschine_wk_waschmaschine_leistung,86.8,2026-05-27T16:03:37.699Z
sensor.shelly_plug_sg3_wk_waschmaschine_wk_waschmaschine_leistung,93.1,2026-05-27T16:03:38.729Z
sensor.shelly_plug_sg3_wk_waschmaschine_wk_waschmaschine_leistung,111.6,2026-05-27T16:03:39.755Z
sensor.shelly_plug_sg3_wk_waschmaschine_wk_waschmaschine_leistung,98.5,2026-05-27T16:03:40.795Z
sensor.shelly_plug_sg3_wk_waschmaschine_wk_waschmaschine_leistung,104.3,2026-05-27T16:03:42.839Z
sensor.shelly_plug_sg3_wk_waschmaschine_wk_waschmaschine_leistung,98.6,2026-05-27T16:03:44.886Z
sensor.shelly_plug_sg3_wk_waschmaschine_wk_waschmaschine_leistung,89.4,2026-05-27T16:03:47.980Z
sensor.shelly_plug_sg3_wk_waschmaschine_wk_waschmaschine_leistung,83.9,2026-05-27T16:03:50.040Z
sensor.shelly_plug_sg3_wk_waschmaschine_wk_waschmaschine_leistung,50.2,2026-05-27T16:03:51.066Z
sensor.shelly_plug_sg3_wk_waschmaschine_wk_waschmaschine_leistung,4.5,2026-05-27T16:03:52.096Z
sensor.shelly_plug_sg3_wk_waschmaschine_wk_waschmaschine_leistung,19.4,2026-05-27T16:03:54.148Z
sensor.shelly_plug_sg3_wk_waschmaschine_wk_waschmaschine_leistung,101.2,2026-05-27T16:03:55.177Z
sensor.shelly_plug_sg3_wk_waschmaschine_wk_waschmaschine_leistung,109.7,2026-05-27T16:03:58.260Z
sensor.shelly_plug_sg3_wk_waschmaschine_wk_waschmaschine_leistung,112.5,2026-05-27T16:04:00.049Z
sensor.shelly_plug_sg3_wk_waschmaschine_wk_waschmaschine_leistung,117.0,2026-05-27T16:04:00.317Z
sensor.shelly_plug_sg3_wk_waschmaschine_wk_waschmaschine_leistung,123.2,2026-05-27T16:04:02.364Z
sensor.shelly_plug_sg3_wk_waschmaschine_wk_waschmaschine_leistung,104.7,2026-05-27T16:04:04.428Z
sensor.shelly_plug_sg3_wk_waschmaschine_wk_waschmaschine_leistung,122.5,2026-05-27T16:04:05.457Z
sensor.shelly_plug_sg3_wk_waschmaschine_wk_waschmaschine_leistung,99.6,2026-05-27T16:04:07.513Z
sensor.shelly_plug_sg3_wk_waschmaschine_wk_waschmaschine_leistung,109.7,2026-05-27T16:04:08.568Z
sensor.shelly_plug_sg3_wk_waschmaschine_wk_waschmaschine_leistung,87.3,2026-05-27T16:04:10.598Z
sensor.shelly_plug_sg3_wk_waschmaschine_wk_waschmaschine_leistung,80.0,2026-05-27T16:04:11.629Z
sensor.shelly_plug_sg3_wk_waschmaschine_wk_waschmaschine_leistung,94.2,2026-05-27T16:04:12.655Z
sensor.shelly_plug_sg3_wk_waschmaschine_wk_waschmaschine_leistung,106.4,2026-05-27T16:04:13.683Z
sensor.shelly_plug_sg3_wk_waschmaschine_wk_waschmaschine_leistung,115.2,2026-05-27T16:04:15.739Z
sensor.shelly_plug_sg3_wk_waschmaschine_wk_waschmaschine_leistung,106.6,2026-05-27T16:04:18.825Z
sensor.shelly_plug_sg3_wk_waschmaschine_wk_waschmaschine_leistung,98.8,2026-05-27T16:04:21.907Z
sensor.shelly_plug_sg3_wk_waschmaschine_wk_waschmaschine_leistung,111.3,2026-05-27T16:04:22.935Z
sensor.shelly_plug_sg3_wk_waschmaschine_wk_waschmaschine_leistung,47.9,2026-05-27T16:04:23.964Z
sensor.shelly_plug_sg3_wk_waschmaschine_wk_waschmaschine_leistung,3.8,2026-05-27T16:04:24.994Z
sensor.shelly_plug_sg3_wk_waschmaschine_wk_waschmaschine_leistung,77.2,2026-05-27T16:04:27.048Z
sensor.shelly_plug_sg3_wk_waschmaschine_wk_waschmaschine_leistung,94.3,2026-05-27T16:04:28.077Z
sensor.shelly_plug_sg3_wk_waschmaschine_wk_waschmaschine_leistung,83.2,2026-05-27T16:04:29.105Z
sensor.shelly_plug_sg3_wk_waschmaschine_wk_waschmaschine_leistung,99.4,2026-05-27T16:04:30.134Z
sensor.shelly_plug_sg3_wk_waschmaschine_wk_waschmaschine_leistung,104.5,2026-05-27T16:04:31.152Z
sensor.shelly_plug_sg3_wk_waschmaschine_wk_waschmaschine_leistung,113.9,2026-05-27T16:04:34.238Z
sensor.shelly_plug_sg3_wk_waschmaschine_wk_waschmaschine_leistung,107.9,2026-05-27T16:04:37.329Z
sensor.shelly_plug_sg3_wk_waschmaschine_wk_waschmaschine_leistung,100.3,2026-05-27T16:04:38.357Z
sensor.shelly_plug_sg3_wk_waschmaschine_wk_waschmaschine_leistung,85.7,2026-05-27T16:04:42.469Z
sensor.shelly_plug_sg3_wk_waschmaschine_wk_waschmaschine_leistung,90.8,2026-05-27T16:04:43.488Z
sensor.shelly_plug_sg3_wk_waschmaschine_wk_waschmaschine_leistung,111.0,2026-05-27T16:04:44.526Z
sensor.shelly_plug_sg3_wk_waschmaschine_wk_waschmaschine_leistung,81.2,2026-05-27T16:04:45.554Z
sensor.shelly_plug_sg3_wk_waschmaschine_wk_waschmaschine_leistung,108.0,2026-05-27T16:04:46.582Z
sensor.shelly_plug_sg3_wk_waschmaschine_wk_waschmaschine_leistung,115.0,2026-05-27T16:04:48.639Z
sensor.shelly_plug_sg3_wk_waschmaschine_wk_waschmaschine_leistung,95.6,2026-05-27T16:04:49.666Z
sensor.shelly_plug_sg3_wk_waschmaschine_wk_waschmaschine_leistung,104.9,2026-05-27T16:04:50.694Z
sensor.shelly_plug_sg3_wk_waschmaschine_wk_waschmaschine_leistung,92.4,2026-05-27T16:04:52.750Z
sensor.shelly_plug_sg3_wk_waschmaschine_wk_waschmaschine_leistung,106.7,2026-05-27T16:04:53.779Z
sensor.shelly_plug_sg3_wk_waschmaschine_wk_waschmaschine_leistung,90.2,2026-05-27T16:04:54.807Z
sensor.shelly_plug_sg3_wk_waschmaschine_wk_waschmaschine_leistung,55.3,2026-05-27T16:04:56.863Z
sensor.shelly_plug_sg3_wk_waschmaschine_wk_waschmaschine_leistung,5.2,2026-05-27T16:04:57.891Z
sensor.shelly_plug_sg3_wk_waschmaschine_wk_waschmaschine_leistung,3.8,2026-05-27T16:04:58.912Z
sensor.shelly_plug_sg3_wk_waschmaschine_wk_waschmaschine_leistung,84.5,2026-05-27T16:04:59.947Z
sensor.shelly_plug_sg3_wk_waschmaschine_wk_waschmaschine_leistung,115.5,2026-05-27T16:05:00.976Z
sensor.shelly_plug_sg3_wk_waschmaschine_wk_waschmaschine_leistung,103.5,2026-05-27T16:05:02.005Z
sensor.shelly_plug_sg3_wk_waschmaschine_wk_waschmaschine_leistung,109.1,2026-05-27T16:05:04.051Z
sensor.shelly_plug_sg3_wk_waschmaschine_wk_waschmaschine_leistung,117.8,2026-05-27T16:05:06.117Z
sensor.shelly_plug_sg3_wk_waschmaschine_wk_waschmaschine_leistung,129.0,2026-05-27T16:05:07.145Z
sensor.shelly_plug_sg3_wk_waschmaschine_wk_waschmaschine_leistung,116.2,2026-05-27T16:05:08.173Z
sensor.shelly_plug_sg3_wk_waschmaschine_wk_waschmaschine_leistung,133.0,2026-05-27T16:05:10.230Z
sensor.shelly_plug_sg3_wk_waschmaschine_wk_waschmaschine_leistung,101.5,2026-05-27T16:05:11.258Z
sensor.shelly_plug_sg3_wk_waschmaschine_wk_waschmaschine_leistung,120.2,2026-05-27T16:05:12.286Z
sensor.shelly_plug_sg3_wk_waschmaschine_wk_waschmaschine_leistung,95.7,2026-05-27T16:05:13.314Z
sensor.shelly_plug_sg3_wk_waschmaschine_wk_waschmaschine_leistung,126.3,2026-05-27T16:05:14.343Z
sensor.shelly_plug_sg3_wk_waschmaschine_wk_waschmaschine_leistung,86.4,2026-05-27T16:05:15.371Z
sensor.shelly_plug_sg3_wk_waschmaschine_wk_waschmaschine_leistung,92.6,2026-05-27T16:05:16.390Z
sensor.shelly_plug_sg3_wk_waschmaschine_wk_waschmaschine_leistung,103.3,2026-05-27T16:05:17.430Z
sensor.shelly_plug_sg3_wk_waschmaschine_wk_waschmaschine_leistung,109.0,2026-05-27T16:05:20.512Z
sensor.shelly_plug_sg3_wk_waschmaschine_wk_waschmaschine_leistung,115.6,2026-05-27T16:05:21.540Z
sensor.shelly_plug_sg3_wk_waschmaschine_wk_waschmaschine_leistung,102.6,2026-05-27T16:05:25.651Z
sensor.shelly_plug_sg3_wk_waschmaschine_wk_waschmaschine_leistung,97.3,2026-05-27T16:05:27.698Z
sensor.shelly_plug_sg3_wk_waschmaschine_wk_waschmaschine_leistung,65.4,2026-05-27T16:05:29.764Z
sensor.shelly_plug_sg3_wk_waschmaschine_wk_waschmaschine_leistung,4.1,2026-05-27T16:05:30.794Z
sensor.shelly_plug_sg3_wk_waschmaschine_wk_waschmaschine_leistung,73.4,2026-05-27T16:05:32.850Z
sensor.shelly_plug_sg3_wk_waschmaschine_wk_waschmaschine_leistung,85.3,2026-05-27T16:05:33.878Z
sensor.shelly_plug_sg3_wk_waschmaschine_wk_waschmaschine_leistung,91.3,2026-05-27T16:05:34.907Z
sensor.shelly_plug_sg3_wk_waschmaschine_wk_waschmaschine_leistung,103.4,2026-05-27T16:05:35.933Z
sensor.shelly_plug_sg3_wk_waschmaschine_wk_waschmaschine_leistung,108.6,2026-05-27T16:05:39.017Z
sensor.shelly_plug_sg3_wk_waschmaschine_wk_waschmaschine_leistung,115.7,2026-05-27T16:05:41.074Z
sensor.shelly_plug_sg3_wk_waschmaschine_wk_waschmaschine_leistung,103.3,2026-05-27T16:05:46.221Z
sensor.shelly_plug_sg3_wk_waschmaschine_wk_waschmaschine_leistung,109.7,2026-05-27T16:05:53.408Z
sensor.shelly_plug_sg3_wk_waschmaschine_wk_waschmaschine_leistung,99.6,2026-05-27T16:05:54.436Z
sensor.shelly_plug_sg3_wk_waschmaschine_wk_waschmaschine_leistung,92.9,2026-05-27T16:05:58.549Z
sensor.shelly_plug_sg3_wk_waschmaschine_wk_waschmaschine_leistung,97.7,2026-05-27T16:05:59.570Z
sensor.shelly_plug_sg3_wk_waschmaschine_wk_waschmaschine_leistung,90.6,2026-05-27T16:06:01.623Z
sensor.shelly_plug_sg3_wk_waschmaschine_wk_waschmaschine_leistung,77.3,2026-05-27T16:06:02.660Z
sensor.shelly_plug_sg3_wk_waschmaschine_wk_waschmaschine_leistung,9.3,2026-05-27T16:06:03.689Z
sensor.shelly_plug_sg3_wk_waschmaschine_wk_waschmaschine_leistung,4.0,2026-05-27T16:06:04.720Z
sensor.shelly_plug_sg3_wk_waschmaschine_wk_waschmaschine_leistung,59.3,2026-05-27T16:06:05.747Z
sensor.shelly_plug_sg3_wk_waschmaschine_wk_waschmaschine_leistung,110.7,2026-05-27T16:06:06.774Z
sensor.shelly_plug_sg3_wk_waschmaschine_wk_waschmaschine_leistung,103.1,2026-05-27T16:06:07.802Z
sensor.shelly_plug_sg3_wk_waschmaschine_wk_waschmaschine_leistung,114.4,2026-05-27T16:06:09.859Z
sensor.shelly_plug_sg3_wk_waschmaschine_wk_waschmaschine_leistung,124.5,2026-05-27T16:06:11.914Z
sensor.shelly_plug_sg3_wk_waschmaschine_wk_waschmaschine_leistung,130.9,2026-05-27T16:06:14.991Z
sensor.shelly_plug_sg3_wk_waschmaschine_wk_waschmaschine_leistung,119.1,2026-05-27T16:06:16.017Z
sensor.shelly_plug_sg3_wk_waschmaschine_wk_waschmaschine_leistung,131.5,2026-05-27T16:06:17.045Z
sensor.shelly_plug_sg3_wk_waschmaschine_wk_waschmaschine_leistung,90.5,2026-05-27T16:06:18.084Z
sensor.shelly_plug_sg3_wk_waschmaschine_wk_waschmaschine_leistung,104.4,2026-05-27T16:06:19.111Z
sensor.shelly_plug_sg3_wk_waschmaschine_wk_waschmaschine_leistung,87.0,2026-05-27T16:06:20.139Z
sensor.shelly_plug_sg3_wk_waschmaschine_wk_waschmaschine_leistung,76.4,2026-05-27T16:06:21.167Z
sensor.shelly_plug_sg3_wk_waschmaschine_wk_waschmaschine_leistung,64.4,2026-05-27T16:06:22.197Z
sensor.shelly_plug_sg3_wk_waschmaschine_wk_waschmaschine_leistung,97.5,2026-05-27T16:06:23.226Z
sensor.shelly_plug_sg3_wk_waschmaschine_wk_waschmaschine_leistung,116.2,2026-05-27T16:06:24.254Z
sensor.shelly_plug_sg3_wk_waschmaschine_wk_waschmaschine_leistung,110.0,2026-05-27T16:06:29.382Z
sensor.shelly_plug_sg3_wk_waschmaschine_wk_waschmaschine_leistung,103.4,2026-05-27T16:06:33.494Z
sensor.shelly_plug_sg3_wk_waschmaschine_wk_waschmaschine_leistung,96.7,2026-05-27T16:06:34.531Z
sensor.shelly_plug_sg3_wk_waschmaschine_wk_waschmaschine_leistung,83.8,2026-05-27T16:06:35.559Z
sensor.shelly_plug_sg3_wk_waschmaschine_wk_waschmaschine_leistung,6.7,2026-05-27T16:06:36.590Z
sensor.shelly_plug_sg3_wk_waschmaschine_wk_waschmaschine_leistung,5.6,2026-05-27T16:06:37.618Z
sensor.shelly_plug_sg3_wk_waschmaschine_wk_waschmaschine_leistung,57.6,2026-05-27T16:06:38.646Z
sensor.shelly_plug_sg3_wk_waschmaschine_wk_waschmaschine_leistung,82.3,2026-05-27T16:06:39.675Z
sensor.shelly_plug_sg3_wk_waschmaschine_wk_waschmaschine_leistung,95.9,2026-05-27T16:06:40.732Z
sensor.shelly_plug_sg3_wk_waschmaschine_wk_waschmaschine_leistung,104.3,2026-05-27T16:06:43.784Z
sensor.shelly_plug_sg3_wk_waschmaschine_wk_waschmaschine_leistung,113.4,2026-05-27T16:06:44.812Z
sensor.shelly_plug_sg3_wk_waschmaschine_wk_waschmaschine_leistung,123.7,2026-05-27T16:06:48.924Z
sensor.shelly_plug_sg3_wk_waschmaschine_wk_waschmaschine_leistung,113.6,2026-05-27T16:06:49.952Z
sensor.shelly_plug_sg3_wk_waschmaschine_wk_waschmaschine_leistung,101.7,2026-05-27T16:06:52.008Z
sensor.shelly_plug_sg3_wk_waschmaschine_wk_waschmaschine_leistung,94.5,2026-05-27T16:06:53.047Z
sensor.shelly_plug_sg3_wk_waschmaschine_wk_waschmaschine_leistung,84.9,2026-05-27T16:06:55.092Z
sensor.shelly_plug_sg3_wk_waschmaschine_wk_waschmaschine_leistung,69.1,2026-05-27T16:06:56.120Z
sensor.shelly_plug_sg3_wk_waschmaschine_wk_waschmaschine_leistung,65.7,2026-05-27T16:06:57.139Z
sensor.shelly_plug_sg3_wk_waschmaschine_wk_waschmaschine_leistung,95.1,2026-05-27T16:06:58.179Z
sensor.shelly_plug_sg3_wk_waschmaschine_wk_waschmaschine_leistung,107.7,2026-05-27T16:06:59.206Z
sensor.shelly_plug_sg3_wk_waschmaschine_wk_waschmaschine_leistung,100.3,2026-05-27T16:07:01.263Z
sensor.shelly_plug_sg3_wk_waschmaschine_wk_waschmaschine_leistung,94.4,2026-05-27T16:07:04.346Z
sensor.shelly_plug_sg3_wk_waschmaschine_wk_waschmaschine_leistung,86.8,2026-05-27T16:07:05.374Z
sensor.shelly_plug_sg3_wk_waschmaschine_wk_waschmaschine_leistung,91.9,2026-05-27T16:07:06.402Z
sensor.shelly_plug_sg3_wk_waschmaschine_wk_waschmaschine_leistung,21.1,2026-05-27T16:07:09.486Z
sensor.shelly_plug_sg3_wk_waschmaschine_wk_waschmaschine_leistung,3.6,2026-05-27T16:07:10.514Z
sensor.shelly_plug_sg3_wk_waschmaschine_wk_waschmaschine_leistung,44.4,2026-05-27T16:07:11.543Z
sensor.shelly_plug_sg3_wk_waschmaschine_wk_waschmaschine_leistung,103.8,2026-05-27T16:07:12.572Z
sensor.shelly_plug_sg3_wk_waschmaschine_wk_waschmaschine_leistung,112.4,2026-05-27T16:07:13.602Z
sensor.shelly_plug_sg3_wk_waschmaschine_wk_waschmaschine_leistung,120.9,2026-05-27T16:07:16.684Z
sensor.shelly_plug_sg3_wk_waschmaschine_wk_waschmaschine_leistung,112.7,2026-05-27T16:07:17.714Z
sensor.shelly_plug_sg3_wk_waschmaschine_wk_waschmaschine_leistung,123.7,2026-05-27T16:07:18.741Z
sensor.shelly_plug_sg3_wk_waschmaschine_wk_waschmaschine_leistung,101.8,2026-05-27T16:07:24.908Z
sensor.shelly_plug_sg3_wk_waschmaschine_wk_waschmaschine_leistung,87.4,2026-05-27T16:07:26.964Z
sensor.shelly_plug_sg3_wk_waschmaschine_wk_waschmaschine_leistung,113.8,2026-05-27T16:07:30.048Z
sensor.shelly_plug_sg3_wk_waschmaschine_wk_waschmaschine_leistung,106.6,2026-05-27T16:07:31.079Z
sensor.shelly_plug_sg3_wk_waschmaschine_wk_waschmaschine_leistung,117.7,2026-05-27T16:07:33.133Z
sensor.shelly_plug_sg3_wk_waschmaschine_wk_waschmaschine_leistung,107.2,2026-05-27T16:07:35.190Z
sensor.shelly_plug_sg3_wk_waschmaschine_wk_waschmaschine_leistung,100.8,2026-05-27T16:07:37.244Z
sensor.shelly_plug_sg3_wk_waschmaschine_wk_waschmaschine_leistung,106.1,2026-05-27T16:07:38.273Z
sensor.shelly_plug_sg3_wk_waschmaschine_wk_waschmaschine_leistung,90.5,2026-05-27T16:07:40.329Z
sensor.shelly_plug_sg3_wk_waschmaschine_wk_waschmaschine_leistung,98.0,2026-05-27T16:07:41.358Z
sensor.shelly_plug_sg3_wk_waschmaschine_wk_waschmaschine_leistung,12.8,2026-05-27T16:07:42.385Z
sensor.shelly_plug_sg3_wk_waschmaschine_wk_waschmaschine_leistung,3.9,2026-05-27T16:07:43.413Z
sensor.shelly_plug_sg3_wk_waschmaschine_wk_waschmaschine_leistung,44.3,2026-05-27T16:07:44.442Z
sensor.shelly_plug_sg3_wk_waschmaschine_wk_waschmaschine_leistung,86.6,2026-05-27T16:07:45.470Z
sensor.shelly_plug_sg3_wk_waschmaschine_wk_waschmaschine_leistung,92.1,2026-05-27T16:07:46.500Z
sensor.shelly_plug_sg3_wk_waschmaschine_wk_waschmaschine_leistung,102.4,2026-05-27T16:07:47.528Z
sensor.shelly_plug_sg3_wk_waschmaschine_wk_waschmaschine_leistung,96.3,2026-05-27T16:07:48.554Z
sensor.shelly_plug_sg3_wk_waschmaschine_wk_waschmaschine_leistung,110.1,2026-05-27T16:07:49.583Z
sensor.shelly_plug_sg3_wk_waschmaschine_wk_waschmaschine_leistung,121.7,2026-05-27T16:07:52.667Z
sensor.shelly_plug_sg3_wk_waschmaschine_wk_waschmaschine_leistung,100.9,2026-05-27T16:07:53.698Z
sensor.shelly_plug_sg3_wk_waschmaschine_wk_waschmaschine_leistung,117.3,2026-05-27T16:07:54.726Z
sensor.shelly_plug_sg3_wk_waschmaschine_wk_waschmaschine_leistung,96.8,2026-05-27T16:07:56.783Z
sensor.shelly_plug_sg3_wk_waschmaschine_wk_waschmaschine_leistung,70.7,2026-05-27T16:07:59.866Z
sensor.shelly_plug_sg3_wk_waschmaschine_wk_waschmaschine_leistung,52.8,2026-05-27T16:08:00.892Z
sensor.shelly_plug_sg3_wk_waschmaschine_wk_waschmaschine_leistung,67.0,2026-05-27T16:08:01.923Z
sensor.shelly_plug_sg3_wk_waschmaschine_wk_waschmaschine_leistung,80.1,2026-05-27T16:08:02.950Z
sensor.shelly_plug_sg3_wk_waschmaschine_wk_waschmaschine_leistung,88.9,2026-05-27T16:08:03.976Z
sensor.shelly_plug_sg3_wk_waschmaschine_wk_waschmaschine_leistung,99.2,2026-05-27T16:08:06.033Z
sensor.shelly_plug_sg3_wk_waschmaschine_wk_waschmaschine_leistung,91.4,2026-05-27T16:08:07.061Z
sensor.shelly_plug_sg3_wk_waschmaschine_wk_waschmaschine_leistung,99.5,2026-05-27T16:08:08.089Z
sensor.shelly_plug_sg3_wk_waschmaschine_wk_waschmaschine_leistung,86.7,2026-05-27T16:08:11.173Z
sensor.shelly_plug_sg3_wk_waschmaschine_wk_waschmaschine_leistung,91.4,2026-05-27T16:08:14.257Z
sensor.shelly_plug_sg3_wk_waschmaschine_wk_waschmaschine_leistung,4.3,2026-05-27T16:08:15.285Z
sensor.shelly_plug_sg3_wk_waschmaschine_wk_waschmaschine_leistung,25.1,2026-05-27T16:08:17.341Z
sensor.shelly_plug_sg3_wk_waschmaschine_wk_waschmaschine_leistung,93.3,2026-05-27T16:08:18.370Z
sensor.shelly_plug_sg3_wk_waschmaschine_wk_waschmaschine_leistung,107.3,2026-05-27T16:08:19.398Z
sensor.shelly_plug_sg3_wk_waschmaschine_wk_waschmaschine_leistung,114.2,2026-05-27T16:08:21.457Z
sensor.shelly_plug_sg3_wk_waschmaschine_wk_waschmaschine_leistung,121.0,2026-05-27T16:08:23.511Z
sensor.shelly_plug_sg3_wk_waschmaschine_wk_waschmaschine_leistung,127.3,2026-05-27T16:08:26.586Z
sensor.shelly_plug_sg3_wk_waschmaschine_wk_waschmaschine_leistung,112.5,2026-05-27T16:08:27.623Z
sensor.shelly_plug_sg3_wk_waschmaschine_wk_waschmaschine_leistung,124.4,2026-05-27T16:08:28.653Z
sensor.shelly_plug_sg3_wk_waschmaschine_wk_waschmaschine_leistung,103.2,2026-05-27T16:08:30.707Z
sensor.shelly_plug_sg3_wk_waschmaschine_wk_waschmaschine_leistung,112.5,2026-05-27T16:08:32.762Z
sensor.shelly_plug_sg3_wk_waschmaschine_wk_waschmaschine_leistung,81.6,2026-05-27T16:08:33.790Z
sensor.shelly_plug_sg3_wk_waschmaschine_wk_waschmaschine_leistung,56.3,2026-05-27T16:08:34.819Z
sensor.shelly_plug_sg3_wk_waschmaschine_wk_waschmaschine_leistung,64.3,2026-05-27T16:08:35.847Z
sensor.shelly_plug_sg3_wk_waschmaschine_wk_waschmaschine_leistung,90.3,2026-05-27T16:08:36.875Z
sensor.shelly_plug_sg3_wk_waschmaschine_wk_waschmaschine_leistung,110.9,2026-05-27T16:08:37.904Z
sensor.shelly_plug_sg3_wk_waschmaschine_wk_waschmaschine_leistung,101.6,2026-05-27T16:08:44.071Z
sensor.shelly_plug_sg3_wk_waschmaschine_wk_waschmaschine_leistung,95.1,2026-05-27T16:08:45.099Z
sensor.shelly_plug_sg3_wk_waschmaschine_wk_waschmaschine_leistung,102.1,2026-05-27T16:08:46.129Z
sensor.shelly_plug_sg3_wk_waschmaschine_wk_waschmaschine_leistung,3.7,2026-05-27T16:08:48.184Z
sensor.shelly_plug_sg3_wk_waschmaschine_wk_waschmaschine_leistung,21.6,2026-05-27T16:08:50.243Z
sensor.shelly_plug_sg3_wk_waschmaschine_wk_waschmaschine_leistung,78.0,2026-05-27T16:08:51.268Z
sensor.shelly_plug_sg3_wk_waschmaschine_wk_waschmaschine_leistung,99.2,2026-05-27T16:08:53.324Z
sensor.shelly_plug_sg3_wk_waschmaschine_wk_waschmaschine_leistung,88.8,2026-05-27T16:08:54.352Z
sensor.shelly_plug_sg3_wk_waschmaschine_wk_waschmaschine_leistung,108.1,2026-05-27T16:08:55.383Z
sensor.shelly_plug_sg3_wk_waschmaschine_wk_waschmaschine_leistung,102.6,2026-05-27T16:08:56.400Z
sensor.shelly_plug_sg3_wk_waschmaschine_wk_waschmaschine_leistung,112.3,2026-05-27T16:08:57.428Z
sensor.shelly_plug_sg3_wk_waschmaschine_wk_waschmaschine_leistung,114.8,2026-05-27T16:09:00.038Z
sensor.shelly_plug_sg3_wk_waschmaschine_wk_waschmaschine_leistung,119.8,2026-05-27T16:09:00.512Z
sensor.shelly_plug_sg3_wk_waschmaschine_wk_waschmaschine_leistung,107.4,2026-05-27T16:09:01.557Z
sensor.shelly_plug_sg3_wk_waschmaschine_wk_waschmaschine_leistung,117.1,2026-05-27T16:09:04.632Z
sensor.shelly_plug_sg3_wk_waschmaschine_wk_waschmaschine_leistung,108.9,2026-05-27T16:09:05.663Z
sensor.shelly_plug_sg3_wk_waschmaschine_wk_waschmaschine_leistung,85.5,2026-05-27T16:09:06.689Z
sensor.shelly_plug_sg3_wk_waschmaschine_wk_waschmaschine_leistung,80.5,2026-05-27T16:09:07.719Z
sensor.shelly_plug_sg3_wk_waschmaschine_wk_waschmaschine_leistung,97.2,2026-05-27T16:09:09.775Z
sensor.shelly_plug_sg3_wk_waschmaschine_wk_waschmaschine_leistung,86.4,2026-05-27T16:09:10.801Z
sensor.shelly_plug_sg3_wk_waschmaschine_wk_waschmaschine_leistung,91.8,2026-05-27T16:09:11.829Z
sensor.shelly_plug_sg3_wk_waschmaschine_wk_waschmaschine_leistung,98.1,2026-05-27T16:09:13.887Z
sensor.shelly_plug_sg3_wk_waschmaschine_wk_waschmaschine_leistung,91.6,2026-05-27T16:09:16.968Z
sensor.shelly_plug_sg3_wk_waschmaschine_wk_waschmaschine_leistung,81.3,2026-05-27T16:09:20.052Z
sensor.shelly_plug_sg3_wk_waschmaschine_wk_waschmaschine_leistung,68.6,2026-05-27T16:09:21.080Z
sensor.shelly_plug_sg3_wk_waschmaschine_wk_waschmaschine_leistung,5.7,2026-05-27T16:09:22.108Z
sensor.shelly_plug_sg3_wk_waschmaschine_wk_waschmaschine_leistung,3.8,2026-05-27T16:09:23.137Z
sensor.shelly_plug_sg3_wk_waschmaschine_wk_waschmaschine_leistung,74.2,2026-05-27T16:09:24.166Z
sensor.shelly_plug_sg3_wk_waschmaschine_wk_waschmaschine_leistung,114.0,2026-05-27T16:09:25.194Z
sensor.shelly_plug_sg3_wk_waschmaschine_wk_waschmaschine_leistung,96.7,2026-05-27T16:09:26.224Z
sensor.shelly_plug_sg3_wk_waschmaschine_wk_waschmaschine_leistung,111.5,2026-05-27T16:09:27.250Z
sensor.shelly_plug_sg3_wk_waschmaschine_wk_waschmaschine_leistung,121.8,2026-05-27T16:09:29.306Z
sensor.shelly_plug_sg3_wk_waschmaschine_wk_waschmaschine_leistung,107.6,2026-05-27T16:09:36.504Z
sensor.shelly_plug_sg3_wk_waschmaschine_wk_waschmaschine_leistung,96.7,2026-05-27T16:09:37.530Z
sensor.shelly_plug_sg3_wk_waschmaschine_wk_waschmaschine_leistung,90.0,2026-05-27T16:09:38.548Z
sensor.shelly_plug_sg3_wk_waschmaschine_wk_waschmaschine_leistung,103.0,2026-05-27T16:09:40.616Z
sensor.shelly_plug_sg3_wk_waschmaschine_wk_waschmaschine_leistung,114.5,2026-05-27T16:09:41.642Z
sensor.shelly_plug_sg3_wk_waschmaschine_wk_waschmaschine_leistung,89.6,2026-05-27T16:09:42.670Z
sensor.shelly_plug_sg3_wk_waschmaschine_wk_waschmaschine_leistung,95.3,2026-05-27T16:09:43.698Z
sensor.shelly_plug_sg3_wk_waschmaschine_wk_waschmaschine_leistung,112.2,2026-05-27T16:09:46.782Z
sensor.shelly_plug_sg3_wk_waschmaschine_wk_waschmaschine_leistung,105.9,2026-05-27T16:09:48.838Z
sensor.shelly_plug_sg3_wk_waschmaschine_wk_waschmaschine_leistung,99.9,2026-05-27T16:09:49.867Z
sensor.shelly_plug_sg3_wk_waschmaschine_wk_waschmaschine_leistung,94.7,2026-05-27T16:09:50.887Z
sensor.shelly_plug_sg3_wk_waschmaschine_wk_waschmaschine_leistung,103.7,2026-05-27T16:09:51.914Z
sensor.shelly_plug_sg3_wk_waschmaschine_wk_waschmaschine_leistung,57.9,2026-05-27T16:09:53.979Z
sensor.shelly_plug_sg3_wk_waschmaschine_wk_waschmaschine_leistung,4.2,2026-05-27T16:09:55.007Z
sensor.shelly_plug_sg3_wk_waschmaschine_wk_waschmaschine_leistung,67.6,2026-05-27T16:09:57.063Z
sensor.shelly_plug_sg3_wk_waschmaschine_wk_waschmaschine_leistung,88.4,2026-05-27T16:09:58.091Z
sensor.shelly_plug_sg3_wk_waschmaschine_wk_waschmaschine_leistung,85.5,2026-05-27T16:10:00.036Z
sensor.shelly_plug_sg3_wk_waschmaschine_wk_waschmaschine_leistung,95.9,2026-05-27T16:10:00.147Z
sensor.shelly_plug_sg3_wk_waschmaschine_wk_waschmaschine_leistung,107.5,2026-05-27T16:10:01.176Z
sensor.shelly_plug_sg3_wk_waschmaschine_wk_waschmaschine_leistung,116.2,2026-05-27T16:10:05.288Z
sensor.shelly_plug_sg3_wk_waschmaschine_wk_waschmaschine_leistung,106.4,2026-05-27T16:10:07.344Z
sensor.shelly_plug_sg3_wk_waschmaschine_wk_waschmaschine_leistung,99.4,2026-05-27T16:10:09.399Z
sensor.shelly_plug_sg3_wk_waschmaschine_wk_waschmaschine_leistung,86.5,2026-05-27T16:10:12.487Z
sensor.shelly_plug_sg3_wk_waschmaschine_wk_waschmaschine_leistung,97.4,2026-05-27T16:10:14.540Z
sensor.shelly_plug_sg3_wk_waschmaschine_wk_waschmaschine_leistung,110.5,2026-05-27T16:10:15.568Z
sensor.shelly_plug_sg3_wk_waschmaschine_wk_waschmaschine_leistung,103.6,2026-05-27T16:10:16.600Z
sensor.shelly_plug_sg3_wk_waschmaschine_wk_waschmaschine_leistung,93.3,2026-05-27T16:10:21.736Z
sensor.shelly_plug_sg3_wk_waschmaschine_wk_waschmaschine_leistung,77.1,2026-05-27T16:10:26.878Z
sensor.shelly_plug_sg3_wk_waschmaschine_wk_waschmaschine_leistung,7.6,2026-05-27T16:10:27.904Z
sensor.shelly_plug_sg3_wk_waschmaschine_wk_waschmaschine_leistung,3.9,2026-05-27T16:10:28.932Z
sensor.shelly_plug_sg3_wk_waschmaschine_wk_waschmaschine_leistung,71.0,2026-05-27T16:10:29.961Z
sensor.shelly_plug_sg3_wk_waschmaschine_wk_waschmaschine_leistung,102.8,2026-05-27T16:10:30.992Z
sensor.shelly_plug_sg3_wk_waschmaschine_wk_waschmaschine_leistung,113.4,2026-05-27T16:10:33.046Z
sensor.shelly_plug_sg3_wk_waschmaschine_wk_waschmaschine_leistung,121.7,2026-05-27T16:10:35.102Z
sensor.shelly_plug_sg3_wk_waschmaschine_wk_waschmaschine_leistung,111.2,2026-05-27T16:10:36.130Z
sensor.shelly_plug_sg3_wk_waschmaschine_wk_waschmaschine_leistung,116.9,2026-05-27T16:10:37.158Z
sensor.shelly_plug_sg3_wk_waschmaschine_wk_waschmaschine_leistung,128.9,2026-05-27T16:10:38.186Z
sensor.shelly_plug_sg3_wk_waschmaschine_wk_waschmaschine_leistung,113.9,2026-05-27T16:10:40.242Z
sensor.shelly_plug_sg3_wk_waschmaschine_wk_waschmaschine_leistung,127.2,2026-05-27T16:10:41.270Z
sensor.shelly_plug_sg3_wk_waschmaschine_wk_waschmaschine_leistung,117.3,2026-05-27T16:10:42.298Z
sensor.shelly_plug_sg3_wk_waschmaschine_wk_waschmaschine_leistung,106.7,2026-05-27T16:10:43.327Z
sensor.shelly_plug_sg3_wk_waschmaschine_wk_waschmaschine_leistung,93.7,2026-05-27T16:10:46.411Z
sensor.shelly_plug_sg3_wk_waschmaschine_wk_waschmaschine_leistung,84.4,2026-05-27T16:10:47.439Z
sensor.shelly_plug_sg3_wk_waschmaschine_wk_waschmaschine_leistung,105.0,2026-05-27T16:10:48.470Z
sensor.shelly_plug_sg3_wk_waschmaschine_wk_waschmaschine_leistung,98.9,2026-05-27T16:10:49.486Z
sensor.shelly_plug_sg3_wk_waschmaschine_wk_waschmaschine_leistung,120.4,2026-05-27T16:10:50.523Z
sensor.shelly_plug_sg3_wk_waschmaschine_wk_waschmaschine_leistung,108.0,2026-05-27T16:10:52.579Z
sensor.shelly_plug_sg3_wk_waschmaschine_wk_waschmaschine_leistung,102.2,2026-05-27T16:10:55.658Z
sensor.shelly_plug_sg3_wk_waschmaschine_wk_waschmaschine_leistung,107.7,2026-05-27T16:10:56.683Z
sensor.shelly_plug_sg3_wk_waschmaschine_wk_waschmaschine_leistung,98.6,2026-05-27T16:10:58.739Z
sensor.shelly_plug_sg3_wk_waschmaschine_wk_waschmaschine_leistung,78.9,2026-05-27T16:10:59.776Z
sensor.shelly_plug_sg3_wk_waschmaschine_wk_waschmaschine_leistung,6.0,2026-05-27T16:11:00.804Z
sensor.shelly_plug_sg3_wk_waschmaschine_wk_waschmaschine_leistung,3.6,2026-05-27T16:11:01.832Z
sensor.shelly_plug_sg3_wk_waschmaschine_wk_waschmaschine_leistung,59.2,2026-05-27T16:11:02.861Z
sensor.shelly_plug_sg3_wk_waschmaschine_wk_waschmaschine_leistung,97.6,2026-05-27T16:11:03.890Z
sensor.shelly_plug_sg3_wk_waschmaschine_wk_waschmaschine_leistung,104.9,2026-05-27T16:11:09.031Z
sensor.shelly_plug_sg3_wk_waschmaschine_wk_waschmaschine_leistung,112.6,2026-05-27T16:11:10.059Z
sensor.shelly_plug_sg3_wk_waschmaschine_wk_waschmaschine_leistung,75.4,2026-05-27T16:11:17.253Z
sensor.shelly_plug_sg3_wk_waschmaschine_wk_waschmaschine_leistung,86.4,2026-05-27T16:11:18.281Z
sensor.shelly_plug_sg3_wk_waschmaschine_wk_waschmaschine_leistung,91.6,2026-05-27T16:11:19.309Z
sensor.shelly_plug_sg3_wk_waschmaschine_wk_waschmaschine_leistung,82.9,2026-05-27T16:11:20.337Z
sensor.shelly_plug_sg3_wk_waschmaschine_wk_waschmaschine_leistung,91.1,2026-05-27T16:11:21.366Z
sensor.shelly_plug_sg3_wk_waschmaschine_wk_waschmaschine_leistung,83.1,2026-05-27T16:11:22.394Z
sensor.shelly_plug_sg3_wk_waschmaschine_wk_waschmaschine_leistung,91.7,2026-05-27T16:11:23.422Z
sensor.shelly_plug_sg3_wk_waschmaschine_wk_waschmaschine_leistung,101.7,2026-05-27T16:11:24.454Z
sensor.shelly_plug_sg3_wk_waschmaschine_wk_waschmaschine_leistung,91.5,2026-05-27T16:11:27.534Z
sensor.shelly_plug_sg3_wk_waschmaschine_wk_waschmaschine_leistung,85.4,2026-05-27T16:11:30.619Z
sensor.shelly_plug_sg3_wk_waschmaschine_wk_waschmaschine_leistung,93.2,2026-05-27T16:11:31.649Z
sensor.shelly_plug_sg3_wk_waschmaschine_wk_waschmaschine_leistung,82.6,2026-05-27T16:11:32.674Z
sensor.shelly_plug_sg3_wk_waschmaschine_wk_waschmaschine_leistung,45.3,2026-05-27T16:11:33.703Z
sensor.shelly_plug_sg3_wk_waschmaschine_wk_waschmaschine_leistung,3.6,2026-05-27T16:11:34.731Z
sensor.shelly_plug_sg3_wk_waschmaschine_wk_waschmaschine_leistung,25.5,2026-05-27T16:11:35.759Z
sensor.shelly_plug_sg3_wk_waschmaschine_wk_waschmaschine_leistung,100.5,2026-05-27T16:11:36.790Z
sensor.shelly_plug_sg3_wk_waschmaschine_wk_waschmaschine_leistung,111.0,2026-05-27T16:11:37.816Z
sensor.shelly_plug_sg3_wk_waschmaschine_wk_waschmaschine_leistung,117.6,2026-05-27T16:11:41.930Z
sensor.shelly_plug_sg3_wk_waschmaschine_wk_waschmaschine_leistung,108.3,2026-05-27T16:11:49.124Z
sensor.shelly_plug_sg3_wk_waschmaschine_wk_waschmaschine_leistung,70.3,2026-05-27T16:11:50.152Z
sensor.shelly_plug_sg3_wk_waschmaschine_wk_waschmaschine_leistung,79.3,2026-05-27T16:11:51.180Z
sensor.shelly_plug_sg3_wk_waschmaschine_wk_waschmaschine_leistung,91.9,2026-05-27T16:11:52.209Z
sensor.shelly_plug_sg3_wk_waschmaschine_wk_waschmaschine_leistung,83.5,2026-05-27T16:11:53.239Z
sensor.shelly_plug_sg3_wk_waschmaschine_wk_waschmaschine_leistung,108.3,2026-05-27T16:11:54.266Z
sensor.shelly_plug_sg3_wk_waschmaschine_wk_waschmaschine_leistung,113.0,2026-05-27T16:12:00.034Z
sensor.shelly_plug_sg3_wk_waschmaschine_wk_waschmaschine_leistung,96.9,2026-05-27T16:12:00.433Z
sensor.shelly_plug_sg3_wk_waschmaschine_wk_waschmaschine_leistung,104.3,2026-05-27T16:12:02.490Z
sensor.shelly_plug_sg3_wk_waschmaschine_wk_waschmaschine_leistung,94.5,2026-05-27T16:12:03.519Z
sensor.shelly_plug_sg3_wk_waschmaschine_wk_waschmaschine_leistung,36.7,2026-05-27T16:12:06.601Z
sensor.shelly_plug_sg3_wk_waschmaschine_wk_waschmaschine_leistung,3.5,2026-05-27T16:12:07.629Z
sensor.shelly_plug_sg3_wk_waschmaschine_wk_waschmaschine_leistung,27.7,2026-05-27T16:12:08.659Z
sensor.shelly_plug_sg3_wk_waschmaschine_wk_waschmaschine_leistung,66.0,2026-05-27T16:12:09.687Z
sensor.shelly_plug_sg3_wk_waschmaschine_wk_waschmaschine_leistung,87.7,2026-05-27T16:12:10.714Z
sensor.shelly_plug_sg3_wk_waschmaschine_wk_waschmaschine_leistung,95.2,2026-05-27T16:12:11.742Z
sensor.shelly_plug_sg3_wk_waschmaschine_wk_waschmaschine_leistung,102.8,2026-05-27T16:12:12.771Z
sensor.shelly_plug_sg3_wk_waschmaschine_wk_waschmaschine_leistung,108.3,2026-05-27T16:12:14.827Z
sensor.shelly_plug_sg3_wk_waschmaschine_wk_waschmaschine_leistung,123.4,2026-05-27T16:12:15.855Z
sensor.shelly_plug_sg3_wk_waschmaschine_wk_waschmaschine_leistung,106.9,2026-05-27T16:12:16.884Z
sensor.shelly_plug_sg3_wk_waschmaschine_wk_waschmaschine_leistung,115.3,2026-05-27T16:12:18.939Z
sensor.shelly_plug_sg3_wk_waschmaschine_wk_waschmaschine_leistung,100.0,2026-05-27T16:12:19.967Z
sensor.shelly_plug_sg3_wk_waschmaschine_wk_waschmaschine_leistung,111.5,2026-05-27T16:12:20.996Z
sensor.shelly_plug_sg3_wk_waschmaschine_wk_waschmaschine_leistung,100.4,2026-05-27T16:12:22.026Z
sensor.shelly_plug_sg3_wk_waschmaschine_wk_waschmaschine_leistung,92.6,2026-05-27T16:12:23.054Z
sensor.shelly_plug_sg3_wk_waschmaschine_wk_waschmaschine_leistung,81.8,2026-05-27T16:12:24.080Z
sensor.shelly_plug_sg3_wk_waschmaschine_wk_waschmaschine_leistung,70.5,2026-05-27T16:12:25.109Z
sensor.shelly_plug_sg3_wk_waschmaschine_wk_waschmaschine_leistung,93.8,2026-05-27T16:12:26.137Z
sensor.shelly_plug_sg3_wk_waschmaschine_wk_waschmaschine_leistung,99.9,2026-05-27T16:12:28.195Z
sensor.shelly_plug_sg3_wk_waschmaschine_wk_waschmaschine_leistung,109.8,2026-05-27T16:12:29.223Z
sensor.shelly_plug_sg3_wk_waschmaschine_wk_waschmaschine_leistung,100.4,2026-05-27T16:12:30.250Z
sensor.shelly_plug_sg3_wk_waschmaschine_wk_waschmaschine_leistung,92.1,2026-05-27T16:12:34.363Z
sensor.shelly_plug_sg3_wk_waschmaschine_wk_waschmaschine_leistung,84.6,2026-05-27T16:12:37.446Z
sensor.shelly_plug_sg3_wk_waschmaschine_wk_waschmaschine_leistung,94.1,2026-05-27T16:12:38.473Z
sensor.shelly_plug_sg3_wk_waschmaschine_wk_waschmaschine_leistung,60.9,2026-05-27T16:12:39.502Z
sensor.shelly_plug_sg3_wk_waschmaschine_wk_waschmaschine_leistung,3.7,2026-05-27T16:12:40.533Z
sensor.shelly_plug_sg3_wk_waschmaschine_wk_waschmaschine_leistung,9.4,2026-05-27T16:12:41.560Z
sensor.shelly_plug_sg3_wk_waschmaschine_wk_waschmaschine_leistung,77.4,2026-05-27T16:12:42.588Z
sensor.shelly_plug_sg3_wk_waschmaschine_wk_waschmaschine_leistung,101.4,2026-05-27T16:12:43.616Z
sensor.shelly_plug_sg3_wk_waschmaschine_wk_waschmaschine_leistung,112.1,2026-05-27T16:12:45.672Z
sensor.shelly_plug_sg3_wk_waschmaschine_wk_waschmaschine_leistung,121.7,2026-05-27T16:12:47.730Z
sensor.shelly_plug_sg3_wk_waschmaschine_wk_waschmaschine_leistung,105.7,2026-05-27T16:12:48.756Z
sensor.shelly_plug_sg3_wk_waschmaschine_wk_waschmaschine_leistung,117.1,2026-05-27T16:12:49.784Z
sensor.shelly_plug_sg3_wk_waschmaschine_wk_waschmaschine_leistung,127.0,2026-05-27T16:12:52.868Z
sensor.shelly_plug_sg3_wk_waschmaschine_wk_waschmaschine_leistung,98.3,2026-05-27T16:12:53.896Z
sensor.shelly_plug_sg3_wk_waschmaschine_wk_waschmaschine_leistung,106.5,2026-05-27T16:12:54.925Z
sensor.shelly_plug_sg3_wk_waschmaschine_wk_waschmaschine_leistung,114.4,2026-05-27T16:12:55.953Z
sensor.shelly_plug_sg3_wk_waschmaschine_wk_waschmaschine_leistung,127.5,2026-05-27T16:12:56.981Z
sensor.shelly_plug_sg3_wk_waschmaschine_wk_waschmaschine_leistung,75.9,2026-05-27T16:12:58.009Z
sensor.shelly_plug_sg3_wk_waschmaschine_wk_waschmaschine_leistung,90.0,2026-05-27T16:12:59.038Z
sensor.shelly_plug_sg3_wk_waschmaschine_wk_waschmaschine_leistung,107.8,2026-05-27T16:13:02.134Z
sensor.shelly_plug_sg3_wk_waschmaschine_wk_waschmaschine_leistung,97.1,2026-05-27T16:13:09.328Z
sensor.shelly_plug_sg3_wk_waschmaschine_wk_waschmaschine_leistung,103.5,2026-05-27T16:13:10.359Z
sensor.shelly_plug_sg3_wk_waschmaschine_wk_waschmaschine_leistung,95.7,2026-05-27T16:13:11.385Z
sensor.shelly_plug_sg3_wk_waschmaschine_wk_waschmaschine_leistung,4.4,2026-05-27T16:13:12.413Z
sensor.shelly_plug_sg3_wk_waschmaschine_wk_waschmaschine_leistung,14.0,2026-05-27T16:13:14.469Z
sensor.shelly_plug_sg3_wk_waschmaschine_wk_waschmaschine_leistung,74.4,2026-05-27T16:13:15.499Z
sensor.shelly_plug_sg3_wk_waschmaschine_wk_waschmaschine_leistung,95.9,2026-05-27T16:13:16.528Z
sensor.shelly_plug_sg3_wk_waschmaschine_wk_waschmaschine_leistung,104.3,2026-05-27T16:13:18.582Z
sensor.shelly_plug_sg3_wk_waschmaschine_wk_waschmaschine_leistung,110.7,2026-05-27T16:13:21.656Z
sensor.shelly_plug_sg3_wk_waschmaschine_wk_waschmaschine_leistung,119.3,2026-05-27T16:13:22.696Z
sensor.shelly_plug_sg3_wk_waschmaschine_wk_waschmaschine_leistung,106.0,2026-05-27T16:13:27.835Z
sensor.shelly_plug_sg3_wk_waschmaschine_wk_waschmaschine_leistung,95.7,2026-05-27T16:13:28.862Z
sensor.shelly_plug_sg3_wk_waschmaschine_wk_waschmaschine_leistung,77.3,2026-05-27T16:13:29.890Z
sensor.shelly_plug_sg3_wk_waschmaschine_wk_waschmaschine_leistung,86.7,2026-05-27T16:13:31.946Z
sensor.shelly_plug_sg3_wk_waschmaschine_wk_waschmaschine_leistung,94.2,2026-05-27T16:13:32.974Z
sensor.shelly_plug_sg3_wk_waschmaschine_wk_waschmaschine_leistung,107.3,2026-05-27T16:13:34.002Z
sensor.shelly_plug_sg3_wk_waschmaschine_wk_waschmaschine_leistung,100.6,2026-05-27T16:13:37.085Z
sensor.shelly_plug_sg3_wk_waschmaschine_wk_waschmaschine_leistung,92.5,2026-05-27T16:13:39.141Z
sensor.shelly_plug_sg3_wk_waschmaschine_wk_waschmaschine_leistung,85.5,2026-05-27T16:13:41.197Z
sensor.shelly_plug_sg3_wk_waschmaschine_wk_waschmaschine_leistung,75.2,2026-05-27T16:13:43.254Z
sensor.shelly_plug_sg3_wk_waschmaschine_wk_waschmaschine_leistung,79.2,2026-05-27T16:13:44.273Z
sensor.shelly_plug_sg3_wk_waschmaschine_wk_waschmaschine_leistung,4.1,2026-05-27T16:13:45.312Z
sensor.shelly_plug_sg3_wk_waschmaschine_wk_waschmaschine_leistung,19.2,2026-05-27T16:13:47.366Z
sensor.shelly_plug_sg3_wk_waschmaschine_wk_waschmaschine_leistung,94.0,2026-05-27T16:13:48.395Z
sensor.shelly_plug_sg3_wk_waschmaschine_wk_waschmaschine_leistung,100.2,2026-05-27T16:13:49.414Z
sensor.shelly_plug_sg3_wk_waschmaschine_wk_waschmaschine_leistung,117.3,2026-05-27T16:13:51.479Z
sensor.shelly_plug_sg3_wk_waschmaschine_wk_waschmaschine_leistung,125.2,2026-05-27T16:13:55.591Z
sensor.shelly_plug_sg3_wk_waschmaschine_wk_waschmaschine_leistung,114.6,2026-05-27T16:13:56.621Z
sensor.shelly_plug_sg3_wk_waschmaschine_wk_waschmaschine_leistung,124.7,2026-05-27T16:13:57.648Z
sensor.shelly_plug_sg3_wk_waschmaschine_wk_waschmaschine_leistung,113.6,2026-05-27T16:13:58.678Z
sensor.shelly_plug_sg3_wk_waschmaschine_wk_waschmaschine_leistung,123.0,2026-05-27T16:13:59.704Z
sensor.shelly_plug_sg3_wk_waschmaschine_wk_waschmaschine_leistung,102.4,2026-05-27T16:14:00.732Z
sensor.shelly_plug_sg3_wk_waschmaschine_wk_waschmaschine_leistung,111.6,2026-05-27T16:14:03.818Z
sensor.shelly_plug_sg3_wk_waschmaschine_wk_waschmaschine_leistung,89.1,2026-05-27T16:14:04.844Z
sensor.shelly_plug_sg3_wk_waschmaschine_wk_waschmaschine_leistung,101.5,2026-05-27T16:14:05.873Z
sensor.shelly_plug_sg3_wk_waschmaschine_wk_waschmaschine_leistung,112.2,2026-05-27T16:14:07.928Z
sensor.shelly_plug_sg3_wk_waschmaschine_wk_waschmaschine_leistung,103.9,2026-05-27T16:14:14.098Z
sensor.shelly_plug_sg3_wk_waschmaschine_wk_waschmaschine_leistung,94.3,2026-05-27T16:14:16.152Z
sensor.shelly_plug_sg3_wk_waschmaschine_wk_waschmaschine_leistung,100.5,2026-05-27T16:14:17.180Z
sensor.shelly_plug_sg3_wk_waschmaschine_wk_waschmaschine_leistung,3.8,2026-05-27T16:14:18.208Z
sensor.shelly_plug_sg3_wk_waschmaschine_wk_waschmaschine_leistung,26.0,2026-05-27T16:14:20.267Z
sensor.shelly_plug_sg3_wk_waschmaschine_wk_waschmaschine_leistung,88.5,2026-05-27T16:14:21.293Z
sensor.shelly_plug_sg3_wk_waschmaschine_wk_waschmaschine_leistung,99.1,2026-05-27T16:14:22.321Z
sensor.shelly_plug_sg3_wk_waschmaschine_wk_waschmaschine_leistung,105.2,2026-05-27T16:14:25.410Z
sensor.shelly_plug_sg3_wk_waschmaschine_wk_waschmaschine_leistung,118.7,2026-05-27T16:14:27.460Z
sensor.shelly_plug_sg3_wk_waschmaschine_wk_waschmaschine_leistung,110.3,2026-05-27T16:14:30.545Z
sensor.shelly_plug_sg3_wk_waschmaschine_wk_waschmaschine_leistung,101.7,2026-05-27T16:14:31.573Z
sensor.shelly_plug_sg3_wk_waschmaschine_wk_waschmaschine_leistung,94.4,2026-05-27T16:14:32.602Z
sensor.shelly_plug_sg3_wk_waschmaschine_wk_waschmaschine_leistung,103.3,2026-05-27T16:14:33.630Z
sensor.shelly_plug_sg3_wk_waschmaschine_wk_waschmaschine_leistung,88.3,2026-05-27T16:14:36.715Z
sensor.shelly_plug_sg3_wk_waschmaschine_wk_waschmaschine_leistung,99.4,2026-05-27T16:14:38.769Z
sensor.shelly_plug_sg3_wk_waschmaschine_wk_waschmaschine_leistung,91.7,2026-05-27T16:14:40.825Z
sensor.shelly_plug_sg3_wk_waschmaschine_wk_waschmaschine_leistung,101.4,2026-05-27T16:14:41.854Z
sensor.shelly_plug_sg3_wk_waschmaschine_wk_waschmaschine_leistung,96.1,2026-05-27T16:14:43.901Z
sensor.shelly_plug_sg3_wk_waschmaschine_wk_waschmaschine_leistung,85.7,2026-05-27T16:14:46.994Z
sensor.shelly_plug_sg3_wk_waschmaschine_wk_waschmaschine_leistung,90.1,2026-05-27T16:14:48.013Z
sensor.shelly_plug_sg3_wk_waschmaschine_wk_waschmaschine_leistung,82.0,2026-05-27T16:14:49.041Z
sensor.shelly_plug_sg3_wk_waschmaschine_wk_waschmaschine_leistung,5.2,2026-05-27T16:14:51.109Z
sensor.shelly_plug_sg3_wk_waschmaschine_wk_waschmaschine_leistung,40.8,2026-05-27T16:14:53.162Z
sensor.shelly_plug_sg3_wk_waschmaschine_wk_waschmaschine_leistung,97.4,2026-05-27T16:14:54.194Z
sensor.shelly_plug_sg3_wk_waschmaschine_wk_waschmaschine_leistung,109.2,2026-05-27T16:14:55.219Z
sensor.shelly_plug_sg3_wk_waschmaschine_wk_waschmaschine_leistung,115.8,2026-05-27T16:14:58.303Z
sensor.shelly_plug_sg3_wk_waschmaschine_wk_waschmaschine_leistung,120.3,2026-05-27T16:15:00.026Z
sensor.shelly_plug_sg3_wk_waschmaschine_wk_waschmaschine_leistung,124.7,2026-05-27T16:15:01.388Z
sensor.shelly_plug_sg3_wk_waschmaschine_wk_waschmaschine_leistung,112.6,2026-05-27T16:15:05.499Z
sensor.shelly_plug_sg3_wk_waschmaschine_wk_waschmaschine_leistung,96.3,2026-05-27T16:15:08.583Z
sensor.shelly_plug_sg3_wk_waschmaschine_wk_waschmaschine_leistung,71.8,2026-05-27T16:15:09.612Z
sensor.shelly_plug_sg3_wk_waschmaschine_wk_waschmaschine_leistung,82.4,2026-05-27T16:15:10.640Z
sensor.shelly_plug_sg3_wk_waschmaschine_wk_waschmaschine_leistung,114.3,2026-05-27T16:15:11.670Z
sensor.shelly_plug_sg3_wk_waschmaschine_wk_waschmaschine_leistung,102.0,2026-05-27T16:15:12.701Z
sensor.shelly_plug_sg3_wk_waschmaschine_wk_waschmaschine_leistung,113.6,2026-05-27T16:15:13.725Z
sensor.shelly_plug_sg3_wk_waschmaschine_wk_waschmaschine_leistung,106.0,2026-05-27T16:15:18.864Z
sensor.shelly_plug_sg3_wk_waschmaschine_wk_waschmaschine_leistung,100.0,2026-05-27T16:15:21.941Z
sensor.shelly_plug_sg3_wk_waschmaschine_wk_waschmaschine_leistung,60.5,2026-05-27T16:15:22.976Z
sensor.shelly_plug_sg3_wk_waschmaschine_wk_waschmaschine_leistung,4.1,2026-05-27T16:15:24.004Z
sensor.shelly_plug_sg3_wk_waschmaschine_wk_waschmaschine_leistung,15.6,2026-05-27T16:15:26.061Z
sensor.shelly_plug_sg3_wk_waschmaschine_wk_waschmaschine_leistung,89.6,2026-05-27T16:15:27.092Z
sensor.shelly_plug_sg3_wk_waschmaschine_wk_waschmaschine_leistung,95.1,2026-05-27T16:15:29.145Z
sensor.shelly_plug_sg3_wk_waschmaschine_wk_waschmaschine_leistung,103.6,2026-05-27T16:15:30.176Z
sensor.shelly_plug_sg3_wk_waschmaschine_wk_waschmaschine_leistung,111.6,2026-05-27T16:15:34.286Z
sensor.shelly_plug_sg3_wk_waschmaschine_wk_waschmaschine_leistung,105.8,2026-05-27T16:15:35.305Z
sensor.shelly_plug_sg3_wk_waschmaschine_wk_waschmaschine_leistung,112.7,2026-05-27T16:15:37.361Z
sensor.shelly_plug_sg3_wk_waschmaschine_wk_waschmaschine_leistung,99.3,2026-05-27T16:15:40.455Z
sensor.shelly_plug_sg3_wk_waschmaschine_wk_waschmaschine_leistung,82.3,2026-05-27T16:15:41.482Z
sensor.shelly_plug_sg3_wk_waschmaschine_wk_waschmaschine_leistung,67.2,2026-05-27T16:15:42.510Z
sensor.shelly_plug_sg3_wk_waschmaschine_wk_waschmaschine_leistung,72.4,2026-05-27T16:15:43.538Z
sensor.shelly_plug_sg3_wk_waschmaschine_wk_waschmaschine_leistung,113.8,2026-05-27T16:15:44.567Z
sensor.shelly_plug_sg3_wk_waschmaschine_wk_waschmaschine_leistung,104.5,2026-05-27T16:15:46.623Z
sensor.shelly_plug_sg3_wk_waschmaschine_wk_waschmaschine_leistung,111.1,2026-05-27T16:15:47.652Z
sensor.shelly_plug_sg3_wk_waschmaschine_wk_waschmaschine_leistung,2258.0,2026-05-27T16:15:48.679Z
sensor.shelly_plug_sg3_wk_waschmaschine_wk_waschmaschine_leistung,2235.1,2026-05-27T16:16:00.024Z
sensor.shelly_plug_sg3_wk_waschmaschine_wk_waschmaschine_leistung,2141.9,2026-05-27T16:16:30.823Z
sensor.shelly_plug_sg3_wk_waschmaschine_wk_waschmaschine_leistung,2252.1,2026-05-27T16:16:42.129Z
sensor.shelly_plug_sg3_wk_waschmaschine_wk_waschmaschine_leistung,114.1,2026-05-27T16:16:43.158Z
sensor.shelly_plug_sg3_wk_waschmaschine_wk_waschmaschine_leistung,101.0,2026-05-27T16:16:45.214Z
sensor.shelly_plug_sg3_wk_waschmaschine_wk_waschmaschine_leistung,92.2,2026-05-27T16:16:46.244Z
sensor.shelly_plug_sg3_wk_waschmaschine_wk_waschmaschine_leistung,99.2,2026-05-27T16:16:47.272Z
sensor.shelly_plug_sg3_wk_waschmaschine_wk_waschmaschine_leistung,111.0,2026-05-27T16:16:48.299Z
sensor.shelly_plug_sg3_wk_waschmaschine_wk_waschmaschine_leistung,98.0,2026-05-27T16:16:49.327Z
sensor.shelly_plug_sg3_wk_waschmaschine_wk_waschmaschine_leistung,82.5,2026-05-27T16:16:50.355Z
sensor.shelly_plug_sg3_wk_waschmaschine_wk_waschmaschine_leistung,110.1,2026-05-27T16:16:51.384Z
sensor.shelly_plug_sg3_wk_waschmaschine_wk_waschmaschine_leistung,97.4,2026-05-27T16:16:52.414Z
sensor.shelly_plug_sg3_wk_waschmaschine_wk_waschmaschine_leistung,103.0,2026-05-27T16:16:56.514Z
sensor.shelly_plug_sg3_wk_waschmaschine_wk_waschmaschine_leistung,92.9,2026-05-27T16:16:57.541Z
sensor.shelly_plug_sg3_wk_waschmaschine_wk_waschmaschine_leistung,98.9,2026-05-27T16:16:58.571Z
sensor.shelly_plug_sg3_wk_waschmaschine_wk_waschmaschine_leistung,97.2,2026-05-27T16:17:00.020Z
sensor.shelly_plug_sg3_wk_waschmaschine_wk_waschmaschine_leistung,92.1,2026-05-27T16:17:00.638Z
sensor.shelly_plug_sg3_wk_waschmaschine_wk_waschmaschine_leistung,28.0,2026-05-27T16:17:03.719Z
sensor.shelly_plug_sg3_wk_waschmaschine_wk_waschmaschine_leistung,3.5,2026-05-27T16:17:04.747Z
sensor.shelly_plug_sg3_wk_waschmaschine_wk_waschmaschine_leistung,39.0,2026-05-27T16:17:05.775Z
sensor.shelly_plug_sg3_wk_waschmaschine_wk_waschmaschine_leistung,104.6,2026-05-27T16:17:06.804Z
sensor.shelly_plug_sg3_wk_waschmaschine_wk_waschmaschine_leistung,114.5,2026-05-27T16:17:07.835Z
sensor.shelly_plug_sg3_wk_waschmaschine_wk_waschmaschine_leistung,102.9,2026-05-27T16:17:08.860Z
sensor.shelly_plug_sg3_wk_waschmaschine_wk_waschmaschine_leistung,117.5,2026-05-27T16:17:09.889Z
sensor.shelly_plug_sg3_wk_waschmaschine_wk_waschmaschine_leistung,123.6,2026-05-27T16:17:11.934Z
sensor.shelly_plug_sg3_wk_waschmaschine_wk_waschmaschine_leistung,113.6,2026-05-27T16:17:14.000Z
sensor.shelly_plug_sg3_wk_waschmaschine_wk_waschmaschine_leistung,121.0,2026-05-27T16:17:15.028Z
sensor.shelly_plug_sg3_wk_waschmaschine_wk_waschmaschine_leistung,128.2,2026-05-27T16:17:18.112Z
sensor.shelly_plug_sg3_wk_waschmaschine_wk_waschmaschine_leistung,112.7,2026-05-27T16:17:19.141Z
sensor.shelly_plug_sg3_wk_waschmaschine_wk_waschmaschine_leistung,90.3,2026-05-27T16:17:20.171Z
sensor.shelly_plug_sg3_wk_waschmaschine_wk_waschmaschine_leistung,97.5,2026-05-27T16:17:21.197Z
sensor.shelly_plug_sg3_wk_waschmaschine_wk_waschmaschine_leistung,109.9,2026-05-27T16:17:22.226Z
sensor.shelly_plug_sg3_wk_waschmaschine_wk_waschmaschine_leistung,80.1,2026-05-27T16:17:23.255Z
sensor.shelly_plug_sg3_wk_waschmaschine_wk_waschmaschine_leistung,99.0,2026-05-27T16:17:25.309Z
sensor.shelly_plug_sg3_wk_waschmaschine_wk_waschmaschine_leistung,110.7,2026-05-27T16:17:26.338Z
sensor.shelly_plug_sg3_wk_waschmaschine_wk_waschmaschine_leistung,103.0,2026-05-27T16:17:28.394Z
sensor.shelly_plug_sg3_wk_waschmaschine_wk_waschmaschine_leistung,108.3,2026-05-27T16:17:29.414Z
sensor.shelly_plug_sg3_wk_waschmaschine_wk_waschmaschine_leistung,98.3,2026-05-27T16:17:30.440Z
sensor.shelly_plug_sg3_wk_waschmaschine_wk_waschmaschine_leistung,104.0,2026-05-27T16:17:31.469Z
sensor.shelly_plug_sg3_wk_waschmaschine_wk_waschmaschine_leistung,94.6,2026-05-27T16:17:33.534Z
sensor.shelly_plug_sg3_wk_waschmaschine_wk_waschmaschine_leistung,21.6,2026-05-27T16:17:36.622Z
sensor.shelly_plug_sg3_wk_waschmaschine_wk_waschmaschine_leistung,3.7,2026-05-27T16:17:37.648Z
sensor.shelly_plug_sg3_wk_waschmaschine_wk_waschmaschine_leistung,46.7,2026-05-27T16:17:38.674Z
sensor.shelly_plug_sg3_wk_waschmaschine_wk_waschmaschine_leistung,92.1,2026-05-27T16:17:39.702Z
sensor.shelly_plug_sg3_wk_waschmaschine_wk_waschmaschine_leistung,101.7,2026-05-27T16:17:42.789Z
sensor.shelly_plug_sg3_wk_waschmaschine_wk_waschmaschine_leistung,108.3,2026-05-27T16:17:44.845Z
sensor.shelly_plug_sg3_wk_waschmaschine_wk_waschmaschine_leistung,115.7,2026-05-27T16:17:47.927Z
sensor.shelly_plug_sg3_wk_waschmaschine_wk_waschmaschine_leistung,97.1,2026-05-27T16:17:48.955Z
sensor.shelly_plug_sg3_wk_waschmaschine_wk_waschmaschine_leistung,114.2,2026-05-27T16:17:49.986Z
sensor.shelly_plug_sg3_wk_waschmaschine_wk_waschmaschine_leistung,103.3,2026-05-27T16:17:51.012Z
sensor.shelly_plug_sg3_wk_waschmaschine_wk_waschmaschine_leistung,97.1,2026-05-27T16:17:52.040Z
sensor.shelly_plug_sg3_wk_waschmaschine_wk_waschmaschine_leistung,105.0,2026-05-27T16:17:53.068Z
sensor.shelly_plug_sg3_wk_waschmaschine_wk_waschmaschine_leistung,95.8,2026-05-27T16:17:54.097Z
sensor.shelly_plug_sg3_wk_waschmaschine_wk_waschmaschine_leistung,107.0,2026-05-27T16:17:56.154Z
sensor.shelly_plug_sg3_wk_waschmaschine_wk_waschmaschine_leistung,98.8,2026-05-27T16:17:57.183Z
sensor.shelly_plug_sg3_wk_waschmaschine_wk_waschmaschine_leistung,103.5,2026-05-27T16:18:00.019Z
sensor.shelly_plug_sg3_wk_waschmaschine_wk_waschmaschine_leistung,93.5,2026-05-27T16:18:05.395Z
sensor.shelly_plug_sg3_wk_waschmaschine_wk_waschmaschine_leistung,87.5,2026-05-27T16:18:06.432Z
sensor.shelly_plug_sg3_wk_waschmaschine_wk_waschmaschine_leistung,13.4,2026-05-27T16:18:09.518Z
sensor.shelly_plug_sg3_wk_waschmaschine_wk_waschmaschine_leistung,3.8,2026-05-27T16:18:10.546Z
sensor.shelly_plug_sg3_wk_waschmaschine_wk_waschmaschine_leistung,54.9,2026-05-27T16:18:11.575Z
sensor.shelly_plug_sg3_wk_waschmaschine_wk_waschmaschine_leistung,109.5,2026-05-27T16:18:12.601Z
sensor.shelly_plug_sg3_wk_waschmaschine_wk_waschmaschine_leistung,125.2,2026-05-27T16:18:17.741Z
sensor.shelly_plug_sg3_wk_waschmaschine_wk_waschmaschine_leistung,118.6,2026-05-27T16:18:21.844Z
sensor.shelly_plug_sg3_wk_waschmaschine_wk_waschmaschine_leistung,127.7,2026-05-27T16:18:22.872Z
sensor.shelly_plug_sg3_wk_waschmaschine_wk_waschmaschine_leistung,119.2,2026-05-27T16:18:23.909Z
sensor.shelly_plug_sg3_wk_waschmaschine_wk_waschmaschine_leistung,106.2,2026-05-27T16:18:25.965Z
sensor.shelly_plug_sg3_wk_waschmaschine_wk_waschmaschine_leistung,95.6,2026-05-27T16:18:26.994Z
sensor.shelly_plug_sg3_wk_waschmaschine_wk_waschmaschine_leistung,105.8,2026-05-27T16:18:29.053Z
sensor.shelly_plug_sg3_wk_waschmaschine_wk_waschmaschine_leistung,115.0,2026-05-27T16:18:30.078Z
sensor.shelly_plug_sg3_wk_waschmaschine_wk_waschmaschine_leistung,96.9,2026-05-27T16:18:32.134Z
sensor.shelly_plug_sg3_wk_waschmaschine_wk_waschmaschine_leistung,108.7,2026-05-27T16:18:33.165Z
sensor.shelly_plug_sg3_wk_waschmaschine_wk_waschmaschine_leistung,115.4,2026-05-27T16:18:34.193Z
sensor.shelly_plug_sg3_wk_waschmaschine_wk_waschmaschine_leistung,104.3,2026-05-27T16:18:37.275Z
sensor.shelly_plug_sg3_wk_waschmaschine_wk_waschmaschine_leistung,98.1,2026-05-27T16:18:38.303Z
sensor.shelly_plug_sg3_wk_waschmaschine_wk_waschmaschine_leistung,88.6,2026-05-27T16:18:41.387Z
sensor.shelly_plug_sg3_wk_waschmaschine_wk_waschmaschine_leistung,3.6,2026-05-27T16:18:42.416Z
sensor.shelly_plug_sg3_wk_waschmaschine_wk_waschmaschine_leistung,4.7,2026-05-27T16:18:43.434Z
sensor.shelly_plug_sg3_wk_waschmaschine_wk_waschmaschine_leistung,51.1,2026-05-27T16:18:44.473Z
sensor.shelly_plug_sg3_wk_waschmaschine_wk_waschmaschine_leistung,92.2,2026-05-27T16:18:45.503Z
sensor.shelly_plug_sg3_wk_waschmaschine_wk_waschmaschine_leistung,96.8,2026-05-27T16:18:46.529Z
sensor.shelly_plug_sg3_wk_waschmaschine_wk_waschmaschine_leistung,86.1,2026-05-27T16:18:47.559Z
sensor.shelly_plug_sg3_wk_waschmaschine_wk_waschmaschine_leistung,100.5,2026-05-27T16:18:48.586Z
sensor.shelly_plug_sg3_wk_waschmaschine_wk_waschmaschine_leistung,107.9,2026-05-27T16:18:49.616Z
sensor.shelly_plug_sg3_wk_waschmaschine_wk_waschmaschine_leistung,116.1,2026-05-27T16:18:52.698Z
sensor.shelly_plug_sg3_wk_waschmaschine_wk_waschmaschine_leistung,108.6,2026-05-27T16:18:53.726Z
sensor.shelly_plug_sg3_wk_waschmaschine_wk_waschmaschine_leistung,116.8,2026-05-27T16:18:54.756Z
sensor.shelly_plug_sg3_wk_waschmaschine_wk_waschmaschine_leistung,105.6,2026-05-27T16:18:55.782Z
sensor.shelly_plug_sg3_wk_waschmaschine_wk_waschmaschine_leistung,90.7,2026-05-27T16:18:58.866Z
sensor.shelly_plug_sg3_wk_waschmaschine_wk_waschmaschine_leistung,84.1,2026-05-27T16:18:59.894Z
sensor.shelly_plug_sg3_wk_waschmaschine_wk_waschmaschine_leistung,94.8,2026-05-27T16:19:00.922Z
sensor.shelly_plug_sg3_wk_waschmaschine_wk_waschmaschine_leistung,114.3,2026-05-27T16:19:01.952Z
sensor.shelly_plug_sg3_wk_waschmaschine_wk_waschmaschine_leistung,102.7,2026-05-27T16:19:04.007Z
sensor.shelly_plug_sg3_wk_waschmaschine_wk_waschmaschine_leistung,92.6,2026-05-27T16:19:05.038Z
sensor.shelly_plug_sg3_wk_waschmaschine_wk_waschmaschine_leistung,87.8,2026-05-27T16:19:11.208Z
sensor.shelly_plug_sg3_wk_waschmaschine_wk_waschmaschine_leistung,93.5,2026-05-27T16:19:13.262Z
sensor.shelly_plug_sg3_wk_waschmaschine_wk_waschmaschine_leistung,81.5,2026-05-27T16:19:14.290Z
sensor.shelly_plug_sg3_wk_waschmaschine_wk_waschmaschine_leistung,3.7,2026-05-27T16:19:15.318Z
sensor.shelly_plug_sg3_wk_waschmaschine_wk_waschmaschine_leistung,41.5,2026-05-27T16:19:17.376Z
sensor.shelly_plug_sg3_wk_waschmaschine_wk_waschmaschine_leistung,100.7,2026-05-27T16:19:18.402Z
sensor.shelly_plug_sg3_wk_waschmaschine_wk_waschmaschine_leistung,107.4,2026-05-27T16:19:19.431Z
sensor.shelly_plug_sg3_wk_waschmaschine_wk_waschmaschine_leistung,120.7,2026-05-27T16:19:21.489Z
sensor.shelly_plug_sg3_wk_waschmaschine_wk_waschmaschine_leistung,109.7,2026-05-27T16:19:27.654Z
sensor.shelly_plug_sg3_wk_waschmaschine_wk_waschmaschine_leistung,126.8,2026-05-27T16:19:28.683Z
sensor.shelly_plug_sg3_wk_waschmaschine_wk_waschmaschine_leistung,134.9,2026-05-27T16:19:30.738Z
sensor.shelly_plug_sg3_wk_waschmaschine_wk_waschmaschine_leistung,110.5,2026-05-27T16:19:31.768Z
sensor.shelly_plug_sg3_wk_waschmaschine_wk_waschmaschine_leistung,98.4,2026-05-27T16:19:32.794Z
sensor.shelly_plug_sg3_wk_waschmaschine_wk_waschmaschine_leistung,113.2,2026-05-27T16:19:36.907Z
sensor.shelly_plug_sg3_wk_waschmaschine_wk_waschmaschine_leistung,107.4,2026-05-27T16:19:37.926Z
sensor.shelly_plug_sg3_wk_waschmaschine_wk_waschmaschine_leistung,101.4,2026-05-27T16:19:41.028Z
sensor.shelly_plug_sg3_wk_waschmaschine_wk_waschmaschine_leistung,90.4,2026-05-27T16:19:46.159Z
sensor.shelly_plug_sg3_wk_waschmaschine_wk_waschmaschine_leistung,96.2,2026-05-27T16:19:47.190Z
sensor.shelly_plug_sg3_wk_waschmaschine_wk_waschmaschine_leistung,3.6,2026-05-27T16:19:48.215Z
sensor.shelly_plug_sg3_wk_waschmaschine_wk_waschmaschine_leistung,43.3,2026-05-27T16:19:50.274Z
sensor.shelly_plug_sg3_wk_waschmaschine_wk_waschmaschine_leistung,86.4,2026-05-27T16:19:51.300Z
sensor.shelly_plug_sg3_wk_waschmaschine_wk_waschmaschine_leistung,93.9,2026-05-27T16:19:52.330Z
sensor.shelly_plug_sg3_wk_waschmaschine_wk_waschmaschine_leistung,103.2,2026-05-27T16:19:54.384Z
sensor.shelly_plug_sg3_wk_waschmaschine_wk_waschmaschine_leistung,110.0,2026-05-27T16:19:55.412Z
sensor.shelly_plug_sg3_wk_waschmaschine_wk_waschmaschine_leistung,103.2,2026-05-27T16:19:56.440Z
sensor.shelly_plug_sg3_wk_waschmaschine_wk_waschmaschine_leistung,116.7,2026-05-27T16:19:57.474Z
sensor.shelly_plug_sg3_wk_waschmaschine_wk_waschmaschine_leistung,115.0,2026-05-27T16:20:00.015Z
sensor.shelly_plug_sg3_wk_waschmaschine_wk_waschmaschine_leistung,106.7,2026-05-27T16:20:01.583Z
sensor.shelly_plug_sg3_wk_waschmaschine_wk_waschmaschine_leistung,101.0,2026-05-27T16:20:05.685Z
sensor.shelly_plug_sg3_wk_waschmaschine_wk_waschmaschine_leistung,89.7,2026-05-27T16:20:06.721Z
sensor.shelly_plug_sg3_wk_waschmaschine_wk_waschmaschine_leistung,78.0,2026-05-27T16:20:07.749Z
sensor.shelly_plug_sg3_wk_waschmaschine_wk_waschmaschine_leistung,86.7,2026-05-27T16:20:08.779Z
sensor.shelly_plug_sg3_wk_waschmaschine_wk_waschmaschine_leistung,105.4,2026-05-27T16:20:09.806Z
sensor.shelly_plug_sg3_wk_waschmaschine_wk_waschmaschine_leistung,99.0,2026-05-27T16:20:11.865Z
sensor.shelly_plug_sg3_wk_waschmaschine_wk_waschmaschine_leistung,104.8,2026-05-27T16:20:12.881Z
sensor.shelly_plug_sg3_wk_waschmaschine_wk_waschmaschine_leistung,99.2,2026-05-27T16:20:15.965Z
sensor.shelly_plug_sg3_wk_waschmaschine_wk_waschmaschine_leistung,92.2,2026-05-27T16:20:17.004Z
sensor.shelly_plug_sg3_wk_waschmaschine_wk_waschmaschine_leistung,86.8,2026-05-27T16:20:19.058Z
sensor.shelly_plug_sg3_wk_waschmaschine_wk_waschmaschine_leistung,10.8,2026-05-27T16:20:20.086Z
sensor.shelly_plug_sg3_wk_waschmaschine_wk_waschmaschine_leistung,3.9,2026-05-27T16:20:21.115Z
sensor.shelly_plug_sg3_wk_waschmaschine_wk_waschmaschine_leistung,56.4,2026-05-27T16:20:23.172Z
sensor.shelly_plug_sg3_wk_waschmaschine_wk_waschmaschine_leistung,107.2,2026-05-27T16:20:24.201Z
sensor.shelly_plug_sg3_wk_waschmaschine_wk_waschmaschine_leistung,115.7,2026-05-27T16:20:25.227Z
sensor.shelly_plug_sg3_wk_waschmaschine_wk_waschmaschine_leistung,109.0,2026-05-27T16:20:26.255Z
sensor.shelly_plug_sg3_wk_waschmaschine_wk_waschmaschine_leistung,117.0,2026-05-27T16:20:28.312Z
sensor.shelly_plug_sg3_wk_waschmaschine_wk_waschmaschine_leistung,125.8,2026-05-27T16:20:30.369Z
sensor.shelly_plug_sg3_wk_waschmaschine_wk_waschmaschine_leistung,102.8,2026-05-27T16:20:35.509Z
sensor.shelly_plug_sg3_wk_waschmaschine_wk_waschmaschine_leistung,121.3,2026-05-27T16:20:37.564Z
sensor.shelly_plug_sg3_wk_waschmaschine_wk_waschmaschine_leistung,108.5,2026-05-27T16:20:38.592Z
sensor.shelly_plug_sg3_wk_waschmaschine_wk_waschmaschine_leistung,76.2,2026-05-27T16:20:39.622Z
sensor.shelly_plug_sg3_wk_waschmaschine_wk_waschmaschine_leistung,90.8,2026-05-27T16:20:40.648Z
sensor.shelly_plug_sg3_wk_waschmaschine_wk_waschmaschine_leistung,102.0,2026-05-27T16:20:42.704Z
sensor.shelly_plug_sg3_wk_waschmaschine_wk_waschmaschine_leistung,109.6,2026-05-27T16:20:43.733Z
sensor.shelly_plug_sg3_wk_waschmaschine_wk_waschmaschine_leistung,103.0,2026-05-27T16:20:48.874Z
sensor.shelly_plug_sg3_wk_waschmaschine_wk_waschmaschine_leistung,88.6,2026-05-27T16:20:50.929Z
sensor.shelly_plug_sg3_wk_waschmaschine_wk_waschmaschine_leistung,94.5,2026-05-27T16:20:51.957Z
sensor.shelly_plug_sg3_wk_waschmaschine_wk_waschmaschine_leistung,7.4,2026-05-27T16:20:52.986Z
sensor.shelly_plug_sg3_wk_waschmaschine_wk_waschmaschine_leistung,3.6,2026-05-27T16:20:54.013Z
sensor.shelly_plug_sg3_wk_waschmaschine_wk_waschmaschine_leistung,5.3,2026-05-27T16:20:55.032Z
sensor.shelly_plug_sg3_wk_waschmaschine_wk_waschmaschine_leistung,54.5,2026-05-27T16:20:56.070Z
sensor.shelly_plug_sg3_wk_waschmaschine_wk_waschmaschine_leistung,90.4,2026-05-27T16:20:57.102Z
sensor.shelly_plug_sg3_wk_waschmaschine_wk_waschmaschine_leistung,96.5,2026-05-27T16:20:58.126Z
sensor.shelly_plug_sg3_wk_waschmaschine_wk_waschmaschine_leistung,95.1,2026-05-27T16:21:00.015Z
sensor.shelly_plug_sg3_wk_waschmaschine_wk_waschmaschine_leistung,108.7,2026-05-27T16:21:00.184Z
sensor.shelly_plug_sg3_wk_waschmaschine_wk_waschmaschine_leistung,116.6,2026-05-27T16:21:02.238Z
sensor.shelly_plug_sg3_wk_waschmaschine_wk_waschmaschine_leistung,107.0,2026-05-27T16:21:03.267Z
sensor.shelly_plug_sg3_wk_waschmaschine_wk_waschmaschine_leistung,112.7,2026-05-27T16:21:04.833Z
sensor.shelly_plug_sg3_wk_waschmaschine_wk_waschmaschine_leistung,105.6,2026-05-27T16:21:07.380Z
sensor.shelly_plug_sg3_wk_waschmaschine_wk_waschmaschine_leistung,97.1,2026-05-27T16:21:08.408Z
sensor.shelly_plug_sg3_wk_waschmaschine_wk_waschmaschine_leistung,108.9,2026-05-27T16:21:09.439Z
sensor.shelly_plug_sg3_wk_waschmaschine_wk_waschmaschine_leistung,97.1,2026-05-27T16:21:10.464Z
sensor.shelly_plug_sg3_wk_waschmaschine_wk_waschmaschine_leistung,81.8,2026-05-27T16:21:11.492Z
sensor.shelly_plug_sg3_wk_waschmaschine_wk_waschmaschine_leistung,77.0,2026-05-27T16:21:12.513Z
sensor.shelly_plug_sg3_wk_waschmaschine_wk_waschmaschine_leistung,31.9,2026-05-27T16:21:13.551Z
sensor.shelly_plug_sg3_wk_waschmaschine_wk_waschmaschine_leistung,21.5,2026-05-27T16:21:14.577Z
sensor.shelly_plug_sg3_wk_waschmaschine_wk_waschmaschine_leistung,23.2,2026-05-27T16:21:15.602Z
sensor.shelly_plug_sg3_wk_waschmaschine_wk_waschmaschine_leistung,25.7,2026-05-27T16:21:16.623Z
sensor.shelly_plug_sg3_wk_waschmaschine_wk_waschmaschine_leistung,24.4,2026-05-27T16:21:19.708Z
sensor.shelly_plug_sg3_wk_waschmaschine_wk_waschmaschine_leistung,25.7,2026-05-27T16:21:29.986Z
sensor.shelly_plug_sg3_wk_waschmaschine_wk_waschmaschine_leistung,21.7,2026-05-27T16:21:34.097Z
sensor.shelly_plug_sg3_wk_waschmaschine_wk_waschmaschine_leistung,18.3,2026-05-27T16:21:35.126Z
sensor.shelly_plug_sg3_wk_waschmaschine_wk_waschmaschine_leistung,17.3,2026-05-27T16:21:36.154Z
sensor.shelly_plug_sg3_wk_waschmaschine_wk_waschmaschine_leistung,3.6,2026-05-27T16:21:40.274Z
sensor.shelly_plug_sg3_wk_waschmaschine_wk_waschmaschine_leistung,70.4,2026-05-27T16:22:03.915Z
sensor.shelly_plug_sg3_wk_waschmaschine_wk_waschmaschine_leistung,102.7,2026-05-27T16:22:04.942Z
sensor.shelly_plug_sg3_wk_waschmaschine_wk_waschmaschine_leistung,108.0,2026-05-27T16:22:05.964Z
sensor.shelly_plug_sg3_wk_waschmaschine_wk_waschmaschine_leistung,86.0,2026-05-27T16:22:08.029Z
sensor.shelly_plug_sg3_wk_waschmaschine_wk_waschmaschine_leistung,64.1,2026-05-27T16:22:10.084Z
sensor.shelly_plug_sg3_wk_waschmaschine_wk_waschmaschine_leistung,58.4,2026-05-27T16:22:12.139Z
sensor.shelly_plug_sg3_wk_waschmaschine_wk_waschmaschine_leistung,46.7,2026-05-27T16:22:13.168Z
sensor.shelly_plug_sg3_wk_waschmaschine_wk_waschmaschine_leistung,44.0,2026-05-27T16:22:15.214Z
sensor.shelly_plug_sg3_wk_waschmaschine_wk_waschmaschine_leistung,39.7,2026-05-27T16:22:16.252Z
sensor.shelly_plug_sg3_wk_waschmaschine_wk_waschmaschine_leistung,32.2,2026-05-27T16:22:20.358Z
sensor.shelly_plug_sg3_wk_waschmaschine_wk_waschmaschine_leistung,19.6,2026-05-27T16:22:21.392Z
sensor.shelly_plug_sg3_wk_waschmaschine_wk_waschmaschine_leistung,13.8,2026-05-27T16:22:23.448Z
sensor.shelly_plug_sg3_wk_waschmaschine_wk_waschmaschine_leistung,3.7,2026-05-27T16:22:24.476Z
sensor.shelly_plug_sg3_wk_waschmaschine_wk_waschmaschine_leistung,105.2,2026-05-27T16:22:56.343Z
sensor.shelly_plug_sg3_wk_waschmaschine_wk_waschmaschine_leistung,80.5,2026-05-27T16:22:57.369Z
sensor.shelly_plug_sg3_wk_waschmaschine_wk_waschmaschine_leistung,103.6,2026-05-27T16:22:58.397Z
sensor.shelly_plug_sg3_wk_waschmaschine_wk_waschmaschine_leistung,105.1,2026-05-27T16:23:00.006Z
sensor.shelly_plug_sg3_wk_waschmaschine_wk_waschmaschine_leistung,82.6,2026-05-27T16:23:00.455Z
sensor.shelly_plug_sg3_wk_waschmaschine_wk_waschmaschine_leistung,78.3,2026-05-27T16:23:01.472Z
sensor.shelly_plug_sg3_wk_waschmaschine_wk_waschmaschine_leistung,70.6,2026-05-27T16:23:02.510Z
sensor.shelly_plug_sg3_wk_waschmaschine_wk_waschmaschine_leistung,60.5,2026-05-27T16:23:03.541Z
sensor.shelly_plug_sg3_wk_waschmaschine_wk_waschmaschine_leistung,47.8,2026-05-27T16:23:04.565Z
sensor.shelly_plug_sg3_wk_waschmaschine_wk_waschmaschine_leistung,43.8,2026-05-27T16:23:06.612Z
sensor.shelly_plug_sg3_wk_waschmaschine_wk_waschmaschine_leistung,23.9,2026-05-27T16:23:07.649Z
sensor.shelly_plug_sg3_wk_waschmaschine_wk_waschmaschine_leistung,16.0,2026-05-27T16:23:08.668Z
sensor.shelly_plug_sg3_wk_waschmaschine_wk_waschmaschine_leistung,6.8,2026-05-27T16:23:10.735Z
sensor.shelly_plug_sg3_wk_waschmaschine_wk_waschmaschine_leistung,3.6,2026-05-27T16:23:11.763Z
sensor.shelly_plug_sg3_wk_waschmaschine_wk_waschmaschine_leistung,77.1,2026-05-27T16:23:14.846Z
sensor.shelly_plug_sg3_wk_waschmaschine_wk_waschmaschine_leistung,71.5,2026-05-27T16:23:16.902Z
sensor.shelly_plug_sg3_wk_waschmaschine_wk_waschmaschine_leistung,61.4,2026-05-27T16:23:18.958Z
sensor.shelly_plug_sg3_wk_waschmaschine_wk_waschmaschine_leistung,7.8,2026-05-27T16:23:19.986Z
sensor.shelly_plug_sg3_wk_waschmaschine_wk_waschmaschine_leistung,3.6,2026-05-27T16:23:21.014Z
sensor.shelly_plug_sg3_wk_waschmaschine_wk_waschmaschine_leistung,75.9,2026-05-27T16:23:23.072Z
sensor.shelly_plug_sg3_wk_waschmaschine_wk_waschmaschine_leistung,90.4,2026-05-27T16:23:24.101Z
sensor.shelly_plug_sg3_wk_waschmaschine_wk_waschmaschine_leistung,72.9,2026-05-27T16:23:25.129Z
sensor.shelly_plug_sg3_wk_waschmaschine_wk_waschmaschine_leistung,82.3,2026-05-27T16:23:26.155Z
sensor.shelly_plug_sg3_wk_waschmaschine_wk_waschmaschine_leistung,73.5,2026-05-27T16:23:27.183Z
sensor.shelly_plug_sg3_wk_waschmaschine_wk_waschmaschine_leistung,14.9,2026-05-27T16:23:28.211Z
sensor.shelly_plug_sg3_wk_waschmaschine_wk_waschmaschine_leistung,3.6,2026-05-27T16:23:29.240Z
sensor.shelly_plug_sg3_wk_waschmaschine_wk_waschmaschine_leistung,19.6,2026-05-27T16:23:31.296Z
sensor.shelly_plug_sg3_wk_waschmaschine_wk_waschmaschine_leistung,86.7,2026-05-27T16:23:32.327Z
sensor.shelly_plug_sg3_wk_waschmaschine_wk_waschmaschine_leistung,106.8,2026-05-27T16:23:33.352Z
sensor.shelly_plug_sg3_wk_waschmaschine_wk_waschmaschine_leistung,94.7,2026-05-27T16:23:35.410Z
sensor.shelly_plug_sg3_wk_waschmaschine_wk_waschmaschine_leistung,86.7,2026-05-27T16:23:37.464Z
sensor.shelly_plug_sg3_wk_waschmaschine_wk_waschmaschine_leistung,50.4,2026-05-27T16:23:38.493Z
sensor.shelly_plug_sg3_wk_waschmaschine_wk_waschmaschine_leistung,65.8,2026-05-27T16:23:39.523Z
sensor.shelly_plug_sg3_wk_waschmaschine_wk_waschmaschine_leistung,70.0,2026-05-27T16:23:41.568Z
sensor.shelly_plug_sg3_wk_waschmaschine_wk_waschmaschine_leistung,64.7,2026-05-27T16:23:42.596Z
sensor.shelly_plug_sg3_wk_waschmaschine_wk_waschmaschine_leistung,41.4,2026-05-27T16:23:43.633Z
sensor.shelly_plug_sg3_wk_waschmaschine_wk_waschmaschine_leistung,39.0,2026-05-27T16:23:46.708Z
sensor.shelly_plug_sg3_wk_waschmaschine_wk_waschmaschine_leistung,37.1,2026-05-27T16:23:47.736Z
sensor.shelly_plug_sg3_wk_waschmaschine_wk_waschmaschine_leistung,18.9,2026-05-27T16:23:48.776Z
sensor.shelly_plug_sg3_wk_waschmaschine_wk_waschmaschine_leistung,17.5,2026-05-27T16:23:49.793Z
sensor.shelly_plug_sg3_wk_waschmaschine_wk_waschmaschine_leistung,4.5,2026-05-27T16:23:51.858Z
sensor.shelly_plug_sg3_wk_waschmaschine_wk_waschmaschine_leistung,73.2,2026-05-27T16:23:58.025Z
sensor.shelly_plug_sg3_wk_waschmaschine_wk_waschmaschine_leistung,69.1,2026-05-27T16:23:59.053Z
sensor.shelly_plug_sg3_wk_waschmaschine_wk_waschmaschine_leistung,64.0,2026-05-27T16:24:01.098Z
sensor.shelly_plug_sg3_wk_waschmaschine_wk_waschmaschine_leistung,33.6,2026-05-27T16:24:02.137Z
sensor.shelly_plug_sg3_wk_waschmaschine_wk_waschmaschine_leistung,4.2,2026-05-27T16:24:03.164Z
sensor.shelly_plug_sg3_wk_waschmaschine_wk_waschmaschine_leistung,17.4,2026-05-27T16:24:05.221Z
sensor.shelly_plug_sg3_wk_waschmaschine_wk_waschmaschine_leistung,96.7,2026-05-27T16:24:06.249Z
sensor.shelly_plug_sg3_wk_waschmaschine_wk_waschmaschine_leistung,77.2,2026-05-27T16:24:07.277Z
sensor.shelly_plug_sg3_wk_waschmaschine_wk_waschmaschine_leistung,68.4,2026-05-27T16:24:09.334Z
sensor.shelly_plug_sg3_wk_waschmaschine_wk_waschmaschine_leistung,52.4,2026-05-27T16:24:10.362Z
sensor.shelly_plug_sg3_wk_waschmaschine_wk_waschmaschine_leistung,5.0,2026-05-27T16:24:11.390Z
sensor.shelly_plug_sg3_wk_waschmaschine_wk_waschmaschine_leistung,3.6,2026-05-27T16:24:12.409Z
sensor.shelly_plug_sg3_wk_waschmaschine_wk_waschmaschine_leistung,56.7,2026-05-27T16:24:14.474Z
sensor.shelly_plug_sg3_wk_waschmaschine_wk_waschmaschine_leistung,90.1,2026-05-27T16:24:15.503Z
sensor.shelly_plug_sg3_wk_waschmaschine_wk_waschmaschine_leistung,97.4,2026-05-27T16:24:16.521Z
sensor.shelly_plug_sg3_wk_waschmaschine_wk_waschmaschine_leistung,86.2,2026-05-27T16:24:18.592Z
sensor.shelly_plug_sg3_wk_waschmaschine_wk_waschmaschine_leistung,75.1,2026-05-27T16:24:19.617Z
sensor.shelly_plug_sg3_wk_waschmaschine_wk_waschmaschine_leistung,65.8,2026-05-27T16:24:20.643Z
sensor.shelly_plug_sg3_wk_waschmaschine_wk_waschmaschine_leistung,49.0,2026-05-27T16:24:21.671Z
sensor.shelly_plug_sg3_wk_waschmaschine_wk_waschmaschine_leistung,44.9,2026-05-27T16:24:23.718Z
sensor.shelly_plug_sg3_wk_waschmaschine_wk_waschmaschine_leistung,40.2,2026-05-27T16:24:25.774Z
sensor.shelly_plug_sg3_wk_waschmaschine_wk_waschmaschine_leistung,36.8,2026-05-27T16:24:26.812Z
sensor.shelly_plug_sg3_wk_waschmaschine_wk_waschmaschine_leistung,27.3,2026-05-27T16:24:30.915Z
sensor.shelly_plug_sg3_wk_waschmaschine_wk_waschmaschine_leistung,16.7,2026-05-27T16:24:31.952Z
sensor.shelly_plug_sg3_wk_waschmaschine_wk_waschmaschine_leistung,10.4,2026-05-27T16:24:34.010Z
sensor.shelly_plug_sg3_wk_waschmaschine_wk_waschmaschine_leistung,3.6,2026-05-27T16:24:35.037Z
sensor.shelly_plug_sg3_wk_waschmaschine_wk_waschmaschine_leistung,71.4,2026-05-27T16:24:41.204Z
sensor.shelly_plug_sg3_wk_waschmaschine_wk_waschmaschine_leistung,61.8,2026-05-27T16:24:42.233Z
sensor.shelly_plug_sg3_wk_waschmaschine_wk_waschmaschine_leistung,66.6,2026-05-27T16:24:43.252Z
sensor.shelly_plug_sg3_wk_waschmaschine_wk_waschmaschine_leistung,33.8,2026-05-27T16:24:45.317Z
sensor.shelly_plug_sg3_wk_waschmaschine_wk_waschmaschine_leistung,4.2,2026-05-27T16:24:46.348Z
sensor.shelly_plug_sg3_wk_waschmaschine_wk_waschmaschine_leistung,19.2,2026-05-27T16:24:48.402Z
sensor.shelly_plug_sg3_wk_waschmaschine_wk_waschmaschine_leistung,89.8,2026-05-27T16:24:49.432Z
sensor.shelly_plug_sg3_wk_waschmaschine_wk_waschmaschine_leistung,71.3,2026-05-27T16:24:50.459Z
sensor.shelly_plug_sg3_wk_waschmaschine_wk_waschmaschine_leistung,75.4,2026-05-27T16:24:51.478Z
sensor.shelly_plug_sg3_wk_waschmaschine_wk_waschmaschine_leistung,67.2,2026-05-27T16:24:52.505Z
sensor.shelly_plug_sg3_wk_waschmaschine_wk_waschmaschine_leistung,57.5,2026-05-27T16:24:53.545Z
sensor.shelly_plug_sg3_wk_waschmaschine_wk_waschmaschine_leistung,4.7,2026-05-27T16:24:54.572Z
sensor.shelly_plug_sg3_wk_waschmaschine_wk_waschmaschine_leistung,3.7,2026-05-27T16:24:55.592Z
sensor.shelly_plug_sg3_wk_waschmaschine_wk_waschmaschine_leistung,56.9,2026-05-27T16:24:57.656Z
sensor.shelly_plug_sg3_wk_waschmaschine_wk_waschmaschine_leistung,78.9,2026-05-27T16:24:58.684Z
sensor.shelly_plug_sg3_wk_waschmaschine_wk_waschmaschine_leistung,101.1,2026-05-27T16:24:59.712Z
sensor.shelly_plug_sg3_wk_waschmaschine_wk_waschmaschine_leistung,92.4,2026-05-27T16:25:01.768Z
sensor.shelly_plug_sg3_wk_waschmaschine_wk_waschmaschine_leistung,75.7,2026-05-27T16:25:02.797Z
sensor.shelly_plug_sg3_wk_waschmaschine_wk_waschmaschine_leistung,66.0,2026-05-27T16:25:03.827Z
sensor.shelly_plug_sg3_wk_waschmaschine_wk_waschmaschine_leistung,56.3,2026-05-27T16:25:05.883Z
sensor.shelly_plug_sg3_wk_waschmaschine_wk_waschmaschine_leistung,46.8,2026-05-27T16:25:06.910Z
sensor.shelly_plug_sg3_wk_waschmaschine_wk_waschmaschine_leistung,37.6,2026-05-27T16:25:09.994Z
sensor.shelly_plug_sg3_wk_waschmaschine_wk_waschmaschine_leistung,32.2,2026-05-27T16:25:14.098Z
sensor.shelly_plug_sg3_wk_waschmaschine_wk_waschmaschine_leistung,17.7,2026-05-27T16:25:15.134Z
sensor.shelly_plug_sg3_wk_waschmaschine_wk_waschmaschine_leistung,14.8,2026-05-27T16:25:17.181Z
sensor.shelly_plug_sg3_wk_waschmaschine_wk_waschmaschine_leistung,3.9,2026-05-27T16:25:18.220Z
sensor.shelly_plug_sg3_wk_waschmaschine_wk_waschmaschine_leistung,5.2,2026-05-27T16:25:24.376Z
sensor.shelly_plug_sg3_wk_waschmaschine_wk_waschmaschine_leistung,70.5,2026-05-27T16:25:25.414Z
sensor.shelly_plug_sg3_wk_waschmaschine_wk_waschmaschine_leistung,59.6,2026-05-27T16:25:26.443Z
sensor.shelly_plug_sg3_wk_waschmaschine_wk_waschmaschine_leistung,9.9,2026-05-27T16:25:29.526Z
sensor.shelly_plug_sg3_wk_waschmaschine_wk_waschmaschine_leistung,3.7,2026-05-27T16:25:30.554Z
sensor.shelly_plug_sg3_wk_waschmaschine_wk_waschmaschine_leistung,55.7,2026-05-27T16:25:32.610Z
sensor.shelly_plug_sg3_wk_waschmaschine_wk_waschmaschine_leistung,84.2,2026-05-27T16:25:33.641Z
sensor.shelly_plug_sg3_wk_waschmaschine_wk_waschmaschine_leistung,70.9,2026-05-27T16:25:34.669Z
sensor.shelly_plug_sg3_wk_waschmaschine_wk_waschmaschine_leistung,64.4,2026-05-27T16:25:35.698Z
sensor.shelly_plug_sg3_wk_waschmaschine_wk_waschmaschine_leistung,69.6,2026-05-27T16:25:36.723Z
sensor.shelly_plug_sg3_wk_waschmaschine_wk_waschmaschine_leistung,29.5,2026-05-27T16:25:37.754Z
sensor.shelly_plug_sg3_wk_waschmaschine_wk_waschmaschine_leistung,3.7,2026-05-27T16:25:38.780Z
sensor.shelly_plug_sg3_wk_waschmaschine_wk_waschmaschine_leistung,67.7,2026-05-27T16:25:41.864Z
sensor.shelly_plug_sg3_wk_waschmaschine_wk_waschmaschine_leistung,90.4,2026-05-27T16:25:42.896Z
sensor.shelly_plug_sg3_wk_waschmaschine_wk_waschmaschine_leistung,107.5,2026-05-27T16:25:43.921Z
sensor.shelly_plug_sg3_wk_waschmaschine_wk_waschmaschine_leistung,96.4,2026-05-27T16:25:44.950Z
sensor.shelly_plug_sg3_wk_waschmaschine_wk_waschmaschine_leistung,79.3,2026-05-27T16:25:45.977Z
sensor.shelly_plug_sg3_wk_waschmaschine_wk_waschmaschine_leistung,63.2,2026-05-27T16:25:47.005Z
sensor.shelly_plug_sg3_wk_waschmaschine_wk_waschmaschine_leistung,54.2,2026-05-27T16:25:48.034Z
sensor.shelly_plug_sg3_wk_waschmaschine_wk_waschmaschine_leistung,45.2,2026-05-27T16:25:49.065Z
sensor.shelly_plug_sg3_wk_waschmaschine_wk_waschmaschine_leistung,41.1,2026-05-27T16:25:50.082Z
sensor.shelly_plug_sg3_wk_waschmaschine_wk_waschmaschine_leistung,38.7,2026-05-27T16:25:53.174Z
sensor.shelly_plug_sg3_wk_waschmaschine_wk_waschmaschine_leistung,71.8,2026-05-27T16:25:58.314Z
sensor.shelly_plug_sg3_wk_waschmaschine_wk_waschmaschine_leistung,309.3,2026-05-27T16:25:59.343Z
sensor.shelly_plug_sg3_wk_waschmaschine_wk_waschmaschine_leistung,149.9,2026-05-27T16:26:00.380Z
sensor.shelly_plug_sg3_wk_waschmaschine_wk_waschmaschine_leistung,26.0,2026-05-27T16:26:01.400Z
sensor.shelly_plug_sg3_wk_waschmaschine_wk_waschmaschine_leistung,33.9,2026-05-27T16:26:03.446Z
sensor.shelly_plug_sg3_wk_waschmaschine_wk_waschmaschine_leistung,59.3,2026-05-27T16:26:04.484Z
sensor.shelly_plug_sg3_wk_waschmaschine_wk_waschmaschine_leistung,53.7,2026-05-27T16:26:06.538Z
sensor.shelly_plug_sg3_wk_waschmaschine_wk_waschmaschine_leistung,4.1,2026-05-27T16:26:08.595Z
sensor.shelly_plug_sg3_wk_waschmaschine_wk_waschmaschine_leistung,26.7,2026-05-27T16:26:38.405Z
sensor.shelly_plug_sg3_wk_waschmaschine_wk_waschmaschine_leistung,21.8,2026-05-27T16:26:39.432Z
sensor.shelly_plug_sg3_wk_waschmaschine_wk_waschmaschine_leistung,23.9,2026-05-27T16:26:42.509Z
sensor.shelly_plug_sg3_wk_waschmaschine_wk_waschmaschine_leistung,20.2,2026-05-27T16:26:45.593Z
sensor.shelly_plug_sg3_wk_waschmaschine_wk_waschmaschine_leistung,18.3,2026-05-27T16:26:46.621Z
sensor.shelly_plug_sg3_wk_waschmaschine_wk_waschmaschine_leistung,17.3,2026-05-27T16:26:52.786Z
sensor.shelly_plug_sg3_wk_waschmaschine_wk_waschmaschine_leistung,17.1,2026-05-27T16:27:00.001Z
sensor.shelly_plug_sg3_wk_waschmaschine_wk_waschmaschine_leistung,77.5,2026-05-27T16:27:10.296Z
sensor.shelly_plug_sg3_wk_waschmaschine_wk_waschmaschine_leistung,70.8,2026-05-27T16:27:11.326Z
sensor.shelly_plug_sg3_wk_waschmaschine_wk_waschmaschine_leistung,61.1,2026-05-27T16:27:15.436Z
sensor.shelly_plug_sg3_wk_waschmaschine_wk_waschmaschine_leistung,65.2,2026-05-27T16:27:16.455Z
sensor.shelly_plug_sg3_wk_waschmaschine_wk_waschmaschine_leistung,53.3,2026-05-27T16:27:17.492Z
sensor.shelly_plug_sg3_wk_waschmaschine_wk_waschmaschine_leistung,49.9,2026-05-27T16:27:18.511Z
sensor.shelly_plug_sg3_wk_waschmaschine_wk_waschmaschine_leistung,44.3,2026-05-27T16:27:19.549Z
sensor.shelly_plug_sg3_wk_waschmaschine_wk_waschmaschine_leistung,40.4,2026-05-27T16:27:20.568Z
sensor.shelly_plug_sg3_wk_waschmaschine_wk_waschmaschine_leistung,38.1,2026-05-27T16:27:21.605Z
sensor.shelly_plug_sg3_wk_waschmaschine_wk_waschmaschine_leistung,17.7,2026-05-27T16:27:24.690Z
sensor.shelly_plug_sg3_wk_waschmaschine_wk_waschmaschine_leistung,4.1,2026-05-27T16:27:27.775Z
sensor.shelly_plug_sg3_wk_waschmaschine_wk_waschmaschine_leistung,39.0,2026-05-27T16:27:31.902Z
sensor.shelly_plug_sg3_wk_waschmaschine_wk_waschmaschine_leistung,58.3,2026-05-27T16:27:32.913Z
sensor.shelly_plug_sg3_wk_waschmaschine_wk_waschmaschine_leistung,47.3,2026-05-27T16:27:33.942Z
sensor.shelly_plug_sg3_wk_waschmaschine_wk_waschmaschine_leistung,40.9,2026-05-27T16:27:34.970Z
sensor.shelly_plug_sg3_wk_waschmaschine_wk_waschmaschine_leistung,49.2,2026-05-27T16:27:35.998Z
sensor.shelly_plug_sg3_wk_waschmaschine_wk_waschmaschine_leistung,25.6,2026-05-27T16:27:37.026Z
sensor.shelly_plug_sg3_wk_waschmaschine_wk_waschmaschine_leistung,4.4,2026-05-27T16:27:38.055Z
sensor.shelly_plug_sg3_wk_waschmaschine_wk_waschmaschine_leistung,61.3,2026-05-27T16:27:41.138Z
sensor.shelly_plug_sg3_wk_waschmaschine_wk_waschmaschine_leistung,47.0,2026-05-27T16:27:42.167Z
sensor.shelly_plug_sg3_wk_waschmaschine_wk_waschmaschine_leistung,52.3,2026-05-27T16:27:43.187Z
sensor.shelly_plug_sg3_wk_waschmaschine_wk_waschmaschine_leistung,3.6,2026-05-27T16:27:46.279Z
sensor.shelly_plug_sg3_wk_waschmaschine_wk_waschmaschine_leistung,68.1,2026-05-27T16:27:49.363Z
sensor.shelly_plug_sg3_wk_waschmaschine_wk_waschmaschine_leistung,54.8,2026-05-27T16:27:50.391Z
sensor.shelly_plug_sg3_wk_waschmaschine_wk_waschmaschine_leistung,79.6,2026-05-27T16:27:51.419Z
sensor.shelly_plug_sg3_wk_waschmaschine_wk_waschmaschine_leistung,65.7,2026-05-27T16:27:53.478Z
sensor.shelly_plug_sg3_wk_waschmaschine_wk_waschmaschine_leistung,73.5,2026-05-27T16:27:55.532Z
sensor.shelly_plug_sg3_wk_waschmaschine_wk_waschmaschine_leistung,52.8,2026-05-27T16:27:57.588Z
sensor.shelly_plug_sg3_wk_waschmaschine_wk_waschmaschine_leistung,37.6,2026-05-27T16:27:58.616Z
sensor.shelly_plug_sg3_wk_waschmaschine_wk_waschmaschine_leistung,36.8,2026-05-27T16:27:59.996Z
sensor.shelly_plug_sg3_wk_waschmaschine_wk_waschmaschine_leistung,35.2,2026-05-27T16:28:01.691Z
sensor.shelly_plug_sg3_wk_waschmaschine_wk_waschmaschine_leistung,37.6,2026-05-27T16:28:04.774Z
sensor.shelly_plug_sg3_wk_waschmaschine_wk_waschmaschine_leistung,30.3,2026-05-27T16:28:05.802Z
sensor.shelly_plug_sg3_wk_waschmaschine_wk_waschmaschine_leistung,17.8,2026-05-27T16:28:06.842Z
sensor.shelly_plug_sg3_wk_waschmaschine_wk_waschmaschine_leistung,13.0,2026-05-27T16:28:08.897Z
sensor.shelly_plug_sg3_wk_waschmaschine_wk_waschmaschine_leistung,3.7,2026-05-27T16:28:09.926Z
sensor.shelly_plug_sg3_wk_waschmaschine_wk_waschmaschine_leistung,39.1,2026-05-27T16:28:16.092Z
sensor.shelly_plug_sg3_wk_waschmaschine_wk_waschmaschine_leistung,53.2,2026-05-27T16:28:17.119Z
sensor.shelly_plug_sg3_wk_waschmaschine_wk_waschmaschine_leistung,48.4,2026-05-27T16:28:18.147Z
sensor.shelly_plug_sg3_wk_waschmaschine_wk_waschmaschine_leistung,45.4,2026-05-27T16:28:19.167Z
sensor.shelly_plug_sg3_wk_waschmaschine_wk_waschmaschine_leistung,47.9,2026-05-27T16:28:20.199Z
sensor.shelly_plug_sg3_wk_waschmaschine_wk_waschmaschine_leistung,26.8,2026-05-27T16:28:21.232Z
sensor.shelly_plug_sg3_wk_waschmaschine_wk_waschmaschine_leistung,3.5,2026-05-27T16:28:22.260Z
sensor.shelly_plug_sg3_wk_waschmaschine_wk_waschmaschine_leistung,13.0,2026-05-27T16:28:24.316Z
sensor.shelly_plug_sg3_wk_waschmaschine_wk_waschmaschine_leistung,76.3,2026-05-27T16:28:25.346Z
sensor.shelly_plug_sg3_wk_waschmaschine_wk_waschmaschine_leistung,54.6,2026-05-27T16:28:26.374Z
sensor.shelly_plug_sg3_wk_waschmaschine_wk_waschmaschine_leistung,5.0,2026-05-27T16:28:29.457Z
sensor.shelly_plug_sg3_wk_waschmaschine_wk_waschmaschine_leistung,3.6,2026-05-27T16:28:30.477Z
sensor.shelly_plug_sg3_wk_waschmaschine_wk_waschmaschine_leistung,60.2,2026-05-27T16:28:33.570Z
sensor.shelly_plug_sg3_wk_waschmaschine_wk_waschmaschine_leistung,55.5,2026-05-27T16:28:34.596Z
sensor.shelly_plug_sg3_wk_waschmaschine_wk_waschmaschine_leistung,86.8,2026-05-27T16:28:35.625Z
sensor.shelly_plug_sg3_wk_waschmaschine_wk_waschmaschine_leistung,68.8,2026-05-27T16:28:36.653Z
sensor.shelly_plug_sg3_wk_waschmaschine_wk_waschmaschine_leistung,47.6,2026-05-27T16:28:39.742Z
sensor.shelly_plug_sg3_wk_waschmaschine_wk_waschmaschine_leistung,66.5,2026-05-27T16:28:40.766Z
sensor.shelly_plug_sg3_wk_waschmaschine_wk_waschmaschine_leistung,55.4,2026-05-27T16:28:41.794Z
sensor.shelly_plug_sg3_wk_waschmaschine_wk_waschmaschine_leistung,44.0,2026-05-27T16:28:42.822Z
sensor.shelly_plug_sg3_wk_waschmaschine_wk_waschmaschine_leistung,40.7,2026-05-27T16:28:43.843Z
sensor.shelly_plug_sg3_wk_waschmaschine_wk_waschmaschine_leistung,38.3,2026-05-27T16:28:45.897Z
sensor.shelly_plug_sg3_wk_waschmaschine_wk_waschmaschine_leistung,36.4,2026-05-27T16:28:46.936Z
sensor.shelly_plug_sg3_wk_waschmaschine_wk_waschmaschine_leistung,38.5,2026-05-27T16:28:48.981Z
sensor.shelly_plug_sg3_wk_waschmaschine_wk_waschmaschine_leistung,33.0,2026-05-27T16:28:50.010Z
sensor.shelly_plug_sg3_wk_waschmaschine_wk_waschmaschine_leistung,18.0,2026-05-27T16:28:51.047Z
sensor.shelly_plug_sg3_wk_waschmaschine_wk_waschmaschine_leistung,14.7,2026-05-27T16:28:53.095Z
sensor.shelly_plug_sg3_wk_waschmaschine_wk_waschmaschine_leistung,3.8,2026-05-27T16:28:54.134Z
sensor.shelly_plug_sg3_wk_waschmaschine_wk_waschmaschine_leistung,11.7,2026-05-27T16:28:58.244Z
sensor.shelly_plug_sg3_wk_waschmaschine_wk_waschmaschine_leistung,65.4,2026-05-27T16:28:59.272Z
sensor.shelly_plug_sg3_wk_waschmaschine_wk_waschmaschine_leistung,50.2,2026-05-27T16:29:00.300Z
sensor.shelly_plug_sg3_wk_waschmaschine_wk_waschmaschine_leistung,46.4,2026-05-27T16:29:02.347Z
sensor.shelly_plug_sg3_wk_waschmaschine_wk_waschmaschine_leistung,5.7,2026-05-27T16:29:04.412Z
sensor.shelly_plug_sg3_wk_waschmaschine_wk_waschmaschine_leistung,3.6,2026-05-27T16:29:05.431Z
sensor.shelly_plug_sg3_wk_waschmaschine_wk_waschmaschine_leistung,53.8,2026-05-27T16:29:07.497Z
sensor.shelly_plug_sg3_wk_waschmaschine_wk_waschmaschine_leistung,66.1,2026-05-27T16:29:08.524Z
sensor.shelly_plug_sg3_wk_waschmaschine_wk_waschmaschine_leistung,49.2,2026-05-27T16:29:09.555Z
sensor.shelly_plug_sg3_wk_waschmaschine_wk_waschmaschine_leistung,52.9,2026-05-27T16:29:10.571Z
sensor.shelly_plug_sg3_wk_waschmaschine_wk_waschmaschine_leistung,26.4,2026-05-27T16:29:12.636Z
sensor.shelly_plug_sg3_wk_waschmaschine_wk_waschmaschine_leistung,3.6,2026-05-27T16:29:13.664Z
sensor.shelly_plug_sg3_wk_waschmaschine_wk_waschmaschine_leistung,59.9,2026-05-27T16:29:16.750Z
sensor.shelly_plug_sg3_wk_waschmaschine_wk_waschmaschine_leistung,73.4,2026-05-27T16:29:17.776Z
sensor.shelly_plug_sg3_wk_waschmaschine_wk_waschmaschine_leistung,80.5,2026-05-27T16:29:18.797Z
sensor.shelly_plug_sg3_wk_waschmaschine_wk_waschmaschine_leistung,64.4,2026-05-27T16:29:20.860Z
sensor.shelly_plug_sg3_wk_waschmaschine_wk_waschmaschine_leistung,38.5,2026-05-27T16:29:23.944Z
sensor.shelly_plug_sg3_wk_waschmaschine_wk_waschmaschine_leistung,8.3,2026-05-27T16:29:24.972Z
sensor.shelly_plug_sg3_wk_waschmaschine_wk_waschmaschine_leistung,24.1,2026-05-27T16:29:27.032Z
sensor.shelly_plug_sg3_wk_waschmaschine_wk_waschmaschine_leistung,57.6,2026-05-27T16:29:28.061Z
sensor.shelly_plug_sg3_wk_waschmaschine_wk_waschmaschine_leistung,49.7,2026-05-27T16:29:29.086Z
sensor.shelly_plug_sg3_wk_waschmaschine_wk_waschmaschine_leistung,44.5,2026-05-27T16:29:31.132Z
sensor.shelly_plug_sg3_wk_waschmaschine_wk_waschmaschine_leistung,10.4,2026-05-27T16:29:32.170Z
sensor.shelly_plug_sg3_wk_waschmaschine_wk_waschmaschine_leistung,8.1,2026-05-27T16:29:33.201Z
sensor.shelly_plug_sg3_wk_waschmaschine_wk_waschmaschine_leistung,25.1,2026-05-27T16:29:40.393Z
sensor.shelly_plug_sg3_wk_waschmaschine_wk_waschmaschine_leistung,63.3,2026-05-27T16:29:41.422Z
sensor.shelly_plug_sg3_wk_waschmaschine_wk_waschmaschine_leistung,55.3,2026-05-27T16:29:42.452Z
sensor.shelly_plug_sg3_wk_waschmaschine_wk_waschmaschine_leistung,61.3,2026-05-27T16:29:43.475Z
sensor.shelly_plug_sg3_wk_waschmaschine_wk_waschmaschine_leistung,55.1,2026-05-27T16:29:45.526Z
sensor.shelly_plug_sg3_wk_waschmaschine_wk_waschmaschine_leistung,63.4,2026-05-27T16:29:46.564Z
sensor.shelly_plug_sg3_wk_waschmaschine_wk_waschmaschine_leistung,28.8,2026-05-27T16:29:47.591Z
sensor.shelly_plug_sg3_wk_waschmaschine_wk_waschmaschine_leistung,11.1,2026-05-27T16:29:48.619Z
sensor.shelly_plug_sg3_wk_waschmaschine_wk_waschmaschine_leistung,68.1,2026-05-27T16:29:56.842Z
sensor.shelly_plug_sg3_wk_waschmaschine_wk_waschmaschine_leistung,58.5,2026-05-27T16:29:57.872Z
sensor.shelly_plug_sg3_wk_waschmaschine_wk_waschmaschine_leistung,61.3,2026-05-27T16:29:59.990Z
sensor.shelly_plug_sg3_wk_waschmaschine_wk_waschmaschine_leistung,64.7,2026-05-27T16:30:01.982Z
sensor.shelly_plug_sg3_wk_waschmaschine_wk_waschmaschine_leistung,48.9,2026-05-27T16:30:03.010Z
sensor.shelly_plug_sg3_wk_waschmaschine_wk_waschmaschine_leistung,11.1,2026-05-27T16:30:04.038Z
sensor.shelly_plug_sg3_wk_waschmaschine_wk_waschmaschine_leistung,35.6,2026-05-27T16:30:11.234Z
sensor.shelly_plug_sg3_wk_waschmaschine_wk_waschmaschine_leistung,82.4,2026-05-27T16:30:12.262Z
sensor.shelly_plug_sg3_wk_waschmaschine_wk_waschmaschine_leistung,78.0,2026-05-27T16:30:14.322Z
sensor.shelly_plug_sg3_wk_waschmaschine_wk_waschmaschine_leistung,28.4,2026-05-27T16:30:18.432Z
sensor.shelly_plug_sg3_wk_waschmaschine_wk_waschmaschine_leistung,11.0,2026-05-27T16:30:19.458Z
sensor.shelly_plug_sg3_wk_waschmaschine_wk_waschmaschine_leistung,12.0,2026-05-27T16:30:26.643Z
sensor.shelly_plug_sg3_wk_waschmaschine_wk_waschmaschine_leistung,65.8,2026-05-27T16:30:27.680Z
sensor.shelly_plug_sg3_wk_waschmaschine_wk_waschmaschine_leistung,93.9,2026-05-27T16:30:28.708Z
sensor.shelly_plug_sg3_wk_waschmaschine_wk_waschmaschine_leistung,83.5,2026-05-27T16:30:29.737Z
sensor.shelly_plug_sg3_wk_waschmaschine_wk_waschmaschine_leistung,87.9,2026-05-27T16:30:30.756Z
sensor.shelly_plug_sg3_wk_waschmaschine_wk_waschmaschine_leistung,83.3,2026-05-27T16:30:31.784Z
sensor.shelly_plug_sg3_wk_waschmaschine_wk_waschmaschine_leistung,91.5,2026-05-27T16:30:32.821Z
sensor.shelly_plug_sg3_wk_waschmaschine_wk_waschmaschine_leistung,64.6,2026-05-27T16:30:33.852Z
sensor.shelly_plug_sg3_wk_waschmaschine_wk_waschmaschine_leistung,12.3,2026-05-27T16:30:34.878Z
sensor.shelly_plug_sg3_wk_waschmaschine_wk_waschmaschine_leistung,10.9,2026-05-27T16:30:35.897Z
sensor.shelly_plug_sg3_wk_waschmaschine_wk_waschmaschine_leistung,46.3,2026-05-27T16:30:43.101Z
sensor.shelly_plug_sg3_wk_waschmaschine_wk_waschmaschine_leistung,110.1,2026-05-27T16:30:44.131Z
sensor.shelly_plug_sg3_wk_waschmaschine_wk_waschmaschine_leistung,116.9,2026-05-27T16:30:45.158Z
sensor.shelly_plug_sg3_wk_waschmaschine_wk_waschmaschine_leistung,109.8,2026-05-27T16:30:46.186Z
sensor.shelly_plug_sg3_wk_waschmaschine_wk_waschmaschine_leistung,30.6,2026-05-27T16:30:50.298Z
sensor.shelly_plug_sg3_wk_waschmaschine_wk_waschmaschine_leistung,10.8,2026-05-27T16:30:51.326Z
sensor.shelly_plug_sg3_wk_waschmaschine_wk_waschmaschine_leistung,89.4,2026-05-27T16:30:58.524Z
sensor.shelly_plug_sg3_wk_waschmaschine_wk_waschmaschine_leistung,125.2,2026-05-27T16:30:59.550Z
sensor.shelly_plug_sg3_wk_waschmaschine_wk_waschmaschine_leistung,106.3,2026-05-27T16:31:00.578Z
sensor.shelly_plug_sg3_wk_waschmaschine_wk_waschmaschine_leistung,115.3,2026-05-27T16:31:01.606Z
sensor.shelly_plug_sg3_wk_waschmaschine_wk_waschmaschine_leistung,12.0,2026-05-27T16:31:05.718Z
sensor.shelly_plug_sg3_wk_waschmaschine_wk_waschmaschine_leistung,10.9,2026-05-27T16:31:06.739Z
sensor.shelly_plug_sg3_wk_waschmaschine_wk_waschmaschine_leistung,57.3,2026-05-27T16:31:13.941Z
sensor.shelly_plug_sg3_wk_waschmaschine_wk_waschmaschine_leistung,142.3,2026-05-27T16:31:14.976Z
sensor.shelly_plug_sg3_wk_waschmaschine_wk_waschmaschine_leistung,132.2,2026-05-27T16:31:18.054Z
sensor.shelly_plug_sg3_wk_waschmaschine_wk_waschmaschine_leistung,145.1,2026-05-27T16:31:19.086Z
sensor.shelly_plug_sg3_wk_waschmaschine_wk_waschmaschine_leistung,130.6,2026-05-27T16:31:20.110Z
sensor.shelly_plug_sg3_wk_waschmaschine_wk_waschmaschine_leistung,22.1,2026-05-27T16:31:21.138Z
sensor.shelly_plug_sg3_wk_waschmaschine_wk_waschmaschine_leistung,10.9,2026-05-27T16:31:22.167Z
sensor.shelly_plug_sg3_wk_waschmaschine_wk_waschmaschine_leistung,16.8,2026-05-27T16:31:29.366Z
sensor.shelly_plug_sg3_wk_waschmaschine_wk_waschmaschine_leistung,95.0,2026-05-27T16:31:30.391Z
sensor.shelly_plug_sg3_wk_waschmaschine_wk_waschmaschine_leistung,106.0,2026-05-27T16:31:31.421Z
sensor.shelly_plug_sg3_wk_waschmaschine_wk_waschmaschine_leistung,125.8,2026-05-27T16:31:32.447Z
sensor.shelly_plug_sg3_wk_waschmaschine_wk_waschmaschine_leistung,119.1,2026-05-27T16:31:34.503Z
sensor.shelly_plug_sg3_wk_waschmaschine_wk_waschmaschine_leistung,69.3,2026-05-27T16:31:36.559Z
sensor.shelly_plug_sg3_wk_waschmaschine_wk_waschmaschine_leistung,4.2,2026-05-27T16:31:37.587Z
sensor.shelly_plug_sg3_wk_waschmaschine_wk_waschmaschine_leistung,143.2,2026-05-27T16:31:45.814Z
sensor.shelly_plug_sg3_wk_waschmaschine_wk_waschmaschine_leistung,154.8,2026-05-27T16:31:46.838Z
sensor.shelly_plug_sg3_wk_waschmaschine_wk_waschmaschine_leistung,138.7,2026-05-27T16:31:47.866Z
sensor.shelly_plug_sg3_wk_waschmaschine_wk_waschmaschine_leistung,150.1,2026-05-27T16:31:50.951Z
sensor.shelly_plug_sg3_wk_waschmaschine_wk_waschmaschine_leistung,137.2,2026-05-27T16:31:51.979Z
sensor.shelly_plug_sg3_wk_waschmaschine_wk_waschmaschine_leistung,3.6,2026-05-27T16:31:53.008Z
sensor.shelly_plug_sg3_wk_waschmaschine_wk_waschmaschine_leistung,15.7,2026-05-27T16:32:00.204Z
sensor.shelly_plug_sg3_wk_waschmaschine_wk_waschmaschine_leistung,104.9,2026-05-27T16:32:01.230Z
sensor.shelly_plug_sg3_wk_waschmaschine_wk_waschmaschine_leistung,127.1,2026-05-27T16:32:02.258Z
sensor.shelly_plug_sg3_wk_waschmaschine_wk_waschmaschine_leistung,60.1,2026-05-27T16:32:07.398Z
sensor.shelly_plug_sg3_wk_waschmaschine_wk_waschmaschine_leistung,4.4,2026-05-27T16:32:08.426Z
sensor.shelly_plug_sg3_wk_waschmaschine_wk_waschmaschine_leistung,74.6,2026-05-27T16:32:16.652Z
sensor.shelly_plug_sg3_wk_waschmaschine_wk_waschmaschine_leistung,149.2,2026-05-27T16:32:17.678Z
sensor.shelly_plug_sg3_wk_waschmaschine_wk_waschmaschine_leistung,117.1,2026-05-27T16:32:22.817Z
sensor.shelly_plug_sg3_wk_waschmaschine_wk_waschmaschine_leistung,7.6,2026-05-27T16:32:23.847Z
sensor.shelly_plug_sg3_wk_waschmaschine_wk_waschmaschine_leistung,3.6,2026-05-27T16:32:24.874Z
sensor.shelly_plug_sg3_wk_waschmaschine_wk_waschmaschine_leistung,102.1,2026-05-27T16:32:32.069Z
sensor.shelly_plug_sg3_wk_waschmaschine_wk_waschmaschine_leistung,123.4,2026-05-27T16:32:33.098Z
sensor.shelly_plug_sg3_wk_waschmaschine_wk_waschmaschine_leistung,133.1,2026-05-27T16:32:36.182Z
sensor.shelly_plug_sg3_wk_waschmaschine_wk_waschmaschine_leistung,124.8,2026-05-27T16:32:38.238Z
sensor.shelly_plug_sg3_wk_waschmaschine_wk_waschmaschine_leistung,42.4,2026-05-27T16:32:39.267Z
sensor.shelly_plug_sg3_wk_waschmaschine_wk_waschmaschine_leistung,3.6,2026-05-27T16:32:40.294Z
sensor.shelly_plug_sg3_wk_waschmaschine_wk_waschmaschine_leistung,76.8,2026-05-27T16:32:47.490Z
sensor.shelly_plug_sg3_wk_waschmaschine_wk_waschmaschine_leistung,168.3,2026-05-27T16:32:48.518Z
sensor.shelly_plug_sg3_wk_waschmaschine_wk_waschmaschine_leistung,136.2,2026-05-27T16:32:49.547Z
sensor.shelly_plug_sg3_wk_waschmaschine_wk_waschmaschine_leistung,149.3,2026-05-27T16:32:50.575Z
sensor.shelly_plug_sg3_wk_waschmaschine_wk_waschmaschine_leistung,157.9,2026-05-27T16:32:53.658Z
sensor.shelly_plug_sg3_wk_waschmaschine_wk_waschmaschine_leistung,5.7,2026-05-27T16:32:54.692Z
sensor.shelly_plug_sg3_wk_waschmaschine_wk_waschmaschine_leistung,3.6,2026-05-27T16:32:55.717Z
sensor.shelly_plug_sg3_wk_waschmaschine_wk_waschmaschine_leistung,3.5,2026-05-27T16:32:59.987Z
sensor.shelly_plug_sg3_wk_waschmaschine_wk_waschmaschine_leistung,33.1,2026-05-27T16:33:02.911Z
sensor.shelly_plug_sg3_wk_waschmaschine_wk_waschmaschine_leistung,114.7,2026-05-27T16:33:03.939Z
sensor.shelly_plug_sg3_wk_waschmaschine_wk_waschmaschine_leistung,132.1,2026-05-27T16:33:04.969Z
sensor.shelly_plug_sg3_wk_waschmaschine_wk_waschmaschine_leistung,139.5,2026-05-27T16:33:05.996Z
sensor.shelly_plug_sg3_wk_waschmaschine_wk_waschmaschine_leistung,122.1,2026-05-27T16:33:08.052Z
sensor.shelly_plug_sg3_wk_waschmaschine_wk_waschmaschine_leistung,137.5,2026-05-27T16:33:09.080Z
sensor.shelly_plug_sg3_wk_waschmaschine_wk_waschmaschine_leistung,41.0,2026-05-27T16:33:10.108Z
sensor.shelly_plug_sg3_wk_waschmaschine_wk_waschmaschine_leistung,3.7,2026-05-27T16:33:11.137Z
sensor.shelly_plug_sg3_wk_waschmaschine_wk_waschmaschine_leistung,5.2,2026-05-27T16:33:18.326Z
sensor.shelly_plug_sg3_wk_waschmaschine_wk_waschmaschine_leistung,156.6,2026-05-27T16:33:19.361Z
sensor.shelly_plug_sg3_wk_waschmaschine_wk_waschmaschine_leistung,143.2,2026-05-27T16:33:20.389Z
sensor.shelly_plug_sg3_wk_waschmaschine_wk_waschmaschine_leistung,158.2,2026-05-27T16:33:21.417Z
sensor.shelly_plug_sg3_wk_waschmaschine_wk_waschmaschine_leistung,143.7,2026-05-27T16:33:22.446Z
sensor.shelly_plug_sg3_wk_waschmaschine_wk_waschmaschine_leistung,157.9,2026-05-27T16:33:23.474Z
sensor.shelly_plug_sg3_wk_waschmaschine_wk_waschmaschine_leistung,145.4,2026-05-27T16:33:24.507Z
sensor.shelly_plug_sg3_wk_waschmaschine_wk_waschmaschine_leistung,97.2,2026-05-27T16:33:25.533Z
sensor.shelly_plug_sg3_wk_waschmaschine_wk_waschmaschine_leistung,3.6,2026-05-27T16:33:26.558Z
sensor.shelly_plug_sg3_wk_waschmaschine_wk_waschmaschine_leistung,41.4,2026-05-27T16:33:33.754Z
sensor.shelly_plug_sg3_wk_waschmaschine_wk_waschmaschine_leistung,115.6,2026-05-27T16:33:34.782Z
sensor.shelly_plug_sg3_wk_waschmaschine_wk_waschmaschine_leistung,134.3,2026-05-27T16:33:35.810Z
sensor.shelly_plug_sg3_wk_waschmaschine_wk_waschmaschine_leistung,123.8,2026-05-27T16:33:36.839Z
sensor.shelly_plug_sg3_wk_waschmaschine_wk_waschmaschine_leistung,138.8,2026-05-27T16:33:37.869Z
sensor.shelly_plug_sg3_wk_waschmaschine_wk_waschmaschine_leistung,24.2,2026-05-27T16:33:40.950Z
sensor.shelly_plug_sg3_wk_waschmaschine_wk_waschmaschine_leistung,3.9,2026-05-27T16:33:41.979Z
sensor.shelly_plug_sg3_wk_waschmaschine_wk_waschmaschine_leistung,7.5,2026-05-27T16:33:49.165Z
sensor.shelly_plug_sg3_wk_waschmaschine_wk_waschmaschine_leistung,107.1,2026-05-27T16:33:50.202Z
sensor.shelly_plug_sg3_wk_waschmaschine_wk_waschmaschine_leistung,150.8,2026-05-27T16:33:51.231Z
sensor.shelly_plug_sg3_wk_waschmaschine_wk_waschmaschine_leistung,88.8,2026-05-27T16:33:56.372Z
sensor.shelly_plug_sg3_wk_waschmaschine_wk_waschmaschine_leistung,4.2,2026-05-27T16:33:57.400Z
sensor.shelly_plug_sg3_wk_waschmaschine_wk_waschmaschine_leistung,3.5,2026-05-27T16:34:00.054Z
sensor.shelly_plug_sg3_wk_waschmaschine_wk_waschmaschine_leistung,47.7,2026-05-27T16:34:05.621Z
sensor.shelly_plug_sg3_wk_waschmaschine_wk_waschmaschine_leistung,132.5,2026-05-27T16:34:06.649Z
sensor.shelly_plug_sg3_wk_waschmaschine_wk_waschmaschine_leistung,140.1,2026-05-27T16:34:09.736Z
sensor.shelly_plug_sg3_wk_waschmaschine_wk_waschmaschine_leistung,155.4,2026-05-27T16:34:11.788Z
sensor.shelly_plug_sg3_wk_waschmaschine_wk_waschmaschine_leistung,13.5,2026-05-27T16:34:12.817Z
sensor.shelly_plug_sg3_wk_waschmaschine_wk_waschmaschine_leistung,3.6,2026-05-27T16:34:13.845Z
sensor.shelly_plug_sg3_wk_waschmaschine_wk_waschmaschine_leistung,130.8,2026-05-27T16:34:21.053Z
sensor.shelly_plug_sg3_wk_waschmaschine_wk_waschmaschine_leistung,157.9,2026-05-27T16:34:22.070Z
sensor.shelly_plug_sg3_wk_waschmaschine_wk_waschmaschine_leistung,139.5,2026-05-27T16:34:27.210Z
sensor.shelly_plug_sg3_wk_waschmaschine_wk_waschmaschine_leistung,4.0,2026-05-27T16:34:28.236Z
sensor.shelly_plug_sg3_wk_waschmaschine_wk_waschmaschine_leistung,61.1,2026-05-27T16:34:36.462Z
sensor.shelly_plug_sg3_wk_waschmaschine_wk_waschmaschine_leistung,133.1,2026-05-27T16:34:37.491Z
sensor.shelly_plug_sg3_wk_waschmaschine_wk_waschmaschine_leistung,124.2,2026-05-27T16:34:38.517Z
sensor.shelly_plug_sg3_wk_waschmaschine_wk_waschmaschine_leistung,131.2,2026-05-27T16:34:39.546Z
sensor.shelly_plug_sg3_wk_waschmaschine_wk_waschmaschine_leistung,123.3,2026-05-27T16:34:40.574Z
sensor.shelly_plug_sg3_wk_waschmaschine_wk_waschmaschine_leistung,144.5,2026-05-27T16:34:41.601Z
sensor.shelly_plug_sg3_wk_waschmaschine_wk_waschmaschine_leistung,116.6,2026-05-27T16:34:42.642Z
sensor.shelly_plug_sg3_wk_waschmaschine_wk_waschmaschine_leistung,9.5,2026-05-27T16:34:43.658Z
sensor.shelly_plug_sg3_wk_waschmaschine_wk_waschmaschine_leistung,3.8,2026-05-27T16:34:44.686Z
sensor.shelly_plug_sg3_wk_waschmaschine_wk_waschmaschine_leistung,20.0,2026-05-27T16:34:51.883Z
sensor.shelly_plug_sg3_wk_waschmaschine_wk_waschmaschine_leistung,133.0,2026-05-27T16:34:52.910Z
sensor.shelly_plug_sg3_wk_waschmaschine_wk_waschmaschine_leistung,142.2,2026-05-27T16:34:53.938Z
sensor.shelly_plug_sg3_wk_waschmaschine_wk_waschmaschine_leistung,161.4,2026-05-27T16:34:54.966Z
sensor.shelly_plug_sg3_wk_waschmaschine_wk_waschmaschine_leistung,151.1,2026-05-27T16:34:55.994Z
sensor.shelly_plug_sg3_wk_waschmaschine_wk_waschmaschine_leistung,61.2,2026-05-27T16:34:59.078Z
sensor.shelly_plug_sg3_wk_waschmaschine_wk_waschmaschine_leistung,3.9,2026-05-27T16:35:00.107Z
sensor.shelly_plug_sg3_wk_waschmaschine_wk_waschmaschine_leistung,146.7,2026-05-27T16:35:08.330Z
sensor.shelly_plug_sg3_wk_waschmaschine_wk_waschmaschine_leistung,118.4,2026-05-27T16:35:09.358Z
sensor.shelly_plug_sg3_wk_waschmaschine_wk_waschmaschine_leistung,144.7,2026-05-27T16:35:10.386Z
sensor.shelly_plug_sg3_wk_waschmaschine_wk_waschmaschine_leistung,136.0,2026-05-27T16:35:11.415Z
sensor.shelly_plug_sg3_wk_waschmaschine_wk_waschmaschine_leistung,144.8,2026-05-27T16:35:12.446Z
sensor.shelly_plug_sg3_wk_waschmaschine_wk_waschmaschine_leistung,110.2,2026-05-27T16:35:14.499Z
sensor.shelly_plug_sg3_wk_waschmaschine_wk_waschmaschine_leistung,3.6,2026-05-27T16:35:15.530Z
sensor.shelly_plug_sg3_wk_waschmaschine_wk_waschmaschine_leistung,30.1,2026-05-27T16:35:22.722Z
sensor.shelly_plug_sg3_wk_waschmaschine_wk_waschmaschine_leistung,133.3,2026-05-27T16:35:23.750Z
sensor.shelly_plug_sg3_wk_waschmaschine_wk_waschmaschine_leistung,165.5,2026-05-27T16:35:24.779Z
sensor.shelly_plug_sg3_wk_waschmaschine_wk_waschmaschine_leistung,146.4,2026-05-27T16:35:25.807Z
sensor.shelly_plug_sg3_wk_waschmaschine_wk_waschmaschine_leistung,154.9,2026-05-27T16:35:27.862Z
sensor.shelly_plug_sg3_wk_waschmaschine_wk_waschmaschine_leistung,40.4,2026-05-27T16:35:29.918Z
sensor.shelly_plug_sg3_wk_waschmaschine_wk_waschmaschine_leistung,3.7,2026-05-27T16:35:30.946Z
sensor.shelly_plug_sg3_wk_waschmaschine_wk_waschmaschine_leistung,72.7,2026-05-27T16:35:39.170Z
sensor.shelly_plug_sg3_wk_waschmaschine_wk_waschmaschine_leistung,137.9,2026-05-27T16:35:40.202Z
sensor.shelly_plug_sg3_wk_waschmaschine_wk_waschmaschine_leistung,97.3,2026-05-27T16:35:45.338Z
sensor.shelly_plug_sg3_wk_waschmaschine_wk_waschmaschine_leistung,5.9,2026-05-27T16:35:46.366Z
sensor.shelly_plug_sg3_wk_waschmaschine_wk_waschmaschine_leistung,3.6,2026-05-27T16:35:47.394Z
sensor.shelly_plug_sg3_wk_waschmaschine_wk_waschmaschine_leistung,41.1,2026-05-27T16:35:54.590Z
sensor.shelly_plug_sg3_wk_waschmaschine_wk_waschmaschine_leistung,157.4,2026-05-27T16:35:55.618Z
sensor.shelly_plug_sg3_wk_waschmaschine_wk_waschmaschine_leistung,148.2,2026-05-27T16:35:59.730Z
sensor.shelly_plug_sg3_wk_waschmaschine_wk_waschmaschine_leistung,27.0,2026-05-27T16:36:01.786Z
sensor.shelly_plug_sg3_wk_waschmaschine_wk_waschmaschine_leistung,3.6,2026-05-27T16:36:02.816Z
sensor.shelly_plug_sg3_wk_waschmaschine_wk_waschmaschine_leistung,86.8,2026-05-27T16:36:10.010Z
sensor.shelly_plug_sg3_wk_waschmaschine_wk_waschmaschine_leistung,137.3,2026-05-27T16:36:11.039Z
sensor.shelly_plug_sg3_wk_waschmaschine_wk_waschmaschine_leistung,144.9,2026-05-27T16:36:14.122Z
sensor.shelly_plug_sg3_wk_waschmaschine_wk_waschmaschine_leistung,127.8,2026-05-27T16:36:15.156Z
sensor.shelly_plug_sg3_wk_waschmaschine_wk_waschmaschine_leistung,147.1,2026-05-27T16:36:16.179Z
sensor.shelly_plug_sg3_wk_waschmaschine_wk_waschmaschine_leistung,5.1,2026-05-27T16:36:17.207Z
sensor.shelly_plug_sg3_wk_waschmaschine_wk_waschmaschine_leistung,3.6,2026-05-27T16:36:18.238Z
sensor.shelly_plug_sg3_wk_waschmaschine_wk_waschmaschine_leistung,50.5,2026-05-27T16:36:25.432Z
sensor.shelly_plug_sg3_wk_waschmaschine_wk_waschmaschine_leistung,146.6,2026-05-27T16:36:26.462Z
sensor.shelly_plug_sg3_wk_waschmaschine_wk_waschmaschine_leistung,156.8,2026-05-27T16:36:28.516Z
sensor.shelly_plug_sg3_wk_waschmaschine_wk_waschmaschine_leistung,141.6,2026-05-27T16:36:30.577Z
sensor.shelly_plug_sg3_wk_waschmaschine_wk_waschmaschine_leistung,19.1,2026-05-27T16:36:32.631Z
sensor.shelly_plug_sg3_wk_waschmaschine_wk_waschmaschine_leistung,3.6,2026-05-27T16:36:33.658Z
sensor.shelly_plug_sg3_wk_waschmaschine_wk_waschmaschine_leistung,9.2,2026-05-27T16:36:40.852Z
sensor.shelly_plug_sg3_wk_waschmaschine_wk_waschmaschine_leistung,96.8,2026-05-27T16:36:41.880Z
sensor.shelly_plug_sg3_wk_waschmaschine_wk_waschmaschine_leistung,129.1,2026-05-27T16:36:42.908Z
sensor.shelly_plug_sg3_wk_waschmaschine_wk_waschmaschine_leistung,138.0,2026-05-27T16:36:43.937Z
sensor.shelly_plug_sg3_wk_waschmaschine_wk_waschmaschine_leistung,151.1,2026-05-27T16:36:45.993Z
sensor.shelly_plug_sg3_wk_waschmaschine_wk_waschmaschine_leistung,135.8,2026-05-27T16:36:47.021Z
sensor.shelly_plug_sg3_wk_waschmaschine_wk_waschmaschine_leistung,78.3,2026-05-27T16:36:48.049Z
sensor.shelly_plug_sg3_wk_waschmaschine_wk_waschmaschine_leistung,4.2,2026-05-27T16:36:49.077Z
sensor.shelly_plug_sg3_wk_waschmaschine_wk_waschmaschine_leistung,157.1,2026-05-27T16:36:57.300Z
sensor.shelly_plug_sg3_wk_waschmaschine_wk_waschmaschine_leistung,139.9,2026-05-27T16:36:58.328Z
sensor.shelly_plug_sg3_wk_waschmaschine_wk_waschmaschine_leistung,160.6,2026-05-27T16:36:59.356Z
sensor.shelly_plug_sg3_wk_waschmaschine_wk_waschmaschine_leistung,144.6,2026-05-27T16:37:00.385Z
sensor.shelly_plug_sg3_wk_waschmaschine_wk_waschmaschine_leistung,155.7,2026-05-27T16:37:02.441Z
sensor.shelly_plug_sg3_wk_waschmaschine_wk_waschmaschine_leistung,128.2,2026-05-27T16:37:03.469Z
sensor.shelly_plug_sg3_wk_waschmaschine_wk_waschmaschine_leistung,3.6,2026-05-27T16:37:04.499Z
sensor.shelly_plug_sg3_wk_waschmaschine_wk_waschmaschine_leistung,15.0,2026-05-27T16:37:11.692Z
sensor.shelly_plug_sg3_wk_waschmaschine_wk_waschmaschine_leistung,101.5,2026-05-27T16:37:12.721Z
sensor.shelly_plug_sg3_wk_waschmaschine_wk_waschmaschine_leistung,132.1,2026-05-27T16:37:13.751Z
sensor.shelly_plug_sg3_wk_waschmaschine_wk_waschmaschine_leistung,154.0,2026-05-27T16:37:16.832Z
sensor.shelly_plug_sg3_wk_waschmaschine_wk_waschmaschine_leistung,127.2,2026-05-27T16:37:17.861Z
sensor.shelly_plug_sg3_wk_waschmaschine_wk_waschmaschine_leistung,68.2,2026-05-27T16:37:18.889Z
sensor.shelly_plug_sg3_wk_waschmaschine_wk_waschmaschine_leistung,4.3,2026-05-27T16:37:19.919Z
sensor.shelly_plug_sg3_wk_waschmaschine_wk_waschmaschine_leistung,71.7,2026-05-27T16:37:28.140Z
sensor.shelly_plug_sg3_wk_waschmaschine_wk_waschmaschine_leistung,169.4,2026-05-27T16:37:29.169Z
sensor.shelly_plug_sg3_wk_waschmaschine_wk_waschmaschine_leistung,144.7,2026-05-27T16:37:30.197Z
sensor.shelly_plug_sg3_wk_waschmaschine_wk_waschmaschine_leistung,157.7,2026-05-27T16:37:31.225Z
sensor.shelly_plug_sg3_wk_waschmaschine_wk_waschmaschine_leistung,148.1,2026-05-27T16:37:33.281Z
sensor.shelly_plug_sg3_wk_waschmaschine_wk_waschmaschine_leistung,132.4,2026-05-27T16:37:34.310Z
sensor.shelly_plug_sg3_wk_waschmaschine_wk_waschmaschine_leistung,8.3,2026-05-27T16:37:35.338Z
sensor.shelly_plug_sg3_wk_waschmaschine_wk_waschmaschine_leistung,3.5,2026-05-27T16:37:36.366Z
sensor.shelly_plug_sg3_wk_waschmaschine_wk_waschmaschine_leistung,23.7,2026-05-27T16:37:43.562Z
sensor.shelly_plug_sg3_wk_waschmaschine_wk_waschmaschine_leistung,129.1,2026-05-27T16:37:44.592Z
sensor.shelly_plug_sg3_wk_waschmaschine_wk_waschmaschine_leistung,139.5,2026-05-27T16:37:48.705Z
sensor.shelly_plug_sg3_wk_waschmaschine_wk_waschmaschine_leistung,55.1,2026-05-27T16:37:50.759Z
sensor.shelly_plug_sg3_wk_waschmaschine_wk_waschmaschine_leistung,3.6,2026-05-27T16:37:51.786Z
sensor.shelly_plug_sg3_wk_waschmaschine_wk_waschmaschine_leistung,85.7,2026-05-27T16:37:58.982Z
sensor.shelly_plug_sg3_wk_waschmaschine_wk_waschmaschine_leistung,163.5,2026-05-27T16:38:00.010Z
sensor.shelly_plug_sg3_wk_waschmaschine_wk_waschmaschine_leistung,150.8,2026-05-27T16:38:02.066Z
sensor.shelly_plug_sg3_wk_waschmaschine_wk_waschmaschine_leistung,6.1,2026-05-27T16:38:06.177Z
sensor.shelly_plug_sg3_wk_waschmaschine_wk_waschmaschine_leistung,3.6,2026-05-27T16:38:07.208Z
sensor.shelly_plug_sg3_wk_waschmaschine_wk_waschmaschine_leistung,32.0,2026-05-27T16:38:14.403Z
sensor.shelly_plug_sg3_wk_waschmaschine_wk_waschmaschine_leistung,120.9,2026-05-27T16:38:15.430Z
sensor.shelly_plug_sg3_wk_waschmaschine_wk_waschmaschine_leistung,138.7,2026-05-27T16:38:17.486Z
sensor.shelly_plug_sg3_wk_waschmaschine_wk_waschmaschine_leistung,37.2,2026-05-27T16:38:21.598Z
sensor.shelly_plug_sg3_wk_waschmaschine_wk_waschmaschine_leistung,3.9,2026-05-27T16:38:22.625Z
sensor.shelly_plug_sg3_wk_waschmaschine_wk_waschmaschine_leistung,13.5,2026-05-27T16:38:23.644Z
sensor.shelly_plug_sg3_wk_waschmaschine_wk_waschmaschine_leistung,125.0,2026-05-27T16:38:24.684Z
sensor.shelly_plug_sg3_wk_waschmaschine_wk_waschmaschine_leistung,151.5,2026-05-27T16:38:25.710Z
sensor.shelly_plug_sg3_wk_waschmaschine_wk_waschmaschine_leistung,142.8,2026-05-27T16:38:29.815Z
sensor.shelly_plug_sg3_wk_waschmaschine_wk_waschmaschine_leistung,159.1,2026-05-27T16:38:30.852Z
sensor.shelly_plug_sg3_wk_waschmaschine_wk_waschmaschine_leistung,3.9,2026-05-27T16:38:31.878Z
sensor.shelly_plug_sg3_wk_waschmaschine_wk_waschmaschine_leistung,57.6,2026-05-27T16:38:40.102Z
sensor.shelly_plug_sg3_wk_waschmaschine_wk_waschmaschine_leistung,122.1,2026-05-27T16:38:41.130Z
sensor.shelly_plug_sg3_wk_waschmaschine_wk_waschmaschine_leistung,142.8,2026-05-27T16:38:43.199Z
sensor.shelly_plug_sg3_wk_waschmaschine_wk_waschmaschine_leistung,118.6,2026-05-27T16:38:46.271Z
sensor.shelly_plug_sg3_wk_waschmaschine_wk_waschmaschine_leistung,9.2,2026-05-27T16:38:47.298Z
sensor.shelly_plug_sg3_wk_waschmaschine_wk_waschmaschine_leistung,3.7,2026-05-27T16:38:48.328Z
sensor.shelly_plug_sg3_wk_waschmaschine_wk_waschmaschine_leistung,21.8,2026-05-27T16:38:55.522Z
sensor.shelly_plug_sg3_wk_waschmaschine_wk_waschmaschine_leistung,146.4,2026-05-27T16:38:56.550Z
sensor.shelly_plug_sg3_wk_waschmaschine_wk_waschmaschine_leistung,156.6,2026-05-27T16:38:58.606Z
sensor.shelly_plug_sg3_wk_waschmaschine_wk_waschmaschine_leistung,159.8,2026-05-27T16:39:00.041Z
sensor.shelly_plug_sg3_wk_waschmaschine_wk_waschmaschine_leistung,145.8,2026-05-27T16:39:01.692Z
sensor.shelly_plug_sg3_wk_waschmaschine_wk_waschmaschine_leistung,61.7,2026-05-27T16:39:02.718Z
sensor.shelly_plug_sg3_wk_waschmaschine_wk_waschmaschine_leistung,3.6,2026-05-27T16:39:03.746Z
sensor.shelly_plug_sg3_wk_waschmaschine_wk_waschmaschine_leistung,71.0,2026-05-27T16:39:10.941Z
sensor.shelly_plug_sg3_wk_waschmaschine_wk_waschmaschine_leistung,132.5,2026-05-27T16:39:11.971Z
sensor.shelly_plug_sg3_wk_waschmaschine_wk_waschmaschine_leistung,147.4,2026-05-27T16:39:15.054Z
sensor.shelly_plug_sg3_wk_waschmaschine_wk_waschmaschine_leistung,134.1,2026-05-27T16:39:17.112Z
sensor.shelly_plug_sg3_wk_waschmaschine_wk_waschmaschine_leistung,7.1,2026-05-27T16:39:18.138Z
sensor.shelly_plug_sg3_wk_waschmaschine_wk_waschmaschine_leistung,3.7,2026-05-27T16:39:19.167Z
sensor.shelly_plug_sg3_wk_waschmaschine_wk_waschmaschine_leistung,32.0,2026-05-27T16:39:26.364Z
sensor.shelly_plug_sg3_wk_waschmaschine_wk_waschmaschine_leistung,148.1,2026-05-27T16:39:27.391Z
sensor.shelly_plug_sg3_wk_waschmaschine_wk_waschmaschine_leistung,46.8,2026-05-27T16:39:33.558Z
sensor.shelly_plug_sg3_wk_waschmaschine_wk_waschmaschine_leistung,3.7,2026-05-27T16:39:34.587Z
sensor.shelly_plug_sg3_wk_waschmaschine_wk_waschmaschine_leistung,4.8,2026-05-27T16:39:41.773Z
sensor.shelly_plug_sg3_wk_waschmaschine_wk_waschmaschine_leistung,81.8,2026-05-27T16:39:42.811Z
sensor.shelly_plug_sg3_wk_waschmaschine_wk_waschmaschine_leistung,127.8,2026-05-27T16:39:43.839Z
sensor.shelly_plug_sg3_wk_waschmaschine_wk_waschmaschine_leistung,135.9,2026-05-27T16:39:44.870Z
sensor.shelly_plug_sg3_wk_waschmaschine_wk_waschmaschine_leistung,145.1,2026-05-27T16:39:46.929Z
sensor.shelly_plug_sg3_wk_waschmaschine_wk_waschmaschine_leistung,99.7,2026-05-27T16:39:48.980Z
sensor.shelly_plug_sg3_wk_waschmaschine_wk_waschmaschine_leistung,5.7,2026-05-27T16:39:50.008Z
sensor.shelly_plug_sg3_wk_waschmaschine_wk_waschmaschine_leistung,3.6,2026-05-27T16:39:51.036Z
sensor.shelly_plug_sg3_wk_waschmaschine_wk_waschmaschine_leistung,143.6,2026-05-27T16:39:58.232Z
sensor.shelly_plug_sg3_wk_waschmaschine_wk_waschmaschine_leistung,158.6,2026-05-27T16:39:59.261Z
sensor.shelly_plug_sg3_wk_waschmaschine_wk_waschmaschine_leistung,149.9,2026-05-27T16:40:00.289Z
sensor.shelly_plug_sg3_wk_waschmaschine_wk_waschmaschine_leistung,158.3,2026-05-27T16:40:03.365Z
sensor.shelly_plug_sg3_wk_waschmaschine_wk_waschmaschine_leistung,147.0,2026-05-27T16:40:04.392Z
sensor.shelly_plug_sg3_wk_waschmaschine_wk_waschmaschine_leistung,3.7,2026-05-27T16:40:05.430Z
sensor.shelly_plug_sg3_wk_waschmaschine_wk_waschmaschine_leistung,6.6,2026-05-27T16:40:12.615Z
sensor.shelly_plug_sg3_wk_waschmaschine_wk_waschmaschine_leistung,91.2,2026-05-27T16:40:13.653Z
sensor.shelly_plug_sg3_wk_waschmaschine_wk_waschmaschine_leistung,145.2,2026-05-27T16:40:14.681Z
sensor.shelly_plug_sg3_wk_waschmaschine_wk_waschmaschine_leistung,123.6,2026-05-27T16:40:15.709Z
sensor.shelly_plug_sg3_wk_waschmaschine_wk_waschmaschine_leistung,132.0,2026-05-27T16:40:16.738Z
sensor.shelly_plug_sg3_wk_waschmaschine_wk_waschmaschine_leistung,153.9,2026-05-27T16:40:18.794Z
sensor.shelly_plug_sg3_wk_waschmaschine_wk_waschmaschine_leistung,94.4,2026-05-27T16:40:19.822Z
sensor.shelly_plug_sg3_wk_waschmaschine_wk_waschmaschine_leistung,5.1,2026-05-27T16:40:20.850Z
sensor.shelly_plug_sg3_wk_waschmaschine_wk_waschmaschine_leistung,3.7,2026-05-27T16:40:21.878Z
sensor.shelly_plug_sg3_wk_waschmaschine_wk_waschmaschine_leistung,34.7,2026-05-27T16:40:23.935Z
sensor.shelly_plug_sg3_wk_waschmaschine_wk_waschmaschine_leistung,31.5,2026-05-27T16:40:24.963Z
sensor.shelly_plug_sg3_wk_waschmaschine_wk_waschmaschine_leistung,26.1,2026-05-27T16:40:25.991Z
sensor.shelly_plug_sg3_wk_waschmaschine_wk_waschmaschine_leistung,77.3,2026-05-27T16:40:29.075Z
sensor.shelly_plug_sg3_wk_waschmaschine_wk_waschmaschine_leistung,179.1,2026-05-27T16:40:30.104Z
sensor.shelly_plug_sg3_wk_waschmaschine_wk_waschmaschine_leistung,192.6,2026-05-27T16:40:31.132Z
sensor.shelly_plug_sg3_wk_waschmaschine_wk_waschmaschine_leistung,172.2,2026-05-27T16:40:32.160Z
sensor.shelly_plug_sg3_wk_waschmaschine_wk_waschmaschine_leistung,163.6,2026-05-27T16:40:34.218Z
sensor.shelly_plug_sg3_wk_waschmaschine_wk_waschmaschine_leistung,153.6,2026-05-27T16:40:35.244Z
sensor.shelly_plug_sg3_wk_waschmaschine_wk_waschmaschine_leistung,38.7,2026-05-27T16:40:36.272Z
sensor.shelly_plug_sg3_wk_waschmaschine_wk_waschmaschine_leistung,25.9,2026-05-27T16:40:37.301Z
sensor.shelly_plug_sg3_wk_waschmaschine_wk_waschmaschine_leistung,33.0,2026-05-27T16:40:44.495Z
sensor.shelly_plug_sg3_wk_waschmaschine_wk_waschmaschine_leistung,136.9,2026-05-27T16:40:45.524Z
sensor.shelly_plug_sg3_wk_waschmaschine_wk_waschmaschine_leistung,82.2,2026-05-27T16:40:51.691Z
sensor.shelly_plug_sg3_wk_waschmaschine_wk_waschmaschine_leistung,26.2,2026-05-27T16:40:52.720Z
sensor.shelly_plug_sg3_wk_waschmaschine_wk_waschmaschine_leistung,20.6,2026-05-27T16:40:55.795Z
sensor.shelly_plug_sg3_wk_waschmaschine_wk_waschmaschine_leistung,17.1,2026-05-27T16:40:56.832Z
sensor.shelly_plug_sg3_wk_waschmaschine_wk_waschmaschine_leistung,60.3,2026-05-27T16:40:59.918Z
sensor.shelly_plug_sg3_wk_waschmaschine_wk_waschmaschine_leistung,128.6,2026-05-27T16:41:00.947Z
sensor.shelly_plug_sg3_wk_waschmaschine_wk_waschmaschine_leistung,121.5,2026-05-27T16:41:01.972Z
sensor.shelly_plug_sg3_wk_waschmaschine_wk_waschmaschine_leistung,114.9,2026-05-27T16:41:04.020Z
sensor.shelly_plug_sg3_wk_waschmaschine_wk_waschmaschine_leistung,9.4,2026-05-27T16:41:07.113Z
sensor.shelly_plug_sg3_wk_waschmaschine_wk_waschmaschine_leistung,3.7,2026-05-27T16:41:08.167Z
sensor.shelly_plug_sg3_wk_waschmaschine_wk_waschmaschine_leistung,19.4,2026-05-27T16:41:09.170Z
sensor.shelly_plug_sg3_wk_waschmaschine_wk_waschmaschine_leistung,24.8,2026-05-27T16:41:10.189Z
sensor.shelly_plug_sg3_wk_waschmaschine_wk_waschmaschine_leistung,23.2,2026-05-27T16:41:11.217Z
sensor.shelly_plug_sg3_wk_waschmaschine_wk_waschmaschine_leistung,20.0,2026-05-27T16:41:13.274Z
sensor.shelly_plug_sg3_wk_waschmaschine_wk_waschmaschine_leistung,18.3,2026-05-27T16:41:14.301Z
sensor.shelly_plug_sg3_wk_waschmaschine_wk_waschmaschine_leistung,30.5,2026-05-27T16:41:15.339Z
sensor.shelly_plug_sg3_wk_waschmaschine_wk_waschmaschine_leistung,32.2,2026-05-27T16:41:16.367Z
sensor.shelly_plug_sg3_wk_waschmaschine_wk_waschmaschine_leistung,18.6,2026-05-27T16:41:17.398Z
sensor.shelly_plug_sg3_wk_waschmaschine_wk_waschmaschine_leistung,32.0,2026-05-27T16:41:18.426Z
sensor.shelly_plug_sg3_wk_waschmaschine_wk_waschmaschine_leistung,122.7,2026-05-27T16:41:19.453Z
sensor.shelly_plug_sg3_wk_waschmaschine_wk_waschmaschine_leistung,142.4,2026-05-27T16:41:21.511Z
sensor.shelly_plug_sg3_wk_waschmaschine_wk_waschmaschine_leistung,129.5,2026-05-27T16:41:22.537Z
sensor.shelly_plug_sg3_wk_waschmaschine_wk_waschmaschine_leistung,112.3,2026-05-27T16:41:23.565Z
sensor.shelly_plug_sg3_wk_waschmaschine_wk_waschmaschine_leistung,65.1,2026-05-27T16:41:25.621Z
sensor.shelly_plug_sg3_wk_waschmaschine_wk_waschmaschine_leistung,60.9,2026-05-27T16:41:26.640Z
sensor.shelly_plug_sg3_wk_waschmaschine_wk_waschmaschine_leistung,55.9,2026-05-27T16:41:28.705Z
sensor.shelly_plug_sg3_wk_waschmaschine_wk_waschmaschine_leistung,51.9,2026-05-27T16:41:30.754Z
sensor.shelly_plug_sg3_wk_waschmaschine_wk_waschmaschine_leistung,46.9,2026-05-27T16:41:32.809Z
sensor.shelly_plug_sg3_wk_waschmaschine_wk_waschmaschine_leistung,44.4,2026-05-27T16:41:34.874Z
sensor.shelly_plug_sg3_wk_waschmaschine_wk_waschmaschine_leistung,25.5,2026-05-27T16:41:35.902Z
sensor.shelly_plug_sg3_wk_waschmaschine_wk_waschmaschine_leistung,21.0,2026-05-27T16:41:36.924Z
sensor.shelly_plug_sg3_wk_waschmaschine_wk_waschmaschine_leistung,19.7,2026-05-27T16:41:38.979Z
sensor.shelly_plug_sg3_wk_waschmaschine_wk_waschmaschine_leistung,3.6,2026-05-27T16:41:40.017Z
sensor.shelly_plug_sg3_wk_waschmaschine_wk_waschmaschine_leistung,3.5,2026-05-27T16:42:00.034Z
sensor.shelly_plug_sg3_wk_waschmaschine_wk_waschmaschine_leistung,44.6,2026-05-27T16:42:08.794Z
sensor.shelly_plug_sg3_wk_waschmaschine_wk_waschmaschine_leistung,108.7,2026-05-27T16:42:09.825Z
sensor.shelly_plug_sg3_wk_waschmaschine_wk_waschmaschine_leistung,101.0,2026-05-27T16:42:10.853Z
sensor.shelly_plug_sg3_wk_waschmaschine_wk_waschmaschine_leistung,128.9,2026-05-27T16:42:11.879Z
sensor.shelly_plug_sg3_wk_waschmaschine_wk_waschmaschine_leistung,109.1,2026-05-27T16:42:12.909Z
sensor.shelly_plug_sg3_wk_waschmaschine_wk_waschmaschine_leistung,99.8,2026-05-27T16:42:14.963Z
sensor.shelly_plug_sg3_wk_waschmaschine_wk_waschmaschine_leistung,79.3,2026-05-27T16:42:15.991Z
sensor.shelly_plug_sg3_wk_waschmaschine_wk_waschmaschine_leistung,73.3,2026-05-27T16:42:18.048Z
sensor.shelly_plug_sg3_wk_waschmaschine_wk_waschmaschine_leistung,61.3,2026-05-27T16:42:19.076Z
sensor.shelly_plug_sg3_wk_waschmaschine_wk_waschmaschine_leistung,47.2,2026-05-27T16:42:20.104Z
sensor.shelly_plug_sg3_wk_waschmaschine_wk_waschmaschine_leistung,37.3,2026-05-27T16:42:21.132Z
sensor.shelly_plug_sg3_wk_waschmaschine_wk_waschmaschine_leistung,39.4,2026-05-27T16:42:23.181Z
sensor.shelly_plug_sg3_wk_waschmaschine_wk_waschmaschine_leistung,28.4,2026-05-27T16:42:26.263Z
sensor.shelly_plug_sg3_wk_waschmaschine_wk_waschmaschine_leistung,15.8,2026-05-27T16:42:27.302Z
sensor.shelly_plug_sg3_wk_waschmaschine_wk_waschmaschine_leistung,10.8,2026-05-27T16:42:29.356Z
sensor.shelly_plug_sg3_wk_waschmaschine_wk_waschmaschine_leistung,3.6,2026-05-27T16:42:30.387Z
sensor.shelly_plug_sg3_wk_waschmaschine_wk_waschmaschine_leistung,52.7,2026-05-27T16:42:36.553Z
sensor.shelly_plug_sg3_wk_waschmaschine_wk_waschmaschine_leistung,85.4,2026-05-27T16:42:37.581Z
sensor.shelly_plug_sg3_wk_waschmaschine_wk_waschmaschine_leistung,76.9,2026-05-27T16:42:38.609Z
sensor.shelly_plug_sg3_wk_waschmaschine_wk_waschmaschine_leistung,4.1,2026-05-27T16:42:41.693Z
sensor.shelly_plug_sg3_wk_waschmaschine_wk_waschmaschine_leistung,111.3,2026-05-27T16:42:44.779Z
sensor.shelly_plug_sg3_wk_waschmaschine_wk_waschmaschine_leistung,91.3,2026-05-27T16:42:45.805Z
sensor.shelly_plug_sg3_wk_waschmaschine_wk_waschmaschine_leistung,81.9,2026-05-27T16:42:47.862Z
sensor.shelly_plug_sg3_wk_waschmaschine_wk_waschmaschine_leistung,64.9,2026-05-27T16:42:48.890Z
sensor.shelly_plug_sg3_wk_waschmaschine_wk_waschmaschine_leistung,4.7,2026-05-27T16:42:49.918Z
sensor.shelly_plug_sg3_wk_waschmaschine_wk_waschmaschine_leistung,3.6,2026-05-27T16:42:50.937Z
sensor.shelly_plug_sg3_wk_waschmaschine_wk_waschmaschine_leistung,66.0,2026-05-27T16:42:53.005Z
sensor.shelly_plug_sg3_wk_waschmaschine_wk_waschmaschine_leistung,103.7,2026-05-27T16:42:54.031Z
sensor.shelly_plug_sg3_wk_waschmaschine_wk_waschmaschine_leistung,98.2,2026-05-27T16:42:55.058Z
sensor.shelly_plug_sg3_wk_waschmaschine_wk_waschmaschine_leistung,115.4,2026-05-27T16:42:56.087Z
sensor.shelly_plug_sg3_wk_waschmaschine_wk_waschmaschine_leistung,107.0,2026-05-27T16:42:57.115Z
sensor.shelly_plug_sg3_wk_waschmaschine_wk_waschmaschine_leistung,94.4,2026-05-27T16:42:58.143Z
sensor.shelly_plug_sg3_wk_waschmaschine_wk_waschmaschine_leistung,71.9,2026-05-27T16:42:59.172Z
sensor.shelly_plug_sg3_wk_waschmaschine_wk_waschmaschine_leistung,75.5,2026-05-27T16:43:00.190Z
sensor.shelly_plug_sg3_wk_waschmaschine_wk_waschmaschine_leistung,48.1,2026-05-27T16:43:02.255Z
sensor.shelly_plug_sg3_wk_waschmaschine_wk_waschmaschine_leistung,41.7,2026-05-27T16:43:03.285Z
sensor.shelly_plug_sg3_wk_waschmaschine_wk_waschmaschine_leistung,38.6,2026-05-27T16:43:06.358Z
sensor.shelly_plug_sg3_wk_waschmaschine_wk_waschmaschine_leistung,259.1,2026-05-27T16:43:10.479Z
sensor.shelly_plug_sg3_wk_waschmaschine_wk_waschmaschine_leistung,74.5,2026-05-27T16:43:12.537Z
sensor.shelly_plug_sg3_wk_waschmaschine_wk_waschmaschine_leistung,36.0,2026-05-27T16:43:13.563Z
sensor.shelly_plug_sg3_wk_waschmaschine_wk_waschmaschine_leistung,72.8,2026-05-27T16:43:14.591Z
sensor.shelly_plug_sg3_wk_waschmaschine_wk_waschmaschine_leistung,42.9,2026-05-27T16:43:15.620Z
sensor.shelly_plug_sg3_wk_waschmaschine_wk_waschmaschine_leistung,3.8,2026-05-27T16:43:16.648Z
sensor.shelly_plug_sg3_wk_waschmaschine_wk_waschmaschine_leistung,9.9,2026-05-27T16:43:45.428Z
sensor.shelly_plug_sg3_wk_waschmaschine_wk_waschmaschine_leistung,23.7,2026-05-27T16:43:46.458Z
sensor.shelly_plug_sg3_wk_waschmaschine_wk_waschmaschine_leistung,25.3,2026-05-27T16:43:50.559Z
sensor.shelly_plug_sg3_wk_waschmaschine_wk_waschmaschine_leistung,19.1,2026-05-27T16:43:54.670Z
sensor.shelly_plug_sg3_wk_waschmaschine_wk_waschmaschine_leistung,16.4,2026-05-27T16:43:55.699Z
sensor.shelly_plug_sg3_wk_waschmaschine_wk_waschmaschine_leistung,16.2,2026-05-27T16:44:00.031Z
sensor.shelly_plug_sg3_wk_waschmaschine_wk_waschmaschine_leistung,99.7,2026-05-27T16:44:17.292Z
sensor.shelly_plug_sg3_wk_waschmaschine_wk_waschmaschine_leistung,82.5,2026-05-27T16:44:18.320Z
sensor.shelly_plug_sg3_wk_waschmaschine_wk_waschmaschine_leistung,76.0,2026-05-27T16:44:19.351Z
sensor.shelly_plug_sg3_wk_waschmaschine_wk_waschmaschine_leistung,70.2,2026-05-27T16:44:20.377Z
sensor.shelly_plug_sg3_wk_waschmaschine_wk_waschmaschine_leistung,48.7,2026-05-27T16:44:23.488Z
sensor.shelly_plug_sg3_wk_waschmaschine_wk_waschmaschine_leistung,51.6,2026-05-27T16:44:24.479Z
sensor.shelly_plug_sg3_wk_waschmaschine_wk_waschmaschine_leistung,48.0,2026-05-27T16:44:25.508Z
sensor.shelly_plug_sg3_wk_waschmaschine_wk_waschmaschine_leistung,37.6,2026-05-27T16:44:26.546Z
sensor.shelly_plug_sg3_wk_waschmaschine_wk_waschmaschine_leistung,35.5,2026-05-27T16:44:27.565Z
sensor.shelly_plug_sg3_wk_waschmaschine_wk_waschmaschine_leistung,30.2,2026-05-27T16:44:28.594Z
sensor.shelly_plug_sg3_wk_waschmaschine_wk_waschmaschine_leistung,15.9,2026-05-27T16:44:29.629Z
sensor.shelly_plug_sg3_wk_waschmaschine_wk_waschmaschine_leistung,10.4,2026-05-27T16:44:31.685Z
sensor.shelly_plug_sg3_wk_waschmaschine_wk_waschmaschine_leistung,3.6,2026-05-27T16:44:32.714Z
sensor.shelly_plug_sg3_wk_waschmaschine_wk_waschmaschine_leistung,40.1,2026-05-27T16:44:34.770Z
sensor.shelly_plug_sg3_wk_waschmaschine_wk_waschmaschine_leistung,58.6,2026-05-27T16:44:35.798Z
sensor.shelly_plug_sg3_wk_waschmaschine_wk_waschmaschine_leistung,65.8,2026-05-27T16:44:36.817Z
sensor.shelly_plug_sg3_wk_waschmaschine_wk_waschmaschine_leistung,55.5,2026-05-27T16:44:37.854Z
sensor.shelly_plug_sg3_wk_waschmaschine_wk_waschmaschine_leistung,60.7,2026-05-27T16:44:38.885Z
sensor.shelly_plug_sg3_wk_waschmaschine_wk_waschmaschine_leistung,37.2,2026-05-27T16:44:39.913Z
sensor.shelly_plug_sg3_wk_waschmaschine_wk_waschmaschine_leistung,4.1,2026-05-27T16:44:40.939Z
sensor.shelly_plug_sg3_wk_waschmaschine_wk_waschmaschine_leistung,6.5,2026-05-27T16:44:44.014Z
sensor.shelly_plug_sg3_wk_waschmaschine_wk_waschmaschine_leistung,70.6,2026-05-27T16:44:45.051Z
sensor.shelly_plug_sg3_wk_waschmaschine_wk_waschmaschine_leistung,57.2,2026-05-27T16:44:46.079Z
sensor.shelly_plug_sg3_wk_waschmaschine_wk_waschmaschine_leistung,7.7,2026-05-27T16:44:49.162Z
sensor.shelly_plug_sg3_wk_waschmaschine_wk_waschmaschine_leistung,3.7,2026-05-27T16:44:50.191Z
sensor.shelly_plug_sg3_wk_waschmaschine_wk_waschmaschine_leistung,7.3,2026-05-27T16:44:52.247Z
sensor.shelly_plug_sg3_wk_waschmaschine_wk_waschmaschine_leistung,82.8,2026-05-27T16:44:53.282Z
sensor.shelly_plug_sg3_wk_waschmaschine_wk_waschmaschine_leistung,75.3,2026-05-27T16:44:54.305Z
sensor.shelly_plug_sg3_wk_waschmaschine_wk_waschmaschine_leistung,83.7,2026-05-27T16:44:55.324Z
sensor.shelly_plug_sg3_wk_waschmaschine_wk_waschmaschine_leistung,76.3,2026-05-27T16:44:59.445Z
sensor.shelly_plug_sg3_wk_waschmaschine_wk_waschmaschine_leistung,52.4,2026-05-27T16:45:00.472Z
sensor.shelly_plug_sg3_wk_waschmaschine_wk_waschmaschine_leistung,57.3,2026-05-27T16:45:02.528Z
sensor.shelly_plug_sg3_wk_waschmaschine_wk_waschmaschine_leistung,63.8,2026-05-27T16:45:03.558Z
sensor.shelly_plug_sg3_wk_waschmaschine_wk_waschmaschine_leistung,43.6,2026-05-27T16:45:05.612Z
sensor.shelly_plug_sg3_wk_waschmaschine_wk_waschmaschine_leistung,36.5,2026-05-27T16:45:06.642Z
sensor.shelly_plug_sg3_wk_waschmaschine_wk_waschmaschine_leistung,41.0,2026-05-27T16:45:08.690Z
sensor.shelly_plug_sg3_wk_waschmaschine_wk_waschmaschine_leistung,18.4,2026-05-27T16:45:09.724Z
sensor.shelly_plug_sg3_wk_waschmaschine_wk_waschmaschine_leistung,16.3,2026-05-27T16:45:12.798Z
sensor.shelly_plug_sg3_wk_waschmaschine_wk_waschmaschine_leistung,3.6,2026-05-27T16:45:13.838Z
sensor.shelly_plug_sg3_wk_waschmaschine_wk_waschmaschine_leistung,11.0,2026-05-27T16:45:17.953Z
sensor.shelly_plug_sg3_wk_waschmaschine_wk_waschmaschine_leistung,72.5,2026-05-27T16:45:18.978Z
sensor.shelly_plug_sg3_wk_waschmaschine_wk_waschmaschine_leistung,63.2,2026-05-27T16:45:20.004Z
sensor.shelly_plug_sg3_wk_waschmaschine_wk_waschmaschine_leistung,59.8,2026-05-27T16:45:22.053Z
sensor.shelly_plug_sg3_wk_waschmaschine_wk_waschmaschine_leistung,50.8,2026-05-27T16:45:23.088Z
sensor.shelly_plug_sg3_wk_waschmaschine_wk_waschmaschine_leistung,3.6,2026-05-27T16:45:24.117Z
sensor.shelly_plug_sg3_wk_waschmaschine_wk_waschmaschine_leistung,63.1,2026-05-27T16:45:27.201Z
sensor.shelly_plug_sg3_wk_waschmaschine_wk_waschmaschine_leistung,67.6,2026-05-27T16:45:28.220Z
sensor.shelly_plug_sg3_wk_waschmaschine_wk_waschmaschine_leistung,59.5,2026-05-27T16:45:29.257Z
sensor.shelly_plug_sg3_wk_waschmaschine_wk_waschmaschine_leistung,56.4,2026-05-27T16:45:30.277Z
sensor.shelly_plug_sg3_wk_waschmaschine_wk_waschmaschine_leistung,15.9,2026-05-27T16:45:31.314Z
sensor.shelly_plug_sg3_wk_waschmaschine_wk_waschmaschine_leistung,3.6,2026-05-27T16:45:32.342Z
sensor.shelly_plug_sg3_wk_waschmaschine_wk_waschmaschine_leistung,77.7,2026-05-27T16:45:35.426Z
sensor.shelly_plug_sg3_wk_waschmaschine_wk_waschmaschine_leistung,90.8,2026-05-27T16:45:37.482Z
sensor.shelly_plug_sg3_wk_waschmaschine_wk_waschmaschine_leistung,75.6,2026-05-27T16:45:39.540Z
sensor.shelly_plug_sg3_wk_waschmaschine_wk_waschmaschine_leistung,71.2,2026-05-27T16:45:40.557Z
sensor.shelly_plug_sg3_wk_waschmaschine_wk_waschmaschine_leistung,64.9,2026-05-27T16:45:42.624Z
sensor.shelly_plug_sg3_wk_waschmaschine_wk_waschmaschine_leistung,55.2,2026-05-27T16:45:43.651Z
sensor.shelly_plug_sg3_wk_waschmaschine_wk_waschmaschine_leistung,43.5,2026-05-27T16:45:44.679Z
sensor.shelly_plug_sg3_wk_waschmaschine_wk_waschmaschine_leistung,39.2,2026-05-27T16:45:45.698Z
sensor.shelly_plug_sg3_wk_waschmaschine_wk_waschmaschine_leistung,37.0,2026-05-27T16:45:46.736Z
sensor.shelly_plug_sg3_wk_waschmaschine_wk_waschmaschine_leistung,35.0,2026-05-27T16:45:50.840Z
sensor.shelly_plug_sg3_wk_waschmaschine_wk_waschmaschine_leistung,16.5,2026-05-27T16:45:52.904Z
sensor.shelly_plug_sg3_wk_waschmaschine_wk_waschmaschine_leistung,14.4,2026-05-27T16:45:54.951Z
sensor.shelly_plug_sg3_wk_waschmaschine_wk_waschmaschine_leistung,4.1,2026-05-27T16:45:55.988Z
sensor.shelly_plug_sg3_wk_waschmaschine_wk_waschmaschine_leistung,3.6,2026-05-27T16:46:00.028Z
sensor.shelly_plug_sg3_wk_waschmaschine_wk_waschmaschine_leistung,40.1,2026-05-27T16:46:01.133Z
sensor.shelly_plug_sg3_wk_waschmaschine_wk_waschmaschine_leistung,62.6,2026-05-27T16:46:02.158Z
sensor.shelly_plug_sg3_wk_waschmaschine_wk_waschmaschine_leistung,58.2,2026-05-27T16:46:03.187Z
sensor.shelly_plug_sg3_wk_waschmaschine_wk_waschmaschine_leistung,53.7,2026-05-27T16:46:04.205Z
sensor.shelly_plug_sg3_wk_waschmaschine_wk_waschmaschine_leistung,26.6,2026-05-27T16:46:06.269Z
sensor.shelly_plug_sg3_wk_waschmaschine_wk_waschmaschine_leistung,4.1,2026-05-27T16:46:07.297Z
sensor.shelly_plug_sg3_wk_waschmaschine_wk_waschmaschine_leistung,13.4,2026-05-27T16:46:09.354Z
sensor.shelly_plug_sg3_wk_waschmaschine_wk_waschmaschine_leistung,84.2,2026-05-27T16:46:10.382Z
sensor.shelly_plug_sg3_wk_waschmaschine_wk_waschmaschine_leistung,62.1,2026-05-27T16:46:11.410Z
sensor.shelly_plug_sg3_wk_waschmaschine_wk_waschmaschine_leistung,57.2,2026-05-27T16:46:12.430Z
sensor.shelly_plug_sg3_wk_waschmaschine_wk_waschmaschine_leistung,46.4,2026-05-27T16:46:14.495Z
sensor.shelly_plug_sg3_wk_waschmaschine_wk_waschmaschine_leistung,3.6,2026-05-27T16:46:15.523Z
sensor.shelly_plug_sg3_wk_waschmaschine_wk_waschmaschine_leistung,74.4,2026-05-27T16:46:18.607Z
sensor.shelly_plug_sg3_wk_waschmaschine_wk_waschmaschine_leistung,65.8,2026-05-27T16:46:19.635Z
sensor.shelly_plug_sg3_wk_waschmaschine_wk_waschmaschine_leistung,101.6,2026-05-27T16:46:20.665Z
sensor.shelly_plug_sg3_wk_waschmaschine_wk_waschmaschine_leistung,88.9,2026-05-27T16:46:21.691Z
sensor.shelly_plug_sg3_wk_waschmaschine_wk_waschmaschine_leistung,69.0,2026-05-27T16:46:22.720Z
sensor.shelly_plug_sg3_wk_waschmaschine_wk_waschmaschine_leistung,59.5,2026-05-27T16:46:24.776Z
sensor.shelly_plug_sg3_wk_waschmaschine_wk_waschmaschine_leistung,47.9,2026-05-27T16:46:25.806Z
sensor.shelly_plug_sg3_wk_waschmaschine_wk_waschmaschine_leistung,41.4,2026-05-27T16:46:28.888Z
sensor.shelly_plug_sg3_wk_waschmaschine_wk_waschmaschine_leistung,37.7,2026-05-27T16:46:31.963Z
sensor.shelly_plug_sg3_wk_waschmaschine_wk_waschmaschine_leistung,35.7,2026-05-27T16:46:35.056Z
sensor.shelly_plug_sg3_wk_waschmaschine_wk_waschmaschine_leistung,18.7,2026-05-27T16:46:36.087Z
sensor.shelly_plug_sg3_wk_waschmaschine_wk_waschmaschine_leistung,16.1,2026-05-27T16:46:38.135Z
sensor.shelly_plug_sg3_wk_waschmaschine_wk_waschmaschine_leistung,4.0,2026-05-27T16:46:39.169Z
sensor.shelly_plug_sg3_wk_waschmaschine_wk_waschmaschine_leistung,52.2,2026-05-27T16:46:44.309Z
sensor.shelly_plug_sg3_wk_waschmaschine_wk_waschmaschine_leistung,70.2,2026-05-27T16:46:45.338Z
sensor.shelly_plug_sg3_wk_waschmaschine_wk_waschmaschine_leistung,56.9,2026-05-27T16:46:46.365Z
sensor.shelly_plug_sg3_wk_waschmaschine_wk_waschmaschine_leistung,16.2,2026-05-27T16:46:49.450Z
sensor.shelly_plug_sg3_wk_waschmaschine_wk_waschmaschine_leistung,3.9,2026-05-27T16:46:50.478Z
sensor.shelly_plug_sg3_wk_waschmaschine_wk_waschmaschine_leistung,43.5,2026-05-27T16:46:52.535Z
sensor.shelly_plug_sg3_wk_waschmaschine_wk_waschmaschine_leistung,78.1,2026-05-27T16:46:53.562Z
sensor.shelly_plug_sg3_wk_waschmaschine_wk_waschmaschine_leistung,66.5,2026-05-27T16:46:54.590Z
sensor.shelly_plug_sg3_wk_waschmaschine_wk_waschmaschine_leistung,59.7,2026-05-27T16:46:55.618Z
sensor.shelly_plug_sg3_wk_waschmaschine_wk_waschmaschine_leistung,63.4,2026-05-27T16:46:56.639Z
sensor.shelly_plug_sg3_wk_waschmaschine_wk_waschmaschine_leistung,37.6,2026-05-27T16:46:57.675Z
sensor.shelly_plug_sg3_wk_waschmaschine_wk_waschmaschine_leistung,3.6,2026-05-27T16:46:58.703Z
sensor.shelly_plug_sg3_wk_waschmaschine_wk_waschmaschine_leistung,51.5,2026-05-27T16:47:01.787Z
sensor.shelly_plug_sg3_wk_waschmaschine_wk_waschmaschine_leistung,74.1,2026-05-27T16:47:02.815Z
sensor.shelly_plug_sg3_wk_waschmaschine_wk_waschmaschine_leistung,95.9,2026-05-27T16:47:03.843Z
sensor.shelly_plug_sg3_wk_waschmaschine_wk_waschmaschine_leistung,73.5,2026-05-27T16:47:05.899Z
sensor.shelly_plug_sg3_wk_waschmaschine_wk_waschmaschine_leistung,62.4,2026-05-27T16:47:08.984Z
sensor.shelly_plug_sg3_wk_waschmaschine_wk_waschmaschine_leistung,46.0,2026-05-27T16:47:10.014Z
sensor.shelly_plug_sg3_wk_waschmaschine_wk_waschmaschine_leistung,40.1,2026-05-27T16:47:13.098Z
sensor.shelly_plug_sg3_wk_waschmaschine_wk_waschmaschine_leistung,36.8,2026-05-27T16:47:15.143Z
sensor.shelly_plug_sg3_wk_waschmaschine_wk_waschmaschine_leistung,82.0,2026-05-27T16:47:18.236Z
sensor.shelly_plug_sg3_wk_waschmaschine_wk_waschmaschine_leistung,301.6,2026-05-27T16:47:19.265Z
sensor.shelly_plug_sg3_wk_waschmaschine_wk_waschmaschine_leistung,39.1,2026-05-27T16:47:20.293Z
sensor.shelly_plug_sg3_wk_waschmaschine_wk_waschmaschine_leistung,23.5,2026-05-27T16:47:21.322Z
sensor.shelly_plug_sg3_wk_waschmaschine_wk_waschmaschine_leistung,30.5,2026-05-27T16:47:23.368Z
sensor.shelly_plug_sg3_wk_waschmaschine_wk_waschmaschine_leistung,52.9,2026-05-27T16:47:24.405Z
sensor.shelly_plug_sg3_wk_waschmaschine_wk_waschmaschine_leistung,49.8,2026-05-27T16:47:25.424Z
sensor.shelly_plug_sg3_wk_waschmaschine_wk_waschmaschine_leistung,44.3,2026-05-27T16:47:26.465Z
sensor.shelly_plug_sg3_wk_waschmaschine_wk_waschmaschine_leistung,58.8,2026-05-27T16:47:28.518Z
sensor.shelly_plug_sg3_wk_waschmaschine_wk_waschmaschine_leistung,68.4,2026-05-27T16:47:29.549Z
sensor.shelly_plug_sg3_wk_waschmaschine_wk_waschmaschine_leistung,72.6,2026-05-27T16:47:32.621Z
sensor.shelly_plug_sg3_wk_waschmaschine_wk_waschmaschine_leistung,81.2,2026-05-27T16:47:34.687Z
sensor.shelly_plug_sg3_wk_waschmaschine_wk_waschmaschine_leistung,85.8,2026-05-27T16:47:36.741Z
sensor.shelly_plug_sg3_wk_waschmaschine_wk_waschmaschine_leistung,90.5,2026-05-27T16:47:39.829Z
sensor.shelly_plug_sg3_wk_waschmaschine_wk_waschmaschine_leistung,95.6,2026-05-27T16:47:41.881Z
sensor.shelly_plug_sg3_wk_waschmaschine_wk_waschmaschine_leistung,101.5,2026-05-27T16:47:44.965Z
sensor.shelly_plug_sg3_wk_waschmaschine_wk_waschmaschine_leistung,109.2,2026-05-27T16:47:47.022Z
sensor.shelly_plug_sg3_wk_waschmaschine_wk_waschmaschine_leistung,118.2,2026-05-27T16:47:49.078Z
sensor.shelly_plug_sg3_wk_waschmaschine_wk_waschmaschine_leistung,125.5,2026-05-27T16:47:51.134Z
sensor.shelly_plug_sg3_wk_waschmaschine_wk_waschmaschine_leistung,136.4,2026-05-27T16:47:53.191Z
sensor.shelly_plug_sg3_wk_waschmaschine_wk_waschmaschine_leistung,144.6,2026-05-27T16:47:55.247Z
sensor.shelly_plug_sg3_wk_waschmaschine_wk_waschmaschine_leistung,122.2,2026-05-27T16:47:56.267Z
sensor.shelly_plug_sg3_wk_waschmaschine_wk_waschmaschine_leistung,110.6,2026-05-27T16:47:57.306Z
sensor.shelly_plug_sg3_wk_waschmaschine_wk_waschmaschine_leistung,101.6,2026-05-27T16:47:59.360Z
sensor.shelly_plug_sg3_wk_waschmaschine_wk_waschmaschine_leistung,116.4,2026-05-27T16:48:00.388Z
sensor.shelly_plug_sg3_wk_waschmaschine_wk_waschmaschine_leistung,135.3,2026-05-27T16:48:01.416Z
sensor.shelly_plug_sg3_wk_waschmaschine_wk_waschmaschine_leistung,156.6,2026-05-27T16:48:02.444Z
sensor.shelly_plug_sg3_wk_waschmaschine_wk_waschmaschine_leistung,174.0,2026-05-27T16:48:03.475Z
sensor.shelly_plug_sg3_wk_waschmaschine_wk_waschmaschine_leistung,194.2,2026-05-27T16:48:04.501Z
sensor.shelly_plug_sg3_wk_waschmaschine_wk_waschmaschine_leistung,204.4,2026-05-27T16:48:07.585Z
sensor.shelly_plug_sg3_wk_waschmaschine_wk_waschmaschine_leistung,181.0,2026-05-27T16:48:08.612Z
sensor.shelly_plug_sg3_wk_waschmaschine_wk_waschmaschine_leistung,164.2,2026-05-27T16:48:09.643Z
sensor.shelly_plug_sg3_wk_waschmaschine_wk_waschmaschine_leistung,155.3,2026-05-27T16:48:10.671Z
sensor.shelly_plug_sg3_wk_waschmaschine_wk_waschmaschine_leistung,180.6,2026-05-27T16:48:13.753Z
sensor.shelly_plug_sg3_wk_waschmaschine_wk_waschmaschine_leistung,246.6,2026-05-27T16:48:14.781Z
sensor.shelly_plug_sg3_wk_waschmaschine_wk_waschmaschine_leistung,274.2,2026-05-27T16:48:15.810Z
sensor.shelly_plug_sg3_wk_waschmaschine_wk_waschmaschine_leistung,295.2,2026-05-27T16:48:16.842Z
sensor.shelly_plug_sg3_wk_waschmaschine_wk_waschmaschine_leistung,310.6,2026-05-27T16:48:17.866Z
sensor.shelly_plug_sg3_wk_waschmaschine_wk_waschmaschine_leistung,330.4,2026-05-27T16:48:18.894Z
sensor.shelly_plug_sg3_wk_waschmaschine_wk_waschmaschine_leistung,296.8,2026-05-27T16:48:20.954Z
sensor.shelly_plug_sg3_wk_waschmaschine_wk_waschmaschine_leistung,186.7,2026-05-27T16:48:21.978Z
sensor.shelly_plug_sg3_wk_waschmaschine_wk_waschmaschine_leistung,150.7,2026-05-27T16:48:23.007Z
sensor.shelly_plug_sg3_wk_waschmaschine_wk_waschmaschine_leistung,126.3,2026-05-27T16:48:24.035Z
sensor.shelly_plug_sg3_wk_waschmaschine_wk_waschmaschine_leistung,111.9,2026-05-27T16:48:25.063Z
sensor.shelly_plug_sg3_wk_waschmaschine_wk_waschmaschine_leistung,105.1,2026-05-27T16:48:26.094Z
sensor.shelly_plug_sg3_wk_waschmaschine_wk_waschmaschine_leistung,118.0,2026-05-27T16:48:28.147Z
sensor.shelly_plug_sg3_wk_waschmaschine_wk_waschmaschine_leistung,138.8,2026-05-27T16:48:29.176Z
sensor.shelly_plug_sg3_wk_waschmaschine_wk_waschmaschine_leistung,148.0,2026-05-27T16:48:30.210Z
sensor.shelly_plug_sg3_wk_waschmaschine_wk_waschmaschine_leistung,158.3,2026-05-27T16:48:32.263Z
sensor.shelly_plug_sg3_wk_waschmaschine_wk_waschmaschine_leistung,146.6,2026-05-27T16:48:36.371Z
sensor.shelly_plug_sg3_wk_waschmaschine_wk_waschmaschine_leistung,98.0,2026-05-27T16:48:46.651Z
sensor.shelly_plug_sg3_wk_waschmaschine_wk_waschmaschine_leistung,16.6,2026-05-27T16:48:47.679Z
sensor.shelly_plug_sg3_wk_waschmaschine_wk_waschmaschine_leistung,7.1,2026-05-27T16:49:26.762Z
sensor.shelly_plug_sg3_wk_waschmaschine_wk_waschmaschine_leistung,3.6,2026-05-27T16:49:27.790Z
sensor.shelly_plug_sg3_wk_waschmaschine_wk_waschmaschine_leistung,8.1,2026-05-27T16:49:42.172Z
sensor.shelly_plug_sg3_wk_waschmaschine_wk_waschmaschine_leistung,10.5,2026-05-27T16:49:48.338Z
sensor.shelly_plug_sg3_wk_waschmaschine_wk_waschmaschine_leistung,36.6,2026-05-27T16:49:49.376Z
sensor.shelly_plug_sg3_wk_waschmaschine_wk_waschmaschine_leistung,16.7,2026-05-27T16:49:50.404Z
sensor.shelly_plug_sg3_wk_waschmaschine_wk_waschmaschine_leistung,18.4,2026-05-27T16:49:51.423Z
sensor.shelly_plug_sg3_wk_waschmaschine_wk_waschmaschine_leistung,11.7,2026-05-27T16:49:52.460Z
sensor.shelly_plug_sg3_wk_waschmaschine_wk_waschmaschine_leistung,40.0,2026-05-27T16:49:57.602Z
sensor.shelly_plug_sg3_wk_waschmaschine_wk_waschmaschine_leistung,14.1,2026-05-27T16:49:58.629Z
sensor.shelly_plug_sg3_wk_waschmaschine_wk_waschmaschine_leistung,20.9,2026-05-27T16:49:59.657Z
sensor.shelly_plug_sg3_wk_waschmaschine_wk_waschmaschine_leistung,22.1,2026-05-27T16:50:04.791Z
sensor.shelly_plug_sg3_wk_waschmaschine_wk_waschmaschine_leistung,21.0,2026-05-27T16:50:05.818Z
sensor.shelly_plug_sg3_wk_waschmaschine_wk_waschmaschine_leistung,16.1,2026-05-27T16:50:06.856Z
sensor.shelly_plug_sg3_wk_waschmaschine_wk_waschmaschine_leistung,11.0,2026-05-27T16:50:07.882Z
sensor.shelly_plug_sg3_wk_waschmaschine_wk_waschmaschine_leistung,32.3,2026-05-27T16:50:13.021Z
sensor.shelly_plug_sg3_wk_waschmaschine_wk_waschmaschine_leistung,28.9,2026-05-27T16:50:14.040Z
sensor.shelly_plug_sg3_wk_waschmaschine_wk_waschmaschine_leistung,34.1,2026-05-27T16:50:15.070Z
sensor.shelly_plug_sg3_wk_waschmaschine_wk_waschmaschine_leistung,30.6,2026-05-27T16:50:16.096Z
sensor.shelly_plug_sg3_wk_waschmaschine_wk_waschmaschine_leistung,32.3,2026-05-27T16:50:17.124Z
sensor.shelly_plug_sg3_wk_waschmaschine_wk_waschmaschine_leistung,34.5,2026-05-27T16:50:19.180Z
sensor.shelly_plug_sg3_wk_waschmaschine_wk_waschmaschine_leistung,36.3,2026-05-27T16:50:20.218Z
sensor.shelly_plug_sg3_wk_waschmaschine_wk_waschmaschine_leistung,33.3,2026-05-27T16:50:22.265Z
sensor.shelly_plug_sg3_wk_waschmaschine_wk_waschmaschine_leistung,12.7,2026-05-27T16:50:23.304Z
sensor.shelly_plug_sg3_wk_waschmaschine_wk_waschmaschine_leistung,11.1,2026-05-27T16:50:24.321Z
sensor.shelly_plug_sg3_wk_waschmaschine_wk_waschmaschine_leistung,60.3,2026-05-27T16:50:28.433Z
sensor.shelly_plug_sg3_wk_waschmaschine_wk_waschmaschine_leistung,49.0,2026-05-27T16:50:30.499Z
sensor.shelly_plug_sg3_wk_waschmaschine_wk_waschmaschine_leistung,51.6,2026-05-27T16:50:33.572Z
sensor.shelly_plug_sg3_wk_waschmaschine_wk_waschmaschine_leistung,57.1,2026-05-27T16:50:34.610Z
sensor.shelly_plug_sg3_wk_waschmaschine_wk_waschmaschine_leistung,52.5,2026-05-27T16:50:35.629Z
sensor.shelly_plug_sg3_wk_waschmaschine_wk_waschmaschine_leistung,55.8,2026-05-27T16:50:36.656Z
sensor.shelly_plug_sg3_wk_waschmaschine_wk_waschmaschine_leistung,33.2,2026-05-27T16:50:38.722Z
sensor.shelly_plug_sg3_wk_waschmaschine_wk_waschmaschine_leistung,10.9,2026-05-27T16:50:39.750Z
sensor.shelly_plug_sg3_wk_waschmaschine_wk_waschmaschine_leistung,40.8,2026-05-27T16:50:43.862Z
sensor.shelly_plug_sg3_wk_waschmaschine_wk_waschmaschine_leistung,70.5,2026-05-27T16:50:44.895Z
sensor.shelly_plug_sg3_wk_waschmaschine_wk_waschmaschine_leistung,58.7,2026-05-27T16:50:45.919Z
sensor.shelly_plug_sg3_wk_waschmaschine_wk_waschmaschine_leistung,66.7,2026-05-27T16:50:47.978Z
sensor.shelly_plug_sg3_wk_waschmaschine_wk_waschmaschine_leistung,70.6,2026-05-27T16:50:52.079Z
sensor.shelly_plug_sg3_wk_waschmaschine_wk_waschmaschine_leistung,13.0,2026-05-27T16:50:54.143Z
sensor.shelly_plug_sg3_wk_waschmaschine_wk_waschmaschine_leistung,10.9,2026-05-27T16:50:55.173Z
sensor.shelly_plug_sg3_wk_waschmaschine_wk_waschmaschine_leistung,15.0,2026-05-27T16:50:59.283Z
sensor.shelly_plug_sg3_wk_waschmaschine_wk_waschmaschine_leistung,93.5,2026-05-27T16:51:00.311Z
sensor.shelly_plug_sg3_wk_waschmaschine_wk_waschmaschine_leistung,87.7,2026-05-27T16:51:02.358Z
sensor.shelly_plug_sg3_wk_waschmaschine_wk_waschmaschine_leistung,95.7,2026-05-27T16:51:06.472Z
sensor.shelly_plug_sg3_wk_waschmaschine_wk_waschmaschine_leistung,40.8,2026-05-27T16:51:09.563Z
sensor.shelly_plug_sg3_wk_waschmaschine_wk_waschmaschine_leistung,10.9,2026-05-27T16:51:10.594Z
sensor.shelly_plug_sg3_wk_waschmaschine_wk_waschmaschine_leistung,98.8,2026-05-27T16:51:15.730Z
sensor.shelly_plug_sg3_wk_waschmaschine_wk_waschmaschine_leistung,109.0,2026-05-27T16:51:19.843Z
sensor.shelly_plug_sg3_wk_waschmaschine_wk_waschmaschine_leistung,103.1,2026-05-27T16:51:20.871Z
sensor.shelly_plug_sg3_wk_waschmaschine_wk_waschmaschine_leistung,109.1,2026-05-27T16:51:22.927Z
sensor.shelly_plug_sg3_wk_waschmaschine_wk_waschmaschine_leistung,80.9,2026-05-27T16:51:24.986Z
sensor.shelly_plug_sg3_wk_waschmaschine_wk_waschmaschine_leistung,12.5,2026-05-27T16:51:26.012Z
sensor.shelly_plug_sg3_wk_waschmaschine_wk_waschmaschine_leistung,10.7,2026-05-27T16:51:27.040Z
sensor.shelly_plug_sg3_wk_waschmaschine_wk_waschmaschine_leistung,12.6,2026-05-27T16:51:30.125Z
sensor.shelly_plug_sg3_wk_waschmaschine_wk_waschmaschine_leistung,113.3,2026-05-27T16:51:31.153Z
sensor.shelly_plug_sg3_wk_waschmaschine_wk_waschmaschine_leistung,138.1,2026-05-27T16:51:32.181Z
sensor.shelly_plug_sg3_wk_waschmaschine_wk_waschmaschine_leistung,119.8,2026-05-27T16:51:33.209Z
sensor.shelly_plug_sg3_wk_waschmaschine_wk_waschmaschine_leistung,132.9,2026-05-27T16:51:35.265Z
sensor.shelly_plug_sg3_wk_waschmaschine_wk_waschmaschine_leistung,124.9,2026-05-27T16:51:36.295Z
sensor.shelly_plug_sg3_wk_waschmaschine_wk_waschmaschine_leistung,133.8,2026-05-27T16:51:37.322Z
sensor.shelly_plug_sg3_wk_waschmaschine_wk_waschmaschine_leistung,125.8,2026-05-27T16:51:38.349Z
sensor.shelly_plug_sg3_wk_waschmaschine_wk_waschmaschine_leistung,3.6,2026-05-27T16:51:41.467Z
sensor.shelly_plug_sg3_wk_waschmaschine_wk_waschmaschine_leistung,53.6,2026-05-27T16:51:46.572Z
sensor.shelly_plug_sg3_wk_waschmaschine_wk_waschmaschine_leistung,120.0,2026-05-27T16:51:47.601Z
sensor.shelly_plug_sg3_wk_waschmaschine_wk_waschmaschine_leistung,127.9,2026-05-27T16:51:48.632Z
sensor.shelly_plug_sg3_wk_waschmaschine_wk_waschmaschine_leistung,114.3,2026-05-27T16:51:49.660Z
sensor.shelly_plug_sg3_wk_waschmaschine_wk_waschmaschine_leistung,129.0,2026-05-27T16:51:50.689Z
sensor.shelly_plug_sg3_wk_waschmaschine_wk_waschmaschine_leistung,122.2,2026-05-27T16:51:51.715Z
sensor.shelly_plug_sg3_wk_waschmaschine_wk_waschmaschine_leistung,116.0,2026-05-27T16:51:52.734Z
sensor.shelly_plug_sg3_wk_waschmaschine_wk_waschmaschine_leistung,123.5,2026-05-27T16:51:53.762Z
sensor.shelly_plug_sg3_wk_waschmaschine_wk_waschmaschine_leistung,80.0,2026-05-27T16:51:55.829Z
sensor.shelly_plug_sg3_wk_waschmaschine_wk_waschmaschine_leistung,5.0,2026-05-27T16:51:56.856Z
sensor.shelly_plug_sg3_wk_waschmaschine_wk_waschmaschine_leistung,3.8,2026-05-27T16:51:57.875Z
sensor.shelly_plug_sg3_wk_waschmaschine_wk_waschmaschine_leistung,3.6,2026-05-27T16:52:00.015Z
sensor.shelly_plug_sg3_wk_waschmaschine_wk_waschmaschine_leistung,20.0,2026-05-27T16:52:01.994Z
sensor.shelly_plug_sg3_wk_waschmaschine_wk_waschmaschine_leistung,136.1,2026-05-27T16:52:03.023Z
sensor.shelly_plug_sg3_wk_waschmaschine_wk_waschmaschine_leistung,127.4,2026-05-27T16:52:05.080Z
sensor.shelly_plug_sg3_wk_waschmaschine_wk_waschmaschine_leistung,137.4,2026-05-27T16:52:06.108Z
sensor.shelly_plug_sg3_wk_waschmaschine_wk_waschmaschine_leistung,111.9,2026-05-27T16:52:07.136Z
sensor.shelly_plug_sg3_wk_waschmaschine_wk_waschmaschine_leistung,133.7,2026-05-27T16:52:08.165Z
sensor.shelly_plug_sg3_wk_waschmaschine_wk_waschmaschine_leistung,125.5,2026-05-27T16:52:09.194Z
sensor.shelly_plug_sg3_wk_waschmaschine_wk_waschmaschine_leistung,16.3,2026-05-27T16:52:12.277Z
sensor.shelly_plug_sg3_wk_waschmaschine_wk_waschmaschine_leistung,3.6,2026-05-27T16:52:13.305Z
sensor.shelly_plug_sg3_wk_waschmaschine_wk_waschmaschine_leistung,70.6,2026-05-27T16:52:17.417Z
sensor.shelly_plug_sg3_wk_waschmaschine_wk_waschmaschine_leistung,122.8,2026-05-27T16:52:18.445Z
sensor.shelly_plug_sg3_wk_waschmaschine_wk_waschmaschine_leistung,129.0,2026-05-27T16:52:24.603Z
sensor.shelly_plug_sg3_wk_waschmaschine_wk_waschmaschine_leistung,115.4,2026-05-27T16:52:25.642Z
sensor.shelly_plug_sg3_wk_waschmaschine_wk_waschmaschine_leistung,124.9,2026-05-27T16:52:26.670Z
sensor.shelly_plug_sg3_wk_waschmaschine_wk_waschmaschine_leistung,70.7,2026-05-27T16:52:27.697Z
sensor.shelly_plug_sg3_wk_waschmaschine_wk_waschmaschine_leistung,3.6,2026-05-27T16:52:28.729Z
sensor.shelly_plug_sg3_wk_waschmaschine_wk_waschmaschine_leistung,31.0,2026-05-27T16:52:32.837Z
sensor.shelly_plug_sg3_wk_waschmaschine_wk_waschmaschine_leistung,136.9,2026-05-27T16:52:33.866Z
sensor.shelly_plug_sg3_wk_waschmaschine_wk_waschmaschine_leistung,127.2,2026-05-27T16:52:37.967Z
sensor.shelly_plug_sg3_wk_waschmaschine_wk_waschmaschine_leistung,12.4,2026-05-27T16:52:43.117Z
sensor.shelly_plug_sg3_wk_waschmaschine_wk_waschmaschine_leistung,3.6,2026-05-27T16:52:44.147Z
sensor.shelly_plug_sg3_wk_waschmaschine_wk_waschmaschine_leistung,71.6,2026-05-27T16:52:49.285Z
sensor.shelly_plug_sg3_wk_waschmaschine_wk_waschmaschine_leistung,125.3,2026-05-27T16:52:50.314Z
sensor.shelly_plug_sg3_wk_waschmaschine_wk_waschmaschine_leistung,116.3,2026-05-27T16:52:56.481Z
sensor.shelly_plug_sg3_wk_waschmaschine_wk_waschmaschine_leistung,50.4,2026-05-27T16:52:58.537Z
sensor.shelly_plug_sg3_wk_waschmaschine_wk_waschmaschine_leistung,4.5,2026-05-27T16:52:59.566Z
sensor.shelly_plug_sg3_wk_waschmaschine_wk_waschmaschine_leistung,128.3,2026-05-27T16:53:04.706Z
sensor.shelly_plug_sg3_wk_waschmaschine_wk_waschmaschine_leistung,140.8,2026-05-27T16:53:05.734Z
sensor.shelly_plug_sg3_wk_waschmaschine_wk_waschmaschine_leistung,127.3,2026-05-27T16:53:06.762Z
sensor.shelly_plug_sg3_wk_waschmaschine_wk_waschmaschine_leistung,134.2,2026-05-27T16:53:08.809Z
sensor.shelly_plug_sg3_wk_waschmaschine_wk_waschmaschine_leistung,121.6,2026-05-27T16:53:11.902Z
sensor.shelly_plug_sg3_wk_waschmaschine_wk_waschmaschine_leistung,128.8,2026-05-27T16:53:12.930Z
sensor.shelly_plug_sg3_wk_waschmaschine_wk_waschmaschine_leistung,109.1,2026-05-27T16:53:13.958Z
sensor.shelly_plug_sg3_wk_waschmaschine_wk_waschmaschine_leistung,7.7,2026-05-27T16:53:14.987Z
sensor.shelly_plug_sg3_wk_waschmaschine_wk_waschmaschine_leistung,3.6,2026-05-27T16:53:16.015Z
sensor.shelly_plug_sg3_wk_waschmaschine_wk_waschmaschine_leistung,6.1,2026-05-27T16:53:19.089Z
sensor.shelly_plug_sg3_wk_waschmaschine_wk_waschmaschine_leistung,86.6,2026-05-27T16:53:20.129Z
sensor.shelly_plug_sg3_wk_waschmaschine_wk_waschmaschine_leistung,116.1,2026-05-27T16:53:21.158Z
sensor.shelly_plug_sg3_wk_waschmaschine_wk_waschmaschine_leistung,128.4,2026-05-27T16:53:23.214Z
sensor.shelly_plug_sg3_wk_waschmaschine_wk_waschmaschine_leistung,120.0,2026-05-27T16:53:24.242Z
sensor.shelly_plug_sg3_wk_waschmaschine_wk_waschmaschine_leistung,113.5,2026-05-27T16:53:29.380Z
sensor.shelly_plug_sg3_wk_waschmaschine_wk_waschmaschine_leistung,3.8,2026-05-27T16:53:30.407Z
sensor.shelly_plug_sg3_wk_waschmaschine_wk_waschmaschine_leistung,48.3,2026-05-27T16:53:35.547Z
sensor.shelly_plug_sg3_wk_waschmaschine_wk_waschmaschine_leistung,141.6,2026-05-27T16:53:36.575Z
sensor.shelly_plug_sg3_wk_waschmaschine_wk_waschmaschine_leistung,133.7,2026-05-27T16:53:37.604Z
sensor.shelly_plug_sg3_wk_waschmaschine_wk_waschmaschine_leistung,124.8,2026-05-27T16:53:39.660Z
sensor.shelly_plug_sg3_wk_waschmaschine_wk_waschmaschine_leistung,134.5,2026-05-27T16:53:43.772Z
sensor.shelly_plug_sg3_wk_waschmaschine_wk_waschmaschine_leistung,102.4,2026-05-27T16:53:44.801Z
sensor.shelly_plug_sg3_wk_waschmaschine_wk_waschmaschine_leistung,6.1,2026-05-27T16:53:45.829Z
sensor.shelly_plug_sg3_wk_waschmaschine_wk_waschmaschine_leistung,3.6,2026-05-27T16:53:46.857Z
sensor.shelly_plug_sg3_wk_waschmaschine_wk_waschmaschine_leistung,9.2,2026-05-27T16:53:50.969Z
sensor.shelly_plug_sg3_wk_waschmaschine_wk_waschmaschine_leistung,124.1,2026-05-27T16:53:51.997Z
sensor.shelly_plug_sg3_wk_waschmaschine_wk_waschmaschine_leistung,114.4,2026-05-27T16:53:54.054Z
sensor.shelly_plug_sg3_wk_waschmaschine_wk_waschmaschine_leistung,122.5,2026-05-27T16:53:55.082Z
sensor.shelly_plug_sg3_wk_waschmaschine_wk_waschmaschine_leistung,113.8,2026-05-27T16:53:57.140Z
sensor.shelly_plug_sg3_wk_waschmaschine_wk_waschmaschine_leistung,119.5,2026-05-27T16:53:58.158Z
sensor.shelly_plug_sg3_wk_waschmaschine_wk_waschmaschine_leistung,123.6,2026-05-27T16:54:00.008Z
sensor.shelly_plug_sg3_wk_waschmaschine_wk_waschmaschine_leistung,106.1,2026-05-27T16:54:00.221Z
sensor.shelly_plug_sg3_wk_waschmaschine_wk_waschmaschine_leistung,37.4,2026-05-27T16:54:01.251Z
sensor.shelly_plug_sg3_wk_waschmaschine_wk_waschmaschine_leistung,3.6,2026-05-27T16:54:02.277Z
sensor.shelly_plug_sg3_wk_waschmaschine_wk_waschmaschine_leistung,60.6,2026-05-27T16:54:06.389Z
sensor.shelly_plug_sg3_wk_waschmaschine_wk_waschmaschine_leistung,143.3,2026-05-27T16:54:07.417Z
sensor.shelly_plug_sg3_wk_waschmaschine_wk_waschmaschine_leistung,127.3,2026-05-27T16:54:08.446Z
sensor.shelly_plug_sg3_wk_waschmaschine_wk_waschmaschine_leistung,134.2,2026-05-27T16:54:11.521Z
sensor.shelly_plug_sg3_wk_waschmaschine_wk_waschmaschine_leistung,123.6,2026-05-27T16:54:13.588Z
sensor.shelly_plug_sg3_wk_waschmaschine_wk_waschmaschine_leistung,81.3,2026-05-27T16:54:16.670Z
sensor.shelly_plug_sg3_wk_waschmaschine_wk_waschmaschine_leistung,3.6,2026-05-27T16:54:17.698Z
sensor.shelly_plug_sg3_wk_waschmaschine_wk_waschmaschine_leistung,15.0,2026-05-27T16:54:21.813Z
sensor.shelly_plug_sg3_wk_waschmaschine_wk_waschmaschine_leistung,103.5,2026-05-27T16:54:22.838Z
sensor.shelly_plug_sg3_wk_waschmaschine_wk_waschmaschine_leistung,125.3,2026-05-27T16:54:23.869Z
sensor.shelly_plug_sg3_wk_waschmaschine_wk_waschmaschine_leistung,135.1,2026-05-27T16:54:24.897Z
sensor.shelly_plug_sg3_wk_waschmaschine_wk_waschmaschine_leistung,123.5,2026-05-27T16:54:25.923Z
sensor.shelly_plug_sg3_wk_waschmaschine_wk_waschmaschine_leistung,115.6,2026-05-27T16:54:31.062Z
sensor.shelly_plug_sg3_wk_waschmaschine_wk_waschmaschine_leistung,21.9,2026-05-27T16:54:32.090Z
sensor.shelly_plug_sg3_wk_waschmaschine_wk_waschmaschine_leistung,4.0,2026-05-27T16:54:33.118Z
sensor.shelly_plug_sg3_wk_waschmaschine_wk_waschmaschine_leistung,69.7,2026-05-27T16:54:38.258Z
sensor.shelly_plug_sg3_wk_waschmaschine_wk_waschmaschine_leistung,127.7,2026-05-27T16:54:39.287Z
sensor.shelly_plug_sg3_wk_waschmaschine_wk_waschmaschine_leistung,116.3,2026-05-27T16:54:42.370Z
sensor.shelly_plug_sg3_wk_waschmaschine_wk_waschmaschine_leistung,129.7,2026-05-27T16:54:43.398Z
sensor.shelly_plug_sg3_wk_waschmaschine_wk_waschmaschine_leistung,76.2,2026-05-27T16:54:47.523Z
sensor.shelly_plug_sg3_wk_waschmaschine_wk_waschmaschine_leistung,4.3,2026-05-27T16:54:48.538Z
sensor.shelly_plug_sg3_wk_waschmaschine_wk_waschmaschine_leistung,105.2,2026-05-27T16:54:53.680Z
sensor.shelly_plug_sg3_wk_waschmaschine_wk_waschmaschine_leistung,121.7,2026-05-27T16:54:54.707Z
sensor.shelly_plug_sg3_wk_waschmaschine_wk_waschmaschine_leistung,113.8,2026-05-27T16:54:58.818Z
sensor.shelly_plug_sg3_wk_waschmaschine_wk_waschmaschine_leistung,117.3,2026-05-27T16:55:00.004Z
sensor.shelly_plug_sg3_wk_waschmaschine_wk_waschmaschine_leistung,3.6,2026-05-27T16:55:03.958Z
sensor.shelly_plug_sg3_wk_waschmaschine_wk_waschmaschine_leistung,86.0,2026-05-27T16:55:09.100Z
sensor.shelly_plug_sg3_wk_waschmaschine_wk_waschmaschine_leistung,153.5,2026-05-27T16:55:10.126Z
sensor.shelly_plug_sg3_wk_waschmaschine_wk_waschmaschine_leistung,124.5,2026-05-27T16:55:11.156Z
sensor.shelly_plug_sg3_wk_waschmaschine_wk_waschmaschine_leistung,62.5,2026-05-27T16:55:18.343Z
sensor.shelly_plug_sg3_wk_waschmaschine_wk_waschmaschine_leistung,4.0,2026-05-27T16:55:19.379Z
sensor.shelly_plug_sg3_wk_waschmaschine_wk_waschmaschine_leistung,30.6,2026-05-27T16:55:24.517Z
sensor.shelly_plug_sg3_wk_waschmaschine_wk_waschmaschine_leistung,112.3,2026-05-27T16:55:25.546Z
sensor.shelly_plug_sg3_wk_waschmaschine_wk_waschmaschine_leistung,128.6,2026-05-27T16:55:26.576Z
sensor.shelly_plug_sg3_wk_waschmaschine_wk_waschmaschine_leistung,117.0,2026-05-27T16:55:27.604Z
sensor.shelly_plug_sg3_wk_waschmaschine_wk_waschmaschine_leistung,109.9,2026-05-27T16:55:33.761Z
sensor.shelly_plug_sg3_wk_waschmaschine_wk_waschmaschine_leistung,10.6,2026-05-27T16:55:34.798Z
sensor.shelly_plug_sg3_wk_waschmaschine_wk_waschmaschine_leistung,3.6,2026-05-27T16:55:35.827Z
sensor.shelly_plug_sg3_wk_waschmaschine_wk_waschmaschine_leistung,4.9,2026-05-27T16:55:39.929Z
sensor.shelly_plug_sg3_wk_waschmaschine_wk_waschmaschine_leistung,148.2,2026-05-27T16:55:40.967Z
sensor.shelly_plug_sg3_wk_waschmaschine_wk_waschmaschine_leistung,132.4,2026-05-27T16:55:41.995Z
sensor.shelly_plug_sg3_wk_waschmaschine_wk_waschmaschine_leistung,124.5,2026-05-27T16:55:45.081Z
sensor.shelly_plug_sg3_wk_waschmaschine_wk_waschmaschine_leistung,132.1,2026-05-27T16:55:47.130Z
sensor.shelly_plug_sg3_wk_waschmaschine_wk_waschmaschine_leistung,119.6,2026-05-27T16:55:49.191Z
sensor.shelly_plug_sg3_wk_waschmaschine_wk_waschmaschine_leistung,64.5,2026-05-27T16:55:50.221Z
sensor.shelly_plug_sg3_wk_waschmaschine_wk_waschmaschine_leistung,3.5,2026-05-27T16:55:51.248Z
sensor.shelly_plug_sg3_wk_waschmaschine_wk_waschmaschine_leistung,40.0,2026-05-27T16:55:55.362Z
sensor.shelly_plug_sg3_wk_waschmaschine_wk_waschmaschine_leistung,107.2,2026-05-27T16:55:56.390Z
sensor.shelly_plug_sg3_wk_waschmaschine_wk_waschmaschine_leistung,121.2,2026-05-27T16:55:58.446Z
sensor.shelly_plug_sg3_wk_waschmaschine_wk_waschmaschine_leistung,115.2,2026-05-27T16:55:59.466Z
sensor.shelly_plug_sg3_wk_waschmaschine_wk_waschmaschine_leistung,125.2,2026-05-27T16:56:00.491Z
sensor.shelly_plug_sg3_wk_waschmaschine_wk_waschmaschine_leistung,115.1,2026-05-27T16:56:01.528Z
sensor.shelly_plug_sg3_wk_waschmaschine_wk_waschmaschine_leistung,7.6,2026-05-27T16:56:05.640Z
sensor.shelly_plug_sg3_wk_waschmaschine_wk_waschmaschine_leistung,3.6,2026-05-27T16:56:06.670Z
sensor.shelly_plug_sg3_wk_waschmaschine_wk_waschmaschine_leistung,7.1,2026-05-27T16:56:10.770Z
sensor.shelly_plug_sg3_wk_waschmaschine_wk_waschmaschine_leistung,106.8,2026-05-27T16:56:11.807Z
sensor.shelly_plug_sg3_wk_waschmaschine_wk_waschmaschine_leistung,133.1,2026-05-27T16:56:12.836Z
sensor.shelly_plug_sg3_wk_waschmaschine_wk_waschmaschine_leistung,124.1,2026-05-27T16:56:13.869Z
sensor.shelly_plug_sg3_wk_waschmaschine_wk_waschmaschine_leistung,134.7,2026-05-27T16:56:14.895Z
sensor.shelly_plug_sg3_wk_waschmaschine_wk_waschmaschine_leistung,127.0,2026-05-27T16:56:15.922Z
sensor.shelly_plug_sg3_wk_waschmaschine_wk_waschmaschine_leistung,133.7,2026-05-27T16:56:16.940Z
sensor.shelly_plug_sg3_wk_waschmaschine_wk_waschmaschine_leistung,41.9,2026-05-27T16:56:21.059Z
sensor.shelly_plug_sg3_wk_waschmaschine_wk_waschmaschine_leistung,3.7,2026-05-27T16:56:22.087Z
sensor.shelly_plug_sg3_wk_waschmaschine_wk_waschmaschine_leistung,109.4,2026-05-27T16:56:27.230Z
sensor.shelly_plug_sg3_wk_waschmaschine_wk_waschmaschine_leistung,120.1,2026-05-27T16:56:28.258Z
sensor.shelly_plug_sg3_wk_waschmaschine_wk_waschmaschine_leistung,131.3,2026-05-27T16:56:29.284Z
sensor.shelly_plug_sg3_wk_waschmaschine_wk_waschmaschine_leistung,117.3,2026-05-27T16:56:30.313Z
sensor.shelly_plug_sg3_wk_waschmaschine_wk_waschmaschine_leistung,123.9,2026-05-27T16:56:34.428Z
sensor.shelly_plug_sg3_wk_waschmaschine_wk_waschmaschine_leistung,90.0,2026-05-27T16:56:36.480Z
sensor.shelly_plug_sg3_wk_waschmaschine_wk_waschmaschine_leistung,5.6,2026-05-27T16:56:37.508Z
sensor.shelly_plug_sg3_wk_waschmaschine_wk_waschmaschine_leistung,3.6,2026-05-27T16:56:38.536Z
sensor.shelly_plug_sg3_wk_waschmaschine_wk_waschmaschine_leistung,133.8,2026-05-27T16:56:42.651Z
sensor.shelly_plug_sg3_wk_waschmaschine_wk_waschmaschine_leistung,145.7,2026-05-27T16:56:44.704Z
sensor.shelly_plug_sg3_wk_waschmaschine_wk_waschmaschine_leistung,129.8,2026-05-27T16:56:45.733Z
sensor.shelly_plug_sg3_wk_waschmaschine_wk_waschmaschine_leistung,137.6,2026-05-27T16:56:48.817Z
sensor.shelly_plug_sg3_wk_waschmaschine_wk_waschmaschine_leistung,118.8,2026-05-27T16:56:49.845Z
sensor.shelly_plug_sg3_wk_waschmaschine_wk_waschmaschine_leistung,129.2,2026-05-27T16:56:51.901Z
sensor.shelly_plug_sg3_wk_waschmaschine_wk_waschmaschine_leistung,3.6,2026-05-27T16:56:52.931Z
sensor.shelly_plug_sg3_wk_waschmaschine_wk_waschmaschine_leistung,52.4,2026-05-27T16:56:58.070Z
sensor.shelly_plug_sg3_wk_waschmaschine_wk_waschmaschine_leistung,117.1,2026-05-27T16:56:59.098Z
sensor.shelly_plug_sg3_wk_waschmaschine_wk_waschmaschine_leistung,124.4,2026-05-27T16:57:03.200Z
sensor.shelly_plug_sg3_wk_waschmaschine_wk_waschmaschine_leistung,113.1,2026-05-27T16:57:04.228Z
sensor.shelly_plug_sg3_wk_waschmaschine_wk_waschmaschine_leistung,80.5,2026-05-27T16:57:07.321Z
sensor.shelly_plug_sg3_wk_waschmaschine_wk_waschmaschine_leistung,4.9,2026-05-27T16:57:08.351Z
sensor.shelly_plug_sg3_wk_waschmaschine_wk_waschmaschine_leistung,3.5,2026-05-27T16:57:09.378Z
sensor.shelly_plug_sg3_wk_waschmaschine_wk_waschmaschine_leistung,18.4,2026-05-27T16:57:13.490Z
sensor.shelly_plug_sg3_wk_waschmaschine_wk_waschmaschine_leistung,137.6,2026-05-27T16:57:14.520Z
sensor.shelly_plug_sg3_wk_waschmaschine_wk_waschmaschine_leistung,127.9,2026-05-27T16:57:19.658Z
sensor.shelly_plug_sg3_wk_waschmaschine_wk_waschmaschine_leistung,23.9,2026-05-27T16:57:23.770Z
sensor.shelly_plug_sg3_wk_waschmaschine_wk_waschmaschine_leistung,3.7,2026-05-27T16:57:24.798Z
sensor.shelly_plug_sg3_wk_waschmaschine_wk_waschmaschine_leistung,67.7,2026-05-27T16:57:28.910Z
sensor.shelly_plug_sg3_wk_waschmaschine_wk_waschmaschine_leistung,128.6,2026-05-27T16:57:29.938Z
sensor.shelly_plug_sg3_wk_waschmaschine_wk_waschmaschine_leistung,111.9,2026-05-27T16:57:30.967Z
sensor.shelly_plug_sg3_wk_waschmaschine_wk_waschmaschine_leistung,127.9,2026-05-27T16:57:31.995Z
sensor.shelly_plug_sg3_wk_waschmaschine_wk_waschmaschine_leistung,119.1,2026-05-27T16:57:36.107Z
sensor.shelly_plug_sg3_wk_waschmaschine_wk_waschmaschine_leistung,71.6,2026-05-27T16:57:39.191Z
sensor.shelly_plug_sg3_wk_waschmaschine_wk_waschmaschine_leistung,3.5,2026-05-27T16:57:40.219Z
sensor.shelly_plug_sg3_wk_waschmaschine_wk_waschmaschine_leistung,28.5,2026-05-27T16:57:44.333Z
sensor.shelly_plug_sg3_wk_waschmaschine_wk_waschmaschine_leistung,127.8,2026-05-27T16:57:45.359Z
sensor.shelly_plug_sg3_wk_waschmaschine_wk_waschmaschine_leistung,140.6,2026-05-27T16:57:46.388Z
sensor.shelly_plug_sg3_wk_waschmaschine_wk_waschmaschine_leistung,129.7,2026-05-27T16:57:47.416Z
sensor.shelly_plug_sg3_wk_waschmaschine_wk_waschmaschine_leistung,137.1,2026-05-27T16:57:49.464Z
sensor.shelly_plug_sg3_wk_waschmaschine_wk_waschmaschine_leistung,128.3,2026-05-27T16:57:50.490Z
sensor.shelly_plug_sg3_wk_waschmaschine_wk_waschmaschine_leistung,121.5,2026-05-27T16:57:52.556Z
sensor.shelly_plug_sg3_wk_waschmaschine_wk_waschmaschine_leistung,11.2,2026-05-27T16:57:54.612Z
sensor.shelly_plug_sg3_wk_waschmaschine_wk_waschmaschine_leistung,3.6,2026-05-27T16:57:55.642Z
sensor.shelly_plug_sg3_wk_waschmaschine_wk_waschmaschine_leistung,4.4,2026-05-27T16:58:00.002Z
sensor.shelly_plug_sg3_wk_waschmaschine_wk_waschmaschine_leistung,74.0,2026-05-27T16:58:00.779Z
sensor.shelly_plug_sg3_wk_waschmaschine_wk_waschmaschine_leistung,109.4,2026-05-27T16:58:01.808Z
sensor.shelly_plug_sg3_wk_waschmaschine_wk_waschmaschine_leistung,116.3,2026-05-27T16:58:02.837Z
sensor.shelly_plug_sg3_wk_waschmaschine_wk_waschmaschine_leistung,123.8,2026-05-27T16:58:03.865Z
sensor.shelly_plug_sg3_wk_waschmaschine_wk_waschmaschine_leistung,116.7,2026-05-27T16:58:04.893Z
sensor.shelly_plug_sg3_wk_waschmaschine_wk_waschmaschine_leistung,54.7,2026-05-27T16:58:10.032Z
sensor.shelly_plug_sg3_wk_waschmaschine_wk_waschmaschine_leistung,4.5,2026-05-27T16:58:11.060Z
sensor.shelly_plug_sg3_wk_waschmaschine_wk_waschmaschine_leistung,135.7,2026-05-27T16:58:16.203Z
sensor.shelly_plug_sg3_wk_waschmaschine_wk_waschmaschine_leistung,128.9,2026-05-27T16:58:20.303Z
sensor.shelly_plug_sg3_wk_waschmaschine_wk_waschmaschine_leistung,140.6,2026-05-27T16:58:22.368Z
sensor.shelly_plug_sg3_wk_waschmaschine_wk_waschmaschine_leistung,128.6,2026-05-27T16:58:23.399Z
sensor.shelly_plug_sg3_wk_waschmaschine_wk_waschmaschine_leistung,119.0,2026-05-27T16:58:25.443Z
sensor.shelly_plug_sg3_wk_waschmaschine_wk_waschmaschine_leistung,9.6,2026-05-27T16:58:26.480Z
sensor.shelly_plug_sg3_wk_waschmaschine_wk_waschmaschine_leistung,3.5,2026-05-27T16:58:27.508Z
sensor.shelly_plug_sg3_wk_waschmaschine_wk_waschmaschine_leistung,5.7,2026-05-27T16:58:30.583Z
sensor.shelly_plug_sg3_wk_waschmaschine_wk_waschmaschine_leistung,78.1,2026-05-27T16:58:31.620Z
sensor.shelly_plug_sg3_wk_waschmaschine_wk_waschmaschine_leistung,119.7,2026-05-27T16:58:32.651Z
sensor.shelly_plug_sg3_wk_waschmaschine_wk_waschmaschine_leistung,127.6,2026-05-27T16:58:36.763Z
sensor.shelly_plug_sg3_wk_waschmaschine_wk_waschmaschine_leistung,120.1,2026-05-27T16:58:38.817Z
sensor.shelly_plug_sg3_wk_waschmaschine_wk_waschmaschine_leistung,91.7,2026-05-27T16:58:40.872Z
sensor.shelly_plug_sg3_wk_waschmaschine_wk_waschmaschine_leistung,128.5,2026-05-27T16:58:41.901Z
sensor.shelly_plug_sg3_wk_waschmaschine_wk_waschmaschine_leistung,136.6,2026-05-27T16:58:42.922Z
sensor.shelly_plug_sg3_wk_waschmaschine_wk_waschmaschine_leistung,128.7,2026-05-27T16:58:44.978Z
sensor.shelly_plug_sg3_wk_waschmaschine_wk_waschmaschine_leistung,140.4,2026-05-27T16:58:46.014Z
sensor.shelly_plug_sg3_wk_waschmaschine_wk_waschmaschine_leistung,128.1,2026-05-27T16:58:47.042Z
sensor.shelly_plug_sg3_wk_waschmaschine_wk_waschmaschine_leistung,137.3,2026-05-27T16:58:48.070Z
sensor.shelly_plug_sg3_wk_waschmaschine_wk_waschmaschine_leistung,129.4,2026-05-27T16:58:50.125Z
sensor.shelly_plug_sg3_wk_waschmaschine_wk_waschmaschine_leistung,82.3,2026-05-27T16:58:51.153Z
sensor.shelly_plug_sg3_wk_waschmaschine_wk_waschmaschine_leistung,3.6,2026-05-27T16:58:52.185Z
sensor.shelly_plug_sg3_wk_waschmaschine_wk_waschmaschine_leistung,24.4,2026-05-27T16:58:56.293Z
sensor.shelly_plug_sg3_wk_waschmaschine_wk_waschmaschine_leistung,110.7,2026-05-27T16:58:57.322Z
sensor.shelly_plug_sg3_wk_waschmaschine_wk_waschmaschine_leistung,119.3,2026-05-27T16:58:58.350Z
sensor.shelly_plug_sg3_wk_waschmaschine_wk_waschmaschine_leistung,122.5,2026-05-27T16:58:59.994Z
sensor.shelly_plug_sg3_wk_waschmaschine_wk_waschmaschine_leistung,129.0,2026-05-27T16:59:00.406Z
sensor.shelly_plug_sg3_wk_waschmaschine_wk_waschmaschine_leistung,122.4,2026-05-27T16:59:01.425Z
sensor.shelly_plug_sg3_wk_waschmaschine_wk_waschmaschine_leistung,3.8,2026-05-27T16:59:07.603Z
sensor.shelly_plug_sg3_wk_waschmaschine_wk_waschmaschine_leistung,88.2,2026-05-27T16:59:12.742Z
sensor.shelly_plug_sg3_wk_waschmaschine_wk_waschmaschine_leistung,150.9,2026-05-27T16:59:13.770Z
sensor.shelly_plug_sg3_wk_waschmaschine_wk_waschmaschine_leistung,138.4,2026-05-27T16:59:14.801Z
sensor.shelly_plug_sg3_wk_waschmaschine_wk_waschmaschine_leistung,130.5,2026-05-27T16:59:18.913Z
sensor.shelly_plug_sg3_wk_waschmaschine_wk_waschmaschine_leistung,61.7,2026-05-27T16:59:21.995Z
sensor.shelly_plug_sg3_wk_waschmaschine_wk_waschmaschine_leistung,3.9,2026-05-27T16:59:23.023Z
sensor.shelly_plug_sg3_wk_waschmaschine_wk_waschmaschine_leistung,33.1,2026-05-27T16:59:28.162Z
sensor.shelly_plug_sg3_wk_waschmaschine_wk_waschmaschine_leistung,119.4,2026-05-27T16:59:29.192Z
sensor.shelly_plug_sg3_wk_waschmaschine_wk_waschmaschine_leistung,125.8,2026-05-27T16:59:31.238Z
sensor.shelly_plug_sg3_wk_waschmaschine_wk_waschmaschine_leistung,103.2,2026-05-27T16:59:37.416Z
sensor.shelly_plug_sg3_wk_waschmaschine_wk_waschmaschine_leistung,9.3,2026-05-27T16:59:38.443Z
sensor.shelly_plug_sg3_wk_waschmaschine_wk_waschmaschine_leistung,3.6,2026-05-27T16:59:39.471Z
sensor.shelly_plug_sg3_wk_waschmaschine_wk_waschmaschine_leistung,97.4,2026-05-27T16:59:43.583Z
sensor.shelly_plug_sg3_wk_waschmaschine_wk_waschmaschine_leistung,142.6,2026-05-27T16:59:44.614Z
sensor.shelly_plug_sg3_wk_waschmaschine_wk_waschmaschine_leistung,132.3,2026-05-27T16:59:46.668Z
sensor.shelly_plug_sg3_wk_waschmaschine_wk_waschmaschine_leistung,139.1,2026-05-27T16:59:49.743Z
sensor.shelly_plug_sg3_wk_waschmaschine_wk_waschmaschine_leistung,128.8,2026-05-27T16:59:50.770Z
sensor.shelly_plug_sg3_wk_waschmaschine_wk_waschmaschine_leistung,140.2,2026-05-27T16:59:51.808Z
sensor.shelly_plug_sg3_wk_waschmaschine_wk_waschmaschine_leistung,128.5,2026-05-27T16:59:52.836Z
sensor.shelly_plug_sg3_wk_waschmaschine_wk_waschmaschine_leistung,3.8,2026-05-27T16:59:53.864Z
sensor.shelly_plug_sg3_wk_waschmaschine_wk_waschmaschine_leistung,43.5,2026-05-27T16:59:59.004Z
sensor.shelly_plug_sg3_wk_waschmaschine_wk_waschmaschine_leistung,118.5,2026-05-27T17:00:00.041Z
sensor.shelly_plug_sg3_wk_waschmaschine_wk_waschmaschine_leistung,129.9,2026-05-27T17:00:01.070Z
sensor.shelly_plug_sg3_wk_waschmaschine_wk_waschmaschine_leistung,122.3,2026-05-27T17:00:03.126Z
sensor.shelly_plug_sg3_wk_waschmaschine_wk_waschmaschine_leistung,130.0,2026-05-27T17:00:04.154Z
sensor.shelly_plug_sg3_wk_waschmaschine_wk_waschmaschine_leistung,122.2,2026-05-27T17:00:06.210Z
sensor.shelly_plug_sg3_wk_waschmaschine_wk_waschmaschine_leistung,101.9,2026-05-27T17:00:08.266Z
sensor.shelly_plug_sg3_wk_waschmaschine_wk_waschmaschine_leistung,7.5,2026-05-27T17:00:09.296Z
sensor.shelly_plug_sg3_wk_waschmaschine_wk_waschmaschine_leistung,3.8,2026-05-27T17:00:10.321Z
sensor.shelly_plug_sg3_wk_waschmaschine_wk_waschmaschine_leistung,7.7,2026-05-27T17:00:14.434Z
sensor.shelly_plug_sg3_wk_waschmaschine_wk_waschmaschine_leistung,111.7,2026-05-27T17:00:15.463Z
sensor.shelly_plug_sg3_wk_waschmaschine_wk_waschmaschine_leistung,147.1,2026-05-27T17:00:16.491Z
sensor.shelly_plug_sg3_wk_waschmaschine_wk_waschmaschine_leistung,130.9,2026-05-27T17:00:17.518Z
sensor.shelly_plug_sg3_wk_waschmaschine_wk_waschmaschine_leistung,144.0,2026-05-27T17:00:18.548Z
sensor.shelly_plug_sg3_wk_waschmaschine_wk_waschmaschine_leistung,134.3,2026-05-27T17:00:19.575Z
sensor.shelly_plug_sg3_wk_waschmaschine_wk_waschmaschine_leistung,121.3,2026-05-27T17:00:23.694Z
sensor.shelly_plug_sg3_wk_waschmaschine_wk_waschmaschine_leistung,40.6,2026-05-27T17:00:24.716Z
sensor.shelly_plug_sg3_wk_waschmaschine_wk_waschmaschine_leistung,3.7,2026-05-27T17:00:25.744Z
sensor.shelly_plug_sg3_wk_waschmaschine_wk_waschmaschine_leistung,115.7,2026-05-27T17:00:30.886Z
sensor.shelly_plug_sg3_wk_waschmaschine_wk_waschmaschine_leistung,131.8,2026-05-27T17:00:31.912Z
sensor.shelly_plug_sg3_wk_waschmaschine_wk_waschmaschine_leistung,123.2,2026-05-27T17:00:36.024Z
sensor.shelly_plug_sg3_wk_waschmaschine_wk_waschmaschine_leistung,114.8,2026-05-27T17:00:39.107Z
sensor.shelly_plug_sg3_wk_waschmaschine_wk_waschmaschine_leistung,96.0,2026-05-27T17:00:40.135Z
sensor.shelly_plug_sg3_wk_waschmaschine_wk_waschmaschine_leistung,25.3,2026-05-27T17:00:41.164Z
sensor.shelly_plug_sg3_wk_waschmaschine_wk_waschmaschine_leistung,22.4,2026-05-27T17:00:42.182Z
sensor.shelly_plug_sg3_wk_waschmaschine_wk_waschmaschine_leistung,26.0,2026-05-27T17:00:44.239Z
sensor.shelly_plug_sg3_wk_waschmaschine_wk_waschmaschine_leistung,34.1,2026-05-27T17:00:45.276Z
sensor.shelly_plug_sg3_wk_waschmaschine_wk_waschmaschine_leistung,150.3,2026-05-27T17:00:46.305Z
sensor.shelly_plug_sg3_wk_waschmaschine_wk_waschmaschine_leistung,142.6,2026-05-27T17:00:50.419Z
sensor.shelly_plug_sg3_wk_waschmaschine_wk_waschmaschine_leistung,150.3,2026-05-27T17:00:51.448Z
sensor.shelly_plug_sg3_wk_waschmaschine_wk_waschmaschine_leistung,140.5,2026-05-27T17:00:54.530Z
sensor.shelly_plug_sg3_wk_waschmaschine_wk_waschmaschine_leistung,53.9,2026-05-27T17:00:55.565Z
sensor.shelly_plug_sg3_wk_waschmaschine_wk_waschmaschine_leistung,25.2,2026-05-27T17:00:56.586Z
sensor.shelly_plug_sg3_wk_waschmaschine_wk_waschmaschine_leistung,20.9,2026-05-27T17:00:59.659Z
sensor.shelly_plug_sg3_wk_waschmaschine_wk_waschmaschine_leistung,18.9,2026-05-27T17:01:00.689Z
sensor.shelly_plug_sg3_wk_waschmaschine_wk_waschmaschine_leistung,68.7,2026-05-27T17:01:01.727Z
sensor.shelly_plug_sg3_wk_waschmaschine_wk_waschmaschine_leistung,123.2,2026-05-27T17:01:02.753Z
sensor.shelly_plug_sg3_wk_waschmaschine_wk_waschmaschine_leistung,58.0,2026-05-27T17:01:04.826Z
sensor.shelly_plug_sg3_wk_waschmaschine_wk_waschmaschine_leistung,139.6,2026-05-27T17:01:06.866Z
sensor.shelly_plug_sg3_wk_waschmaschine_wk_waschmaschine_leistung,130.6,2026-05-27T17:01:07.897Z
sensor.shelly_plug_sg3_wk_waschmaschine_wk_waschmaschine_leistung,138.7,2026-05-27T17:01:08.924Z
sensor.shelly_plug_sg3_wk_waschmaschine_wk_waschmaschine_leistung,127.7,2026-05-27T17:01:09.952Z
sensor.shelly_plug_sg3_wk_waschmaschine_wk_waschmaschine_leistung,107.8,2026-05-27T17:01:10.979Z
sensor.shelly_plug_sg3_wk_waschmaschine_wk_waschmaschine_leistung,94.7,2026-05-27T17:01:12.007Z
sensor.shelly_plug_sg3_wk_waschmaschine_wk_waschmaschine_leistung,87.4,2026-05-27T17:01:13.038Z
sensor.shelly_plug_sg3_wk_waschmaschine_wk_waschmaschine_leistung,64.3,2026-05-27T17:01:14.064Z
sensor.shelly_plug_sg3_wk_waschmaschine_wk_waschmaschine_leistung,55.5,2026-05-27T17:01:15.092Z
sensor.shelly_plug_sg3_wk_waschmaschine_wk_waschmaschine_leistung,52.0,2026-05-27T17:01:17.141Z
sensor.shelly_plug_sg3_wk_waschmaschine_wk_waschmaschine_leistung,48.7,2026-05-27T17:01:18.177Z
sensor.shelly_plug_sg3_wk_waschmaschine_wk_waschmaschine_leistung,44.8,2026-05-27T17:01:19.196Z
sensor.shelly_plug_sg3_wk_waschmaschine_wk_waschmaschine_leistung,22.6,2026-05-27T17:01:23.317Z
sensor.shelly_plug_sg3_wk_waschmaschine_wk_waschmaschine_leistung,18.7,2026-05-27T17:01:24.337Z
sensor.shelly_plug_sg3_wk_waschmaschine_wk_waschmaschine_leistung,15.7,2026-05-27T17:01:25.373Z
sensor.shelly_plug_sg3_wk_waschmaschine_wk_waschmaschine_leistung,4.0,2026-05-27T17:01:26.402Z
sensor.shelly_plug_sg3_wk_waschmaschine_wk_waschmaschine_leistung,3.5,2026-05-27T17:01:59.989Z
sensor.shelly_plug_sg3_wk_waschmaschine_wk_waschmaschine_leistung,83.9,2026-05-27T17:02:08.546Z
sensor.shelly_plug_sg3_wk_waschmaschine_wk_waschmaschine_leistung,89.4,2026-05-27T17:02:10.596Z
sensor.shelly_plug_sg3_wk_waschmaschine_wk_waschmaschine_leistung,81.5,2026-05-27T17:02:11.620Z
sensor.shelly_plug_sg3_wk_waschmaschine_wk_waschmaschine_leistung,88.0,2026-05-27T17:02:12.650Z
sensor.shelly_plug_sg3_wk_waschmaschine_wk_waschmaschine_leistung,8.1,2026-05-27T17:02:18.825Z
sensor.shelly_plug_sg3_wk_waschmaschine_wk_waschmaschine_leistung,70.4,2026-05-27T17:02:23.966Z
sensor.shelly_plug_sg3_wk_waschmaschine_wk_waschmaschine_leistung,105.6,2026-05-27T17:02:24.997Z
sensor.shelly_plug_sg3_wk_waschmaschine_wk_waschmaschine_leistung,95.1,2026-05-27T17:02:27.050Z
sensor.shelly_plug_sg3_wk_waschmaschine_wk_waschmaschine_leistung,103.4,2026-05-27T17:02:28.080Z
sensor.shelly_plug_sg3_wk_waschmaschine_wk_waschmaschine_leistung,57.1,2026-05-27T17:02:33.208Z
sensor.shelly_plug_sg3_wk_waschmaschine_wk_waschmaschine_leistung,11.2,2026-05-27T17:02:34.248Z
sensor.shelly_plug_sg3_wk_waschmaschine_wk_waschmaschine_leistung,37.6,2026-05-27T17:02:39.384Z
sensor.shelly_plug_sg3_wk_waschmaschine_wk_waschmaschine_leistung,92.0,2026-05-27T17:02:40.415Z
sensor.shelly_plug_sg3_wk_waschmaschine_wk_waschmaschine_leistung,101.9,2026-05-27T17:02:41.442Z
sensor.shelly_plug_sg3_wk_waschmaschine_wk_waschmaschine_leistung,96.2,2026-05-27T17:02:43.498Z
sensor.shelly_plug_sg3_wk_waschmaschine_wk_waschmaschine_leistung,104.5,2026-05-27T17:02:47.610Z
sensor.shelly_plug_sg3_wk_waschmaschine_wk_waschmaschine_leistung,93.9,2026-05-27T17:02:48.638Z
sensor.shelly_plug_sg3_wk_waschmaschine_wk_waschmaschine_leistung,16.6,2026-05-27T17:02:49.668Z
sensor.shelly_plug_sg3_wk_waschmaschine_wk_waschmaschine_leistung,10.9,2026-05-27T17:02:50.695Z
sensor.shelly_plug_sg3_wk_waschmaschine_wk_waschmaschine_leistung,12.2,2026-05-27T17:02:54.803Z
sensor.shelly_plug_sg3_wk_waschmaschine_wk_waschmaschine_leistung,121.6,2026-05-27T17:02:55.835Z
sensor.shelly_plug_sg3_wk_waschmaschine_wk_waschmaschine_leistung,112.9,2026-05-27T17:02:57.891Z
sensor.shelly_plug_sg3_wk_waschmaschine_wk_waschmaschine_leistung,125.8,2026-05-27T17:02:59.951Z
sensor.shelly_plug_sg3_wk_waschmaschine_wk_waschmaschine_leistung,113.3,2026-05-27T17:03:00.975Z
sensor.shelly_plug_sg3_wk_waschmaschine_wk_waschmaschine_leistung,120.9,2026-05-27T17:03:02.004Z
sensor.shelly_plug_sg3_wk_waschmaschine_wk_waschmaschine_leistung,131.3,2026-05-27T17:03:04.060Z
sensor.shelly_plug_sg3_wk_waschmaschine_wk_waschmaschine_leistung,60.3,2026-05-27T17:03:05.090Z
sensor.shelly_plug_sg3_wk_waschmaschine_wk_waschmaschine_leistung,10.8,2026-05-27T17:03:06.117Z
sensor.shelly_plug_sg3_wk_waschmaschine_wk_waschmaschine_leistung,44.3,2026-05-27T17:03:10.228Z
sensor.shelly_plug_sg3_wk_waschmaschine_wk_waschmaschine_leistung,119.7,2026-05-27T17:03:11.257Z
sensor.shelly_plug_sg3_wk_waschmaschine_wk_waschmaschine_leistung,127.5,2026-05-27T17:03:13.304Z
sensor.shelly_plug_sg3_wk_waschmaschine_wk_waschmaschine_leistung,118.0,2026-05-27T17:03:16.431Z
sensor.shelly_plug_sg3_wk_waschmaschine_wk_waschmaschine_leistung,7.4,2026-05-27T17:03:20.508Z
sensor.shelly_plug_sg3_wk_waschmaschine_wk_waschmaschine_leistung,3.9,2026-05-27T17:03:21.538Z
sensor.shelly_plug_sg3_wk_waschmaschine_wk_waschmaschine_leistung,7.0,2026-05-27T17:03:25.639Z
sensor.shelly_plug_sg3_wk_waschmaschine_wk_waschmaschine_leistung,111.7,2026-05-27T17:03:26.677Z
sensor.shelly_plug_sg3_wk_waschmaschine_wk_waschmaschine_leistung,139.5,2026-05-27T17:03:27.705Z
sensor.shelly_plug_sg3_wk_waschmaschine_wk_waschmaschine_leistung,122.3,2026-05-27T17:03:28.734Z
sensor.shelly_plug_sg3_wk_waschmaschine_wk_waschmaschine_leistung,145.3,2026-05-27T17:03:29.763Z
sensor.shelly_plug_sg3_wk_waschmaschine_wk_waschmaschine_leistung,125.7,2026-05-27T17:03:30.790Z
sensor.shelly_plug_sg3_wk_waschmaschine_wk_waschmaschine_leistung,137.0,2026-05-27T17:03:31.819Z
sensor.shelly_plug_sg3_wk_waschmaschine_wk_waschmaschine_leistung,128.2,2026-05-27T17:03:33.875Z
sensor.shelly_plug_sg3_wk_waschmaschine_wk_waschmaschine_leistung,135.9,2026-05-27T17:03:34.903Z
sensor.shelly_plug_sg3_wk_waschmaschine_wk_waschmaschine_leistung,44.8,2026-05-27T17:03:35.931Z
sensor.shelly_plug_sg3_wk_waschmaschine_wk_waschmaschine_leistung,3.7,2026-05-27T17:03:36.959Z
sensor.shelly_plug_sg3_wk_waschmaschine_wk_waschmaschine_leistung,116.2,2026-05-27T17:03:42.100Z
sensor.shelly_plug_sg3_wk_waschmaschine_wk_waschmaschine_leistung,125.2,2026-05-27T17:03:44.155Z
sensor.shelly_plug_sg3_wk_waschmaschine_wk_waschmaschine_leistung,118.0,2026-05-27T17:03:45.174Z
sensor.shelly_plug_sg3_wk_waschmaschine_wk_waschmaschine_leistung,131.5,2026-05-27T17:03:47.239Z
sensor.shelly_plug_sg3_wk_waschmaschine_wk_waschmaschine_leistung,121.4,2026-05-27T17:03:49.286Z
sensor.shelly_plug_sg3_wk_waschmaschine_wk_waschmaschine_leistung,127.9,2026-05-27T17:03:50.314Z
sensor.shelly_plug_sg3_wk_waschmaschine_wk_waschmaschine_leistung,94.9,2026-05-27T17:03:51.353Z
sensor.shelly_plug_sg3_wk_waschmaschine_wk_waschmaschine_leistung,6.2,2026-05-27T17:03:52.382Z
sensor.shelly_plug_sg3_wk_waschmaschine_wk_waschmaschine_leistung,3.6,2026-05-27T17:03:53.408Z
sensor.shelly_plug_sg3_wk_waschmaschine_wk_waschmaschine_leistung,122.9,2026-05-27T17:03:57.525Z
sensor.shelly_plug_sg3_wk_waschmaschine_wk_waschmaschine_leistung,136.6,2026-05-27T17:03:58.549Z
sensor.shelly_plug_sg3_wk_waschmaschine_wk_waschmaschine_leistung,141.0,2026-05-27T17:04:00.050Z
sensor.shelly_plug_sg3_wk_waschmaschine_wk_waschmaschine_leistung,149.3,2026-05-27T17:04:00.604Z
sensor.shelly_plug_sg3_wk_waschmaschine_wk_waschmaschine_leistung,137.7,2026-05-27T17:04:01.635Z
sensor.shelly_plug_sg3_wk_waschmaschine_wk_waschmaschine_leistung,129.9,2026-05-27T17:04:02.660Z
sensor.shelly_plug_sg3_wk_waschmaschine_wk_waschmaschine_leistung,137.6,2026-05-27T17:04:03.689Z
sensor.shelly_plug_sg3_wk_waschmaschine_wk_waschmaschine_leistung,129.1,2026-05-27T17:04:05.745Z
sensor.shelly_plug_sg3_wk_waschmaschine_wk_waschmaschine_leistung,144.0,2026-05-27T17:04:06.774Z
sensor.shelly_plug_sg3_wk_waschmaschine_wk_waschmaschine_leistung,3.7,2026-05-27T17:04:07.803Z
sensor.shelly_plug_sg3_wk_waschmaschine_wk_waschmaschine_leistung,53.0,2026-05-27T17:04:12.942Z
sensor.shelly_plug_sg3_wk_waschmaschine_wk_waschmaschine_leistung,116.5,2026-05-27T17:04:13.970Z
sensor.shelly_plug_sg3_wk_waschmaschine_wk_waschmaschine_leistung,130.3,2026-05-27T17:04:14.999Z
sensor.shelly_plug_sg3_wk_waschmaschine_wk_waschmaschine_leistung,121.2,2026-05-27T17:04:16.039Z
sensor.shelly_plug_sg3_wk_waschmaschine_wk_waschmaschine_leistung,129.7,2026-05-27T17:04:17.059Z
sensor.shelly_plug_sg3_wk_waschmaschine_wk_waschmaschine_leistung,121.5,2026-05-27T17:04:21.171Z
sensor.shelly_plug_sg3_wk_waschmaschine_wk_waschmaschine_leistung,84.8,2026-05-27T17:04:22.196Z
sensor.shelly_plug_sg3_wk_waschmaschine_wk_waschmaschine_leistung,4.9,2026-05-27T17:04:23.224Z
sensor.shelly_plug_sg3_wk_waschmaschine_wk_waschmaschine_leistung,3.6,2026-05-27T17:04:24.242Z
sensor.shelly_plug_sg3_wk_waschmaschine_wk_waschmaschine_leistung,18.2,2026-05-27T17:04:28.363Z
sensor.shelly_plug_sg3_wk_waschmaschine_wk_waschmaschine_leistung,131.0,2026-05-27T17:04:29.392Z
sensor.shelly_plug_sg3_wk_waschmaschine_wk_waschmaschine_leistung,149.8,2026-05-27T17:04:30.420Z
sensor.shelly_plug_sg3_wk_waschmaschine_wk_waschmaschine_leistung,130.8,2026-05-27T17:04:31.448Z
sensor.shelly_plug_sg3_wk_waschmaschine_wk_waschmaschine_leistung,140.6,2026-05-27T17:04:32.476Z
sensor.shelly_plug_sg3_wk_waschmaschine_wk_waschmaschine_leistung,128.9,2026-05-27T17:04:34.532Z
sensor.shelly_plug_sg3_wk_waschmaschine_wk_waschmaschine_leistung,137.2,2026-05-27T17:04:35.560Z
sensor.shelly_plug_sg3_wk_waschmaschine_wk_waschmaschine_leistung,128.7,2026-05-27T17:04:37.619Z
sensor.shelly_plug_sg3_wk_waschmaschine_wk_waschmaschine_leistung,24.1,2026-05-27T17:04:38.645Z
sensor.shelly_plug_sg3_wk_waschmaschine_wk_waschmaschine_leistung,3.7,2026-05-27T17:04:39.673Z
sensor.shelly_plug_sg3_wk_waschmaschine_wk_waschmaschine_leistung,67.2,2026-05-27T17:04:43.787Z
sensor.shelly_plug_sg3_wk_waschmaschine_wk_waschmaschine_leistung,123.9,2026-05-27T17:04:44.816Z
sensor.shelly_plug_sg3_wk_waschmaschine_wk_waschmaschine_leistung,114.2,2026-05-27T17:04:45.841Z
sensor.shelly_plug_sg3_wk_waschmaschine_wk_waschmaschine_leistung,120.6,2026-05-27T17:04:46.870Z
sensor.shelly_plug_sg3_wk_waschmaschine_wk_waschmaschine_leistung,73.7,2026-05-27T17:04:54.067Z
sensor.shelly_plug_sg3_wk_waschmaschine_wk_waschmaschine_leistung,3.6,2026-05-27T17:04:55.093Z
sensor.shelly_plug_sg3_wk_waschmaschine_wk_waschmaschine_leistung,27.9,2026-05-27T17:04:59.205Z
sensor.shelly_plug_sg3_wk_waschmaschine_wk_waschmaschine_leistung,134.4,2026-05-27T17:05:00.234Z
sensor.shelly_plug_sg3_wk_waschmaschine_wk_waschmaschine_leistung,142.1,2026-05-27T17:05:03.308Z
sensor.shelly_plug_sg3_wk_waschmaschine_wk_waschmaschine_leistung,126.9,2026-05-27T17:05:04.346Z
sensor.shelly_plug_sg3_wk_waschmaschine_wk_waschmaschine_leistung,134.6,2026-05-27T17:05:06.402Z
sensor.shelly_plug_sg3_wk_waschmaschine_wk_waschmaschine_leistung,125.6,2026-05-27T17:05:08.458Z
sensor.shelly_plug_sg3_wk_waschmaschine_wk_waschmaschine_leistung,12.8,2026-05-27T17:05:09.485Z
sensor.shelly_plug_sg3_wk_waschmaschine_wk_waschmaschine_leistung,3.6,2026-05-27T17:05:10.514Z
sensor.shelly_plug_sg3_wk_waschmaschine_wk_waschmaschine_leistung,74.3,2026-05-27T17:05:15.653Z
sensor.shelly_plug_sg3_wk_waschmaschine_wk_waschmaschine_leistung,120.7,2026-05-27T17:05:16.681Z
sensor.shelly_plug_sg3_wk_waschmaschine_wk_waschmaschine_leistung,130.2,2026-05-27T17:05:17.710Z
sensor.shelly_plug_sg3_wk_waschmaschine_wk_waschmaschine_leistung,123.5,2026-05-27T17:05:21.822Z
sensor.shelly_plug_sg3_wk_waschmaschine_wk_waschmaschine_leistung,114.1,2026-05-27T17:05:22.852Z
sensor.shelly_plug_sg3_wk_waschmaschine_wk_waschmaschine_leistung,129.0,2026-05-27T17:05:23.928Z
sensor.shelly_plug_sg3_wk_waschmaschine_wk_waschmaschine_leistung,62.5,2026-05-27T17:05:24.906Z
sensor.shelly_plug_sg3_wk_waschmaschine_wk_waschmaschine_leistung,4.5,2026-05-27T17:05:25.934Z
sensor.shelly_plug_sg3_wk_waschmaschine_wk_waschmaschine_leistung,3.5,2026-05-27T17:05:30.039Z
sensor.shelly_plug_sg3_wk_waschmaschine_wk_waschmaschine_leistung,133.7,2026-05-27T17:05:31.077Z
sensor.shelly_plug_sg3_wk_waschmaschine_wk_waschmaschine_leistung,144.7,2026-05-27T17:05:32.102Z
sensor.shelly_plug_sg3_wk_waschmaschine_wk_waschmaschine_leistung,126.9,2026-05-27T17:05:33.131Z
sensor.shelly_plug_sg3_wk_waschmaschine_wk_waschmaschine_leistung,142.4,2026-05-27T17:05:35.187Z
sensor.shelly_plug_sg3_wk_waschmaschine_wk_waschmaschine_leistung,132.5,2026-05-27T17:05:36.217Z
sensor.shelly_plug_sg3_wk_waschmaschine_wk_waschmaschine_leistung,118.4,2026-05-27T17:05:40.322Z
sensor.shelly_plug_sg3_wk_waschmaschine_wk_waschmaschine_leistung,8.3,2026-05-27T17:05:41.357Z
sensor.shelly_plug_sg3_wk_waschmaschine_wk_waschmaschine_leistung,3.5,2026-05-27T17:05:42.388Z
sensor.shelly_plug_sg3_wk_waschmaschine_wk_waschmaschine_leistung,5.7,2026-05-27T17:05:45.459Z
sensor.shelly_plug_sg3_wk_waschmaschine_wk_waschmaschine_leistung,83.4,2026-05-27T17:05:46.496Z
sensor.shelly_plug_sg3_wk_waschmaschine_wk_waschmaschine_leistung,125.8,2026-05-27T17:05:47.525Z
sensor.shelly_plug_sg3_wk_waschmaschine_wk_waschmaschine_leistung,132.6,2026-05-27T17:05:52.656Z
sensor.shelly_plug_sg3_wk_waschmaschine_wk_waschmaschine_leistung,125.2,2026-05-27T17:05:54.752Z
sensor.shelly_plug_sg3_wk_waschmaschine_wk_waschmaschine_leistung,3.8,2026-05-27T17:05:56.780Z
sensor.shelly_plug_sg3_wk_waschmaschine_wk_waschmaschine_leistung,3.6,2026-05-27T17:06:00.050Z
sensor.shelly_plug_sg3_wk_waschmaschine_wk_waschmaschine_leistung,48.0,2026-05-27T17:06:01.916Z
sensor.shelly_plug_sg3_wk_waschmaschine_wk_waschmaschine_leistung,142.1,2026-05-27T17:06:02.944Z
sensor.shelly_plug_sg3_wk_waschmaschine_wk_waschmaschine_leistung,134.0,2026-05-27T17:06:05.002Z
sensor.shelly_plug_sg3_wk_waschmaschine_wk_waschmaschine_leistung,143.8,2026-05-27T17:06:10.141Z
sensor.shelly_plug_sg3_wk_waschmaschine_wk_waschmaschine_leistung,119.2,2026-05-27T17:06:11.172Z
sensor.shelly_plug_sg3_wk_waschmaschine_wk_waschmaschine_leistung,6.7,2026-05-27T17:06:12.195Z
sensor.shelly_plug_sg3_wk_waschmaschine_wk_waschmaschine_leistung,3.5,2026-05-27T17:06:13.223Z
sensor.shelly_plug_sg3_wk_waschmaschine_wk_waschmaschine_leistung,8.3,2026-05-27T17:06:17.335Z
sensor.shelly_plug_sg3_wk_waschmaschine_wk_waschmaschine_leistung,124.5,2026-05-27T17:06:18.367Z
sensor.shelly_plug_sg3_wk_waschmaschine_wk_waschmaschine_leistung,115.1,2026-05-27T17:06:24.532Z
sensor.shelly_plug_sg3_wk_waschmaschine_wk_waschmaschine_leistung,121.6,2026-05-27T17:06:25.560Z
sensor.shelly_plug_sg3_wk_waschmaschine_wk_waschmaschine_leistung,49.6,2026-05-27T17:06:27.616Z
sensor.shelly_plug_sg3_wk_waschmaschine_wk_waschmaschine_leistung,4.3,2026-05-27T17:06:28.644Z
sensor.shelly_plug_sg3_wk_waschmaschine_wk_waschmaschine_leistung,58.2,2026-05-27T17:06:32.757Z
sensor.shelly_plug_sg3_wk_waschmaschine_wk_waschmaschine_leistung,154.0,2026-05-27T17:06:33.785Z
sensor.shelly_plug_sg3_wk_waschmaschine_wk_waschmaschine_leistung,143.8,2026-05-27T17:06:34.814Z
sensor.shelly_plug_sg3_wk_waschmaschine_wk_waschmaschine_leistung,134.7,2026-05-27T17:06:35.842Z
sensor.shelly_plug_sg3_wk_waschmaschine_wk_waschmaschine_leistung,126.3,2026-05-27T17:06:36.869Z
sensor.shelly_plug_sg3_wk_waschmaschine_wk_waschmaschine_leistung,137.8,2026-05-27T17:06:38.928Z
sensor.shelly_plug_sg3_wk_waschmaschine_wk_waschmaschine_leistung,127.4,2026-05-27T17:06:40.982Z
sensor.shelly_plug_sg3_wk_waschmaschine_wk_waschmaschine_leistung,91.5,2026-05-27T17:06:43.039Z
sensor.shelly_plug_sg3_wk_waschmaschine_wk_waschmaschine_leistung,3.6,2026-05-27T17:06:44.066Z
sensor.shelly_plug_sg3_wk_waschmaschine_wk_waschmaschine_leistung,13.4,2026-05-27T17:06:48.179Z
sensor.shelly_plug_sg3_wk_waschmaschine_wk_waschmaschine_leistung,108.0,2026-05-27T17:06:49.207Z
sensor.shelly_plug_sg3_wk_waschmaschine_wk_waschmaschine_leistung,126.2,2026-05-27T17:06:50.236Z
sensor.shelly_plug_sg3_wk_waschmaschine_wk_waschmaschine_leistung,118.7,2026-05-27T17:06:51.263Z
sensor.shelly_plug_sg3_wk_waschmaschine_wk_waschmaschine_leistung,132.1,2026-05-27T17:06:52.291Z
sensor.shelly_plug_sg3_wk_waschmaschine_wk_waschmaschine_leistung,122.2,2026-05-27T17:06:53.322Z
sensor.shelly_plug_sg3_wk_waschmaschine_wk_waschmaschine_leistung,25.6,2026-05-27T17:06:58.463Z
sensor.shelly_plug_sg3_wk_waschmaschine_wk_waschmaschine_leistung,4.1,2026-05-27T17:06:59.489Z
sensor.shelly_plug_sg3_wk_waschmaschine_wk_waschmaschine_leistung,69.0,2026-05-27T17:07:04.627Z
sensor.shelly_plug_sg3_wk_waschmaschine_wk_waschmaschine_leistung,132.8,2026-05-27T17:07:05.659Z
sensor.shelly_plug_sg3_wk_waschmaschine_wk_waschmaschine_leistung,140.5,2026-05-27T17:07:07.714Z
sensor.shelly_plug_sg3_wk_waschmaschine_wk_waschmaschine_leistung,125.7,2026-05-27T17:07:08.743Z
sensor.shelly_plug_sg3_wk_waschmaschine_wk_waschmaschine_leistung,142.4,2026-05-27T17:07:09.774Z
sensor.shelly_plug_sg3_wk_waschmaschine_wk_waschmaschine_leistung,127.9,2026-05-27T17:07:12.852Z
sensor.shelly_plug_sg3_wk_waschmaschine_wk_waschmaschine_leistung,86.1,2026-05-27T17:07:13.882Z
sensor.shelly_plug_sg3_wk_waschmaschine_wk_waschmaschine_leistung,4.4,2026-05-27T17:07:14.909Z
sensor.shelly_plug_sg3_wk_waschmaschine_wk_waschmaschine_leistung,106.1,2026-05-27T17:07:20.049Z
sensor.shelly_plug_sg3_wk_waschmaschine_wk_waschmaschine_leistung,121.4,2026-05-27T17:07:21.076Z
sensor.shelly_plug_sg3_wk_waschmaschine_wk_waschmaschine_leistung,132.8,2026-05-27T17:07:22.105Z
sensor.shelly_plug_sg3_wk_waschmaschine_wk_waschmaschine_leistung,122.2,2026-05-27T17:07:24.161Z
sensor.shelly_plug_sg3_wk_waschmaschine_wk_waschmaschine_leistung,115.7,2026-05-27T17:07:25.189Z
sensor.shelly_plug_sg3_wk_waschmaschine_wk_waschmaschine_leistung,121.8,2026-05-27T17:07:26.217Z
sensor.shelly_plug_sg3_wk_waschmaschine_wk_waschmaschine_leistung,132.2,2026-05-27T17:07:29.324Z
sensor.shelly_plug_sg3_wk_waschmaschine_wk_waschmaschine_leistung,3.6,2026-05-27T17:07:30.332Z
sensor.shelly_plug_sg3_wk_waschmaschine_wk_waschmaschine_leistung,77.1,2026-05-27T17:07:35.471Z
sensor.shelly_plug_sg3_wk_waschmaschine_wk_waschmaschine_leistung,161.8,2026-05-27T17:07:36.498Z
sensor.shelly_plug_sg3_wk_waschmaschine_wk_waschmaschine_leistung,136.1,2026-05-27T17:07:37.526Z
sensor.shelly_plug_sg3_wk_waschmaschine_wk_waschmaschine_leistung,146.2,2026-05-27T17:07:41.657Z
sensor.shelly_plug_sg3_wk_waschmaschine_wk_waschmaschine_leistung,132.1,2026-05-27T17:07:42.666Z
sensor.shelly_plug_sg3_wk_waschmaschine_wk_waschmaschine_leistung,4.1,2026-05-27T17:07:45.750Z
sensor.shelly_plug_sg3_wk_waschmaschine_wk_waschmaschine_leistung,28.8,2026-05-27T17:07:50.890Z
sensor.shelly_plug_sg3_wk_waschmaschine_wk_waschmaschine_leistung,108.4,2026-05-27T17:07:51.918Z
sensor.shelly_plug_sg3_wk_waschmaschine_wk_waschmaschine_leistung,116.8,2026-05-27T17:07:52.948Z
sensor.shelly_plug_sg3_wk_waschmaschine_wk_waschmaschine_leistung,132.5,2026-05-27T17:07:53.974Z
sensor.shelly_plug_sg3_wk_waschmaschine_wk_waschmaschine_leistung,122.4,2026-05-27T17:07:56.030Z
sensor.shelly_plug_sg3_wk_waschmaschine_wk_waschmaschine_leistung,134.5,2026-05-27T17:07:57.059Z
sensor.shelly_plug_sg3_wk_waschmaschine_wk_waschmaschine_leistung,117.9,2026-05-27T17:07:58.089Z
sensor.shelly_plug_sg3_wk_waschmaschine_wk_waschmaschine_leistung,129.0,2026-05-27T17:07:59.115Z
sensor.shelly_plug_sg3_wk_waschmaschine_wk_waschmaschine_leistung,12.4,2026-05-27T17:08:01.174Z
sensor.shelly_plug_sg3_wk_waschmaschine_wk_waschmaschine_leistung,3.6,2026-05-27T17:08:02.202Z
sensor.shelly_plug_sg3_wk_waschmaschine_wk_waschmaschine_leistung,4.7,2026-05-27T17:08:06.302Z
sensor.shelly_plug_sg3_wk_waschmaschine_wk_waschmaschine_leistung,144.4,2026-05-27T17:08:07.340Z
sensor.shelly_plug_sg3_wk_waschmaschine_wk_waschmaschine_leistung,135.3,2026-05-27T17:08:08.368Z
sensor.shelly_plug_sg3_wk_waschmaschine_wk_waschmaschine_leistung,123.5,2026-05-27T17:08:12.473Z
sensor.shelly_plug_sg3_wk_waschmaschine_wk_waschmaschine_leistung,131.5,2026-05-27T17:08:13.500Z
sensor.shelly_plug_sg3_wk_waschmaschine_wk_waschmaschine_leistung,58.3,2026-05-27T17:08:16.594Z
sensor.shelly_plug_sg3_wk_waschmaschine_wk_waschmaschine_leistung,3.6,2026-05-27T17:08:17.641Z
sensor.shelly_plug_sg3_wk_waschmaschine_wk_waschmaschine_leistung,38.7,2026-05-27T17:08:21.736Z
sensor.shelly_plug_sg3_wk_waschmaschine_wk_waschmaschine_leistung,122.5,2026-05-27T17:08:22.763Z
sensor.shelly_plug_sg3_wk_waschmaschine_wk_waschmaschine_leistung,132.2,2026-05-27T17:08:29.946Z
sensor.shelly_plug_sg3_wk_waschmaschine_wk_waschmaschine_leistung,8.4,2026-05-27T17:08:32.011Z
sensor.shelly_plug_sg3_wk_waschmaschine_wk_waschmaschine_leistung,3.9,2026-05-27T17:08:33.040Z
sensor.shelly_plug_sg3_wk_waschmaschine_wk_waschmaschine_leistung,6.4,2026-05-27T17:08:37.144Z
sensor.shelly_plug_sg3_wk_waschmaschine_wk_waschmaschine_leistung,100.6,2026-05-27T17:08:38.181Z
sensor.shelly_plug_sg3_wk_waschmaschine_wk_waschmaschine_leistung,136.1,2026-05-27T17:08:39.209Z
sensor.shelly_plug_sg3_wk_waschmaschine_wk_waschmaschine_leistung,50.1,2026-05-27T17:08:47.431Z
sensor.shelly_plug_sg3_wk_waschmaschine_wk_waschmaschine_leistung,3.8,2026-05-27T17:08:48.459Z
sensor.shelly_plug_sg3_wk_waschmaschine_wk_waschmaschine_leistung,47.9,2026-05-27T17:08:53.600Z
sensor.shelly_plug_sg3_wk_waschmaschine_wk_waschmaschine_leistung,116.7,2026-05-27T17:08:54.628Z
sensor.shelly_plug_sg3_wk_waschmaschine_wk_waschmaschine_leistung,128.9,2026-05-27T17:08:55.654Z
sensor.shelly_plug_sg3_wk_waschmaschine_wk_waschmaschine_leistung,117.0,2026-05-27T17:08:56.683Z
sensor.shelly_plug_sg3_wk_waschmaschine_wk_waschmaschine_leistung,118.3,2026-05-27T17:09:00.041Z
sensor.shelly_plug_sg3_wk_waschmaschine_wk_waschmaschine_leistung,125.6,2026-05-27T17:09:00.795Z
sensor.shelly_plug_sg3_wk_waschmaschine_wk_waschmaschine_leistung,86.3,2026-05-27T17:09:02.854Z
sensor.shelly_plug_sg3_wk_waschmaschine_wk_waschmaschine_leistung,6.3,2026-05-27T17:09:03.879Z
sensor.shelly_plug_sg3_wk_waschmaschine_wk_waschmaschine_leistung,3.6,2026-05-27T17:09:04.911Z
sensor.shelly_plug_sg3_wk_waschmaschine_wk_waschmaschine_leistung,41.1,2026-05-27T17:09:07.992Z
sensor.shelly_plug_sg3_wk_waschmaschine_wk_waschmaschine_leistung,160.6,2026-05-27T17:09:09.020Z
sensor.shelly_plug_sg3_wk_waschmaschine_wk_waschmaschine_leistung,145.3,2026-05-27T17:09:13.132Z
sensor.shelly_plug_sg3_wk_waschmaschine_wk_waschmaschine_leistung,45.4,2026-05-27T17:09:18.272Z
sensor.shelly_plug_sg3_wk_waschmaschine_wk_waschmaschine_leistung,25.0,2026-05-27T17:09:19.302Z
sensor.shelly_plug_sg3_wk_waschmaschine_wk_waschmaschine_leistung,82.0,2026-05-27T17:09:23.411Z
sensor.shelly_plug_sg3_wk_waschmaschine_wk_waschmaschine_leistung,130.8,2026-05-27T17:09:24.443Z
sensor.shelly_plug_sg3_wk_waschmaschine_wk_waschmaschine_leistung,117.5,2026-05-27T17:09:32.663Z
sensor.shelly_plug_sg3_wk_waschmaschine_wk_waschmaschine_leistung,17.7,2026-05-27T17:09:33.694Z
sensor.shelly_plug_sg3_wk_waschmaschine_wk_waschmaschine_leistung,32.5,2026-05-27T17:09:35.747Z
sensor.shelly_plug_sg3_wk_waschmaschine_wk_waschmaschine_leistung,155.6,2026-05-27T17:09:36.775Z
sensor.shelly_plug_sg3_wk_waschmaschine_wk_waschmaschine_leistung,132.0,2026-05-27T17:09:37.805Z
sensor.shelly_plug_sg3_wk_waschmaschine_wk_waschmaschine_leistung,109.0,2026-05-27T17:09:40.888Z
sensor.shelly_plug_sg3_wk_waschmaschine_wk_waschmaschine_leistung,87.9,2026-05-27T17:09:41.923Z
sensor.shelly_plug_sg3_wk_waschmaschine_wk_waschmaschine_leistung,72.6,2026-05-27T17:09:42.945Z
sensor.shelly_plug_sg3_wk_waschmaschine_wk_waschmaschine_leistung,62.2,2026-05-27T17:09:45.001Z
sensor.shelly_plug_sg3_wk_waschmaschine_wk_waschmaschine_leistung,58.7,2026-05-27T17:09:46.020Z
sensor.shelly_plug_sg3_wk_waschmaschine_wk_waschmaschine_leistung,55.5,2026-05-27T17:09:47.058Z
sensor.shelly_plug_sg3_wk_waschmaschine_wk_waschmaschine_leistung,47.0,2026-05-27T17:09:48.088Z
sensor.shelly_plug_sg3_wk_waschmaschine_wk_waschmaschine_leistung,43.1,2026-05-27T17:09:51.161Z
sensor.shelly_plug_sg3_wk_waschmaschine_wk_waschmaschine_leistung,37.1,2026-05-27T17:09:52.198Z
sensor.shelly_plug_sg3_wk_waschmaschine_wk_waschmaschine_leistung,18.5,2026-05-27T17:09:53.226Z
sensor.shelly_plug_sg3_wk_waschmaschine_wk_waschmaschine_leistung,18.9,2026-05-27T17:10:00.043Z
sensor.shelly_plug_sg3_wk_waschmaschine_wk_waschmaschine_leistung,19.8,2026-05-27T17:10:02.467Z
sensor.shelly_plug_sg3_wk_waschmaschine_wk_waschmaschine_leistung,5.7,2026-05-27T17:10:03.505Z
sensor.shelly_plug_sg3_wk_waschmaschine_wk_waschmaschine_leistung,3.6,2026-05-27T17:10:04.524Z
sensor.shelly_plug_sg3_wk_waschmaschine_wk_waschmaschine_leistung,103.7,2026-05-27T17:10:27.144Z
sensor.shelly_plug_sg3_wk_waschmaschine_wk_waschmaschine_leistung,111.3,2026-05-27T17:10:28.163Z
sensor.shelly_plug_sg3_wk_waschmaschine_wk_waschmaschine_leistung,128.5,2026-05-27T17:10:29.201Z
sensor.shelly_plug_sg3_wk_waschmaschine_wk_waschmaschine_leistung,116.9,2026-05-27T17:10:30.229Z
sensor.shelly_plug_sg3_wk_waschmaschine_wk_waschmaschine_leistung,99.6,2026-05-27T17:10:31.257Z
sensor.shelly_plug_sg3_wk_waschmaschine_wk_waschmaschine_leistung,110.6,2026-05-27T17:10:34.341Z
sensor.shelly_plug_sg3_wk_waschmaschine_wk_waschmaschine_leistung,48.3,2026-05-27T17:10:35.369Z
sensor.shelly_plug_sg3_wk_waschmaschine_wk_waschmaschine_leistung,43.3,2026-05-27T17:10:36.389Z
sensor.shelly_plug_sg3_wk_waschmaschine_wk_waschmaschine_leistung,41.1,2026-05-27T17:10:40.500Z
sensor.shelly_plug_sg3_wk_waschmaschine_wk_waschmaschine_leistung,171.6,2026-05-27T17:10:43.593Z
sensor.shelly_plug_sg3_wk_waschmaschine_wk_waschmaschine_leistung,346.9,2026-05-27T17:10:44.622Z
sensor.shelly_plug_sg3_wk_waschmaschine_wk_waschmaschine_leistung,113.7,2026-05-27T17:10:45.649Z
sensor.shelly_plug_sg3_wk_waschmaschine_wk_waschmaschine_leistung,66.7,2026-05-27T17:10:46.677Z
sensor.shelly_plug_sg3_wk_waschmaschine_wk_waschmaschine_leistung,12.2,2026-05-27T17:10:47.707Z
sensor.shelly_plug_sg3_wk_waschmaschine_wk_waschmaschine_leistung,3.6,2026-05-27T17:10:48.733Z
sensor.shelly_plug_sg3_wk_waschmaschine_wk_waschmaschine_leistung,18.5,2026-05-27T17:11:17.527Z
sensor.shelly_plug_sg3_wk_waschmaschine_wk_waschmaschine_leistung,28.6,2026-05-27T17:11:18.547Z
sensor.shelly_plug_sg3_wk_waschmaschine_wk_waschmaschine_leistung,22.6,2026-05-27T17:11:19.584Z
sensor.shelly_plug_sg3_wk_waschmaschine_wk_waschmaschine_leistung,24.0,2026-05-27T17:11:23.686Z
sensor.shelly_plug_sg3_wk_waschmaschine_wk_waschmaschine_leistung,22.0,2026-05-27T17:11:27.798Z
sensor.shelly_plug_sg3_wk_waschmaschine_wk_waschmaschine_leistung,16.8,2026-05-27T17:11:28.826Z
sensor.shelly_plug_sg3_wk_waschmaschine_wk_waschmaschine_leistung,36.5,2026-05-27T17:11:48.366Z
sensor.shelly_plug_sg3_wk_waschmaschine_wk_waschmaschine_leistung,115.1,2026-05-27T17:11:49.394Z
sensor.shelly_plug_sg3_wk_waschmaschine_wk_waschmaschine_leistung,76.3,2026-05-27T17:11:50.424Z
sensor.shelly_plug_sg3_wk_waschmaschine_wk_waschmaschine_leistung,88.9,2026-05-27T17:11:51.452Z
sensor.shelly_plug_sg3_wk_waschmaschine_wk_waschmaschine_leistung,73.8,2026-05-27T17:11:52.478Z
sensor.shelly_plug_sg3_wk_waschmaschine_wk_waschmaschine_leistung,88.5,2026-05-27T17:11:53.506Z
sensor.shelly_plug_sg3_wk_waschmaschine_wk_waschmaschine_leistung,73.1,2026-05-27T17:11:54.534Z
sensor.shelly_plug_sg3_wk_waschmaschine_wk_waschmaschine_leistung,90.5,2026-05-27T17:11:55.562Z
sensor.shelly_plug_sg3_wk_waschmaschine_wk_waschmaschine_leistung,71.5,2026-05-27T17:11:56.590Z
sensor.shelly_plug_sg3_wk_waschmaschine_wk_waschmaschine_leistung,50.6,2026-05-27T17:11:57.618Z
sensor.shelly_plug_sg3_wk_waschmaschine_wk_waschmaschine_leistung,43.8,2026-05-27T17:11:58.648Z
sensor.shelly_plug_sg3_wk_waschmaschine_wk_waschmaschine_leistung,45.3,2026-05-27T17:12:00.035Z
sensor.shelly_plug_sg3_wk_waschmaschine_wk_waschmaschine_leistung,38.1,2026-05-27T17:12:00.702Z
sensor.shelly_plug_sg3_wk_waschmaschine_wk_waschmaschine_leistung,34.4,2026-05-27T17:12:01.723Z
sensor.shelly_plug_sg3_wk_waschmaschine_wk_waschmaschine_leistung,36.8,2026-05-27T17:12:02.750Z
sensor.shelly_plug_sg3_wk_waschmaschine_wk_waschmaschine_leistung,16.3,2026-05-27T17:12:05.843Z
sensor.shelly_plug_sg3_wk_waschmaschine_wk_waschmaschine_leistung,12.7,2026-05-27T17:12:08.927Z
sensor.shelly_plug_sg3_wk_waschmaschine_wk_waschmaschine_leistung,3.6,2026-05-27T17:12:09.956Z
sensor.shelly_plug_sg3_wk_waschmaschine_wk_waschmaschine_leistung,76.4,2026-05-27T17:12:17.153Z
sensor.shelly_plug_sg3_wk_waschmaschine_wk_waschmaschine_leistung,70.2,2026-05-27T17:12:18.180Z
sensor.shelly_plug_sg3_wk_waschmaschine_wk_waschmaschine_leistung,66.2,2026-05-27T17:12:19.199Z
sensor.shelly_plug_sg3_wk_waschmaschine_wk_waschmaschine_leistung,58.9,2026-05-27T17:12:20.235Z
sensor.shelly_plug_sg3_wk_waschmaschine_wk_waschmaschine_leistung,16.0,2026-05-27T17:12:21.265Z
sensor.shelly_plug_sg3_wk_waschmaschine_wk_waschmaschine_leistung,3.8,2026-05-27T17:12:22.291Z
sensor.shelly_plug_sg3_wk_waschmaschine_wk_waschmaschine_leistung,48.8,2026-05-27T17:12:24.347Z
sensor.shelly_plug_sg3_wk_waschmaschine_wk_waschmaschine_leistung,88.9,2026-05-27T17:12:25.376Z
sensor.shelly_plug_sg3_wk_waschmaschine_wk_waschmaschine_leistung,67.5,2026-05-27T17:12:26.404Z
sensor.shelly_plug_sg3_wk_waschmaschine_wk_waschmaschine_leistung,74.9,2026-05-27T17:12:27.434Z
sensor.shelly_plug_sg3_wk_waschmaschine_wk_waschmaschine_leistung,42.0,2026-05-27T17:12:29.489Z
sensor.shelly_plug_sg3_wk_waschmaschine_wk_waschmaschine_leistung,3.9,2026-05-27T17:12:30.519Z
sensor.shelly_plug_sg3_wk_waschmaschine_wk_waschmaschine_leistung,70.3,2026-05-27T17:12:33.602Z
sensor.shelly_plug_sg3_wk_waschmaschine_wk_waschmaschine_leistung,83.0,2026-05-27T17:12:34.619Z
sensor.shelly_plug_sg3_wk_waschmaschine_wk_waschmaschine_leistung,102.7,2026-05-27T17:12:35.657Z
sensor.shelly_plug_sg3_wk_waschmaschine_wk_waschmaschine_leistung,81.1,2026-05-27T17:12:36.690Z
sensor.shelly_plug_sg3_wk_waschmaschine_wk_waschmaschine_leistung,86.8,2026-05-27T17:12:37.722Z
sensor.shelly_plug_sg3_wk_waschmaschine_wk_waschmaschine_leistung,76.4,2026-05-27T17:12:38.747Z
sensor.shelly_plug_sg3_wk_waschmaschine_wk_waschmaschine_leistung,59.4,2026-05-27T17:12:39.770Z
sensor.shelly_plug_sg3_wk_waschmaschine_wk_waschmaschine_leistung,64.5,2026-05-27T17:12:40.798Z
sensor.shelly_plug_sg3_wk_waschmaschine_wk_waschmaschine_leistung,57.0,2026-05-27T17:12:42.854Z
sensor.shelly_plug_sg3_wk_waschmaschine_wk_waschmaschine_leistung,52.6,2026-05-27T17:12:43.883Z
sensor.shelly_plug_sg3_wk_waschmaschine_wk_waschmaschine_leistung,43.3,2026-05-27T17:12:44.911Z
sensor.shelly_plug_sg3_wk_waschmaschine_wk_waschmaschine_leistung,39.2,2026-05-27T17:12:45.930Z
sensor.shelly_plug_sg3_wk_waschmaschine_wk_waschmaschine_leistung,96.4,2026-05-27T17:12:50.053Z
sensor.shelly_plug_sg3_wk_waschmaschine_wk_waschmaschine_leistung,326.5,2026-05-27T17:12:51.079Z
sensor.shelly_plug_sg3_wk_waschmaschine_wk_waschmaschine_leistung,131.1,2026-05-27T17:12:52.111Z
sensor.shelly_plug_sg3_wk_waschmaschine_wk_waschmaschine_leistung,27.7,2026-05-27T17:12:53.138Z
sensor.shelly_plug_sg3_wk_waschmaschine_wk_waschmaschine_leistung,30.5,2026-05-27T17:12:54.155Z
sensor.shelly_plug_sg3_wk_waschmaschine_wk_waschmaschine_leistung,44.6,2026-05-27T17:12:55.193Z
sensor.shelly_plug_sg3_wk_waschmaschine_wk_waschmaschine_leistung,60.9,2026-05-27T17:12:56.221Z
sensor.shelly_plug_sg3_wk_waschmaschine_wk_waschmaschine_leistung,61.7,2026-05-27T17:13:00.034Z
sensor.shelly_plug_sg3_wk_waschmaschine_wk_waschmaschine_leistung,79.6,2026-05-27T17:13:00.333Z
sensor.shelly_plug_sg3_wk_waschmaschine_wk_waschmaschine_leistung,83.8,2026-05-27T17:13:01.352Z
sensor.shelly_plug_sg3_wk_waschmaschine_wk_waschmaschine_leistung,90.1,2026-05-27T17:13:07.529Z
sensor.shelly_plug_sg3_wk_waschmaschine_wk_waschmaschine_leistung,97.0,2026-05-27T17:13:12.659Z
sensor.shelly_plug_sg3_wk_waschmaschine_wk_waschmaschine_leistung,103.7,2026-05-27T17:13:14.725Z
sensor.shelly_plug_sg3_wk_waschmaschine_wk_waschmaschine_leistung,109.0,2026-05-27T17:13:16.788Z
sensor.shelly_plug_sg3_wk_waschmaschine_wk_waschmaschine_leistung,119.8,2026-05-27T17:13:18.839Z
sensor.shelly_plug_sg3_wk_waschmaschine_wk_waschmaschine_leistung,129.4,2026-05-27T17:13:21.921Z
sensor.shelly_plug_sg3_wk_waschmaschine_wk_waschmaschine_leistung,138.4,2026-05-27T17:13:25.006Z
sensor.shelly_plug_sg3_wk_waschmaschine_wk_waschmaschine_leistung,146.0,2026-05-27T17:13:26.034Z
sensor.shelly_plug_sg3_wk_waschmaschine_wk_waschmaschine_leistung,103.8,2026-05-27T17:13:29.120Z
sensor.shelly_plug_sg3_wk_waschmaschine_wk_waschmaschine_leistung,111.3,2026-05-27T17:13:30.137Z
sensor.shelly_plug_sg3_wk_waschmaschine_wk_waschmaschine_leistung,119.7,2026-05-27T17:13:31.173Z
sensor.shelly_plug_sg3_wk_waschmaschine_wk_waschmaschine_leistung,146.8,2026-05-27T17:13:33.230Z
sensor.shelly_plug_sg3_wk_waschmaschine_wk_waschmaschine_leistung,165.3,2026-05-27T17:13:34.260Z
sensor.shelly_plug_sg3_wk_waschmaschine_wk_waschmaschine_leistung,180.9,2026-05-27T17:13:35.287Z
sensor.shelly_plug_sg3_wk_waschmaschine_wk_waschmaschine_leistung,192.4,2026-05-27T17:13:36.315Z
sensor.shelly_plug_sg3_wk_waschmaschine_wk_waschmaschine_leistung,206.0,2026-05-27T17:13:37.345Z
sensor.shelly_plug_sg3_wk_waschmaschine_wk_waschmaschine_leistung,221.8,2026-05-27T17:13:40.430Z
sensor.shelly_plug_sg3_wk_waschmaschine_wk_waschmaschine_leistung,198.3,2026-05-27T17:13:41.455Z
sensor.shelly_plug_sg3_wk_waschmaschine_wk_waschmaschine_leistung,178.5,2026-05-27T17:13:42.488Z
sensor.shelly_plug_sg3_wk_waschmaschine_wk_waschmaschine_leistung,165.5,2026-05-27T17:13:43.513Z
sensor.shelly_plug_sg3_wk_waschmaschine_wk_waschmaschine_leistung,151.2,2026-05-27T17:13:44.540Z
sensor.shelly_plug_sg3_wk_waschmaschine_wk_waschmaschine_leistung,168.6,2026-05-27T17:13:45.568Z
sensor.shelly_plug_sg3_wk_waschmaschine_wk_waschmaschine_leistung,204.0,2026-05-27T17:13:46.597Z
sensor.shelly_plug_sg3_wk_waschmaschine_wk_waschmaschine_leistung,275.2,2026-05-27T17:13:47.625Z
sensor.shelly_plug_sg3_wk_waschmaschine_wk_waschmaschine_leistung,298.6,2026-05-27T17:13:48.653Z
sensor.shelly_plug_sg3_wk_waschmaschine_wk_waschmaschine_leistung,270.9,2026-05-27T17:13:49.681Z
sensor.shelly_plug_sg3_wk_waschmaschine_wk_waschmaschine_leistung,238.7,2026-05-27T17:13:50.711Z
sensor.shelly_plug_sg3_wk_waschmaschine_wk_waschmaschine_leistung,272.9,2026-05-27T17:13:51.738Z
sensor.shelly_plug_sg3_wk_waschmaschine_wk_waschmaschine_leistung,300.2,2026-05-27T17:13:52.766Z
sensor.shelly_plug_sg3_wk_waschmaschine_wk_waschmaschine_leistung,324.7,2026-05-27T17:13:53.797Z
sensor.shelly_plug_sg3_wk_waschmaschine_wk_waschmaschine_leistung,247.2,2026-05-27T17:13:54.829Z
sensor.shelly_plug_sg3_wk_waschmaschine_wk_waschmaschine_leistung,203.9,2026-05-27T17:13:55.852Z
sensor.shelly_plug_sg3_wk_waschmaschine_wk_waschmaschine_leistung,170.4,2026-05-27T17:13:56.881Z
sensor.shelly_plug_sg3_wk_waschmaschine_wk_waschmaschine_leistung,146.8,2026-05-27T17:13:57.907Z
sensor.shelly_plug_sg3_wk_waschmaschine_wk_waschmaschine_leistung,125.0,2026-05-27T17:13:58.935Z
sensor.shelly_plug_sg3_wk_waschmaschine_wk_waschmaschine_leistung,124.1,2026-05-27T17:14:00.039Z
sensor.shelly_plug_sg3_wk_waschmaschine_wk_waschmaschine_leistung,143.8,2026-05-27T17:14:02.019Z
sensor.shelly_plug_sg3_wk_waschmaschine_wk_waschmaschine_leistung,152.7,2026-05-27T17:14:03.048Z
sensor.shelly_plug_sg3_wk_waschmaschine_wk_waschmaschine_leistung,160.4,2026-05-27T17:14:04.076Z
sensor.shelly_plug_sg3_wk_waschmaschine_wk_waschmaschine_leistung,169.1,2026-05-27T17:14:06.133Z
sensor.shelly_plug_sg3_wk_waschmaschine_wk_waschmaschine_leistung,159.0,2026-05-27T17:14:10.244Z
sensor.shelly_plug_sg3_wk_waschmaschine_wk_waschmaschine_leistung,160.7,2026-05-27T17:15:00.025Z
sensor.shelly_plug_sg3_wk_waschmaschine_wk_waschmaschine_leistung,17.0,2026-05-27T17:15:00.607Z
sensor.shelly_plug_sg3_wk_waschmaschine_wk_waschmaschine_leistung,15.3,2026-05-27T17:15:35.545Z
sensor.shelly_plug_sg3_wk_waschmaschine_wk_waschmaschine_leistung,3.6,2026-05-27T17:15:36.583Z
sensor.shelly_plug_sg3_wk_waschmaschine_wk_waschmaschine_leistung,5.2,2026-05-27T17:15:49.935Z
sensor.shelly_plug_sg3_wk_waschmaschine_wk_waschmaschine_leistung,8.1,2026-05-27T17:15:50.963Z
sensor.shelly_plug_sg3_wk_waschmaschine_wk_waschmaschine_leistung,31.6,2026-05-27T17:15:57.147Z
sensor.shelly_plug_sg3_wk_waschmaschine_wk_waschmaschine_leistung,17.8,2026-05-27T17:15:58.169Z
sensor.shelly_plug_sg3_wk_waschmaschine_wk_waschmaschine_leistung,25.9,2026-05-27T17:15:59.199Z
sensor.shelly_plug_sg3_wk_waschmaschine_wk_waschmaschine_leistung,13.9,2026-05-27T17:16:00.225Z
sensor.shelly_plug_sg3_wk_waschmaschine_wk_waschmaschine_leistung,11.5,2026-05-27T17:16:01.245Z
sensor.shelly_plug_sg3_wk_waschmaschine_wk_waschmaschine_leistung,36.8,2026-05-27T17:16:05.369Z
sensor.shelly_plug_sg3_wk_waschmaschine_wk_waschmaschine_leistung,28.1,2026-05-27T17:16:06.394Z
sensor.shelly_plug_sg3_wk_waschmaschine_wk_waschmaschine_leistung,24.1,2026-05-27T17:16:07.423Z
sensor.shelly_plug_sg3_wk_waschmaschine_wk_waschmaschine_leistung,29.6,2026-05-27T17:16:08.451Z
sensor.shelly_plug_sg3_wk_waschmaschine_wk_waschmaschine_leistung,31.8,2026-05-27T17:16:09.469Z
sensor.shelly_plug_sg3_wk_waschmaschine_wk_waschmaschine_leistung,23.2,2026-05-27T17:16:10.509Z
sensor.shelly_plug_sg3_wk_waschmaschine_wk_waschmaschine_leistung,30.3,2026-05-27T17:16:11.537Z
sensor.shelly_plug_sg3_wk_waschmaschine_wk_waschmaschine_leistung,27.7,2026-05-27T17:16:13.583Z
sensor.shelly_plug_sg3_wk_waschmaschine_wk_waschmaschine_leistung,24.4,2026-05-27T17:16:15.647Z
sensor.shelly_plug_sg3_wk_waschmaschine_wk_waschmaschine_leistung,11.0,2026-05-27T17:16:16.675Z
sensor.shelly_plug_sg3_wk_waschmaschine_wk_waschmaschine_leistung,16.5,2026-05-27T17:16:20.787Z
sensor.shelly_plug_sg3_wk_waschmaschine_wk_waschmaschine_leistung,40.0,2026-05-27T17:16:21.815Z
sensor.shelly_plug_sg3_wk_waschmaschine_wk_waschmaschine_leistung,29.8,2026-05-27T17:16:22.845Z
sensor.shelly_plug_sg3_wk_waschmaschine_wk_waschmaschine_leistung,32.2,2026-05-27T17:16:26.947Z
sensor.shelly_plug_sg3_wk_waschmaschine_wk_waschmaschine_leistung,34.6,2026-05-27T17:16:29.012Z
sensor.shelly_plug_sg3_wk_waschmaschine_wk_waschmaschine_leistung,32.1,2026-05-27T17:16:30.032Z
sensor.shelly_plug_sg3_wk_waschmaschine_wk_waschmaschine_leistung,17.1,2026-05-27T17:16:31.069Z
sensor.shelly_plug_sg3_wk_waschmaschine_wk_waschmaschine_leistung,11.3,2026-05-27T17:16:32.096Z
sensor.shelly_plug_sg3_wk_waschmaschine_wk_waschmaschine_leistung,46.6,2026-05-27T17:16:37.237Z
sensor.shelly_plug_sg3_wk_waschmaschine_wk_waschmaschine_leistung,30.9,2026-05-27T17:16:38.265Z
sensor.shelly_plug_sg3_wk_waschmaschine_wk_waschmaschine_leistung,54.6,2026-05-27T17:16:39.294Z
sensor.shelly_plug_sg3_wk_waschmaschine_wk_waschmaschine_leistung,32.9,2026-05-27T17:16:40.323Z
sensor.shelly_plug_sg3_wk_waschmaschine_wk_waschmaschine_leistung,45.8,2026-05-27T17:16:41.350Z
sensor.shelly_plug_sg3_wk_waschmaschine_wk_waschmaschine_leistung,37.3,2026-05-27T17:16:42.378Z
sensor.shelly_plug_sg3_wk_waschmaschine_wk_waschmaschine_leistung,48.4,2026-05-27T17:16:43.425Z
sensor.shelly_plug_sg3_wk_waschmaschine_wk_waschmaschine_leistung,43.0,2026-05-27T17:16:44.435Z
sensor.shelly_plug_sg3_wk_waschmaschine_wk_waschmaschine_leistung,46.3,2026-05-27T17:16:45.453Z
sensor.shelly_plug_sg3_wk_waschmaschine_wk_waschmaschine_leistung,35.3,2026-05-27T17:16:46.490Z
sensor.shelly_plug_sg3_wk_waschmaschine_wk_waschmaschine_leistung,8.5,2026-05-27T17:16:47.518Z
sensor.shelly_plug_sg3_wk_waschmaschine_wk_waschmaschine_leistung,55.6,2026-05-27T17:16:52.657Z
sensor.shelly_plug_sg3_wk_waschmaschine_wk_waschmaschine_leistung,51.0,2026-05-27T17:16:53.686Z
sensor.shelly_plug_sg3_wk_waschmaschine_wk_waschmaschine_leistung,43.4,2026-05-27T17:16:54.714Z
sensor.shelly_plug_sg3_wk_waschmaschine_wk_waschmaschine_leistung,49.8,2026-05-27T17:16:55.733Z
sensor.shelly_plug_sg3_wk_waschmaschine_wk_waschmaschine_leistung,44.5,2026-05-27T17:16:56.760Z
sensor.shelly_plug_sg3_wk_waschmaschine_wk_waschmaschine_leistung,51.8,2026-05-27T17:16:58.826Z
sensor.shelly_plug_sg3_wk_waschmaschine_wk_waschmaschine_leistung,49.4,2026-05-27T17:17:00.023Z
sensor.shelly_plug_sg3_wk_waschmaschine_wk_waschmaschine_leistung,55.6,2026-05-27T17:17:00.875Z
sensor.shelly_plug_sg3_wk_waschmaschine_wk_waschmaschine_leistung,51.9,2026-05-27T17:17:01.901Z
sensor.shelly_plug_sg3_wk_waschmaschine_wk_waschmaschine_leistung,18.0,2026-05-27T17:17:02.939Z
sensor.shelly_plug_sg3_wk_waschmaschine_wk_waschmaschine_leistung,11.0,2026-05-27T17:17:03.969Z
sensor.shelly_plug_sg3_wk_waschmaschine_wk_waschmaschine_leistung,60.5,2026-05-27T17:17:08.080Z
sensor.shelly_plug_sg3_wk_waschmaschine_wk_waschmaschine_leistung,81.3,2026-05-27T17:17:09.108Z
sensor.shelly_plug_sg3_wk_waschmaschine_wk_waschmaschine_leistung,65.5,2026-05-27T17:17:10.136Z
sensor.shelly_plug_sg3_wk_waschmaschine_wk_waschmaschine_leistung,71.9,2026-05-27T17:17:11.167Z
sensor.shelly_plug_sg3_wk_waschmaschine_wk_waschmaschine_leistung,65.0,2026-05-27T17:17:12.194Z
sensor.shelly_plug_sg3_wk_waschmaschine_wk_waschmaschine_leistung,71.1,2026-05-27T17:17:13.221Z
sensor.shelly_plug_sg3_wk_waschmaschine_wk_waschmaschine_leistung,11.3,2026-05-27T17:17:18.361Z
sensor.shelly_plug_sg3_wk_waschmaschine_wk_waschmaschine_leistung,28.4,2026-05-27T17:17:23.500Z
sensor.shelly_plug_sg3_wk_waschmaschine_wk_waschmaschine_leistung,76.2,2026-05-27T17:17:24.531Z
sensor.shelly_plug_sg3_wk_waschmaschine_wk_waschmaschine_leistung,81.4,2026-05-27T17:17:25.548Z
sensor.shelly_plug_sg3_wk_waschmaschine_wk_waschmaschine_leistung,76.2,2026-05-27T17:17:27.604Z
sensor.shelly_plug_sg3_wk_waschmaschine_wk_waschmaschine_leistung,82.3,2026-05-27T17:17:29.660Z
sensor.shelly_plug_sg3_wk_waschmaschine_wk_waschmaschine_leistung,18.1,2026-05-27T17:17:33.781Z
sensor.shelly_plug_sg3_wk_waschmaschine_wk_waschmaschine_leistung,10.8,2026-05-27T17:17:34.812Z
sensor.shelly_plug_sg3_wk_waschmaschine_wk_waschmaschine_leistung,117.2,2026-05-27T17:17:39.952Z
sensor.shelly_plug_sg3_wk_waschmaschine_wk_waschmaschine_leistung,99.4,2026-05-27T17:17:42.005Z
sensor.shelly_plug_sg3_wk_waschmaschine_wk_waschmaschine_leistung,112.7,2026-05-27T17:17:43.033Z
sensor.shelly_plug_sg3_wk_waschmaschine_wk_waschmaschine_leistung,106.9,2026-05-27T17:17:44.052Z
sensor.shelly_plug_sg3_wk_waschmaschine_wk_waschmaschine_leistung,118.6,2026-05-27T17:17:46.110Z
sensor.shelly_plug_sg3_wk_waschmaschine_wk_waschmaschine_leistung,69.7,2026-05-27T17:17:49.204Z
sensor.shelly_plug_sg3_wk_waschmaschine_wk_waschmaschine_leistung,10.8,2026-05-27T17:17:50.230Z
sensor.shelly_plug_sg3_wk_waschmaschine_wk_waschmaschine_leistung,37.3,2026-05-27T17:17:54.342Z
sensor.shelly_plug_sg3_wk_waschmaschine_wk_waschmaschine_leistung,114.9,2026-05-27T17:17:55.370Z
sensor.shelly_plug_sg3_wk_waschmaschine_wk_waschmaschine_leistung,121.3,2026-05-27T17:17:57.422Z
sensor.shelly_plug_sg3_wk_waschmaschine_wk_waschmaschine_leistung,113.1,2026-05-27T17:17:58.445Z
sensor.shelly_plug_sg3_wk_waschmaschine_wk_waschmaschine_leistung,116.3,2026-05-27T17:18:00.024Z
sensor.shelly_plug_sg3_wk_waschmaschine_wk_waschmaschine_leistung,10.2,2026-05-27T17:18:04.621Z
sensor.shelly_plug_sg3_wk_waschmaschine_wk_waschmaschine_leistung,3.6,2026-05-27T17:18:05.649Z
sensor.shelly_plug_sg3_wk_waschmaschine_wk_waschmaschine_leistung,5.0,2026-05-27T17:18:09.753Z
sensor.shelly_plug_sg3_wk_waschmaschine_wk_waschmaschine_leistung,92.1,2026-05-27T17:18:10.789Z
sensor.shelly_plug_sg3_wk_waschmaschine_wk_waschmaschine_leistung,126.0,2026-05-27T17:18:11.818Z
sensor.shelly_plug_sg3_wk_waschmaschine_wk_waschmaschine_leistung,135.0,2026-05-27T17:18:14.896Z
sensor.shelly_plug_sg3_wk_waschmaschine_wk_waschmaschine_leistung,124.4,2026-05-27T17:18:15.930Z
sensor.shelly_plug_sg3_wk_waschmaschine_wk_waschmaschine_leistung,132.4,2026-05-27T17:18:19.017Z
sensor.shelly_plug_sg3_wk_waschmaschine_wk_waschmaschine_leistung,59.4,2026-05-27T17:18:20.046Z
sensor.shelly_plug_sg3_wk_waschmaschine_wk_waschmaschine_leistung,3.9,2026-05-27T17:18:21.071Z
sensor.shelly_plug_sg3_wk_waschmaschine_wk_waschmaschine_leistung,40.8,2026-05-27T17:18:26.216Z
sensor.shelly_plug_sg3_wk_waschmaschine_wk_waschmaschine_leistung,116.8,2026-05-27T17:18:27.240Z
sensor.shelly_plug_sg3_wk_waschmaschine_wk_waschmaschine_leistung,99.9,2026-05-27T17:18:35.463Z
sensor.shelly_plug_sg3_wk_waschmaschine_wk_waschmaschine_leistung,7.7,2026-05-27T17:18:36.493Z
sensor.shelly_plug_sg3_wk_waschmaschine_wk_waschmaschine_leistung,3.6,2026-05-27T17:18:37.521Z
sensor.shelly_plug_sg3_wk_waschmaschine_wk_waschmaschine_leistung,109.4,2026-05-27T17:18:41.630Z
sensor.shelly_plug_sg3_wk_waschmaschine_wk_waschmaschine_leistung,139.0,2026-05-27T17:18:42.659Z
sensor.shelly_plug_sg3_wk_waschmaschine_wk_waschmaschine_leistung,125.2,2026-05-27T17:18:44.715Z
sensor.shelly_plug_sg3_wk_waschmaschine_wk_waschmaschine_leistung,117.6,2026-05-27T17:18:46.773Z
sensor.shelly_plug_sg3_wk_waschmaschine_wk_waschmaschine_leistung,127.0,2026-05-27T17:18:47.799Z
sensor.shelly_plug_sg3_wk_waschmaschine_wk_waschmaschine_leistung,3.7,2026-05-27T17:18:51.910Z
sensor.shelly_plug_sg3_wk_waschmaschine_wk_waschmaschine_leistung,45.7,2026-05-27T17:18:57.056Z
sensor.shelly_plug_sg3_wk_waschmaschine_wk_waschmaschine_leistung,119.2,2026-05-27T17:18:58.079Z
sensor.shelly_plug_sg3_wk_waschmaschine_wk_waschmaschine_leistung,129.9,2026-05-27T17:18:59.107Z
sensor.shelly_plug_sg3_wk_waschmaschine_wk_waschmaschine_leistung,113.8,2026-05-27T17:19:00.135Z
sensor.shelly_plug_sg3_wk_waschmaschine_wk_waschmaschine_leistung,127.2,2026-05-27T17:19:01.164Z
sensor.shelly_plug_sg3_wk_waschmaschine_wk_waschmaschine_leistung,118.5,2026-05-27T17:19:02.192Z
sensor.shelly_plug_sg3_wk_waschmaschine_wk_waschmaschine_leistung,112.0,2026-05-27T17:19:05.276Z
sensor.shelly_plug_sg3_wk_waschmaschine_wk_waschmaschine_leistung,89.6,2026-05-27T17:19:06.306Z
sensor.shelly_plug_sg3_wk_waschmaschine_wk_waschmaschine_leistung,6.1,2026-05-27T17:19:07.332Z
sensor.shelly_plug_sg3_wk_waschmaschine_wk_waschmaschine_leistung,3.8,2026-05-27T17:19:08.361Z
sensor.shelly_plug_sg3_wk_waschmaschine_wk_waschmaschine_leistung,11.4,2026-05-27T17:19:12.473Z
sensor.shelly_plug_sg3_wk_waschmaschine_wk_waschmaschine_leistung,137.0,2026-05-27T17:19:13.504Z
sensor.shelly_plug_sg3_wk_waschmaschine_wk_waschmaschine_leistung,128.3,2026-05-27T17:19:15.557Z
sensor.shelly_plug_sg3_wk_waschmaschine_wk_waschmaschine_leistung,135.4,2026-05-27T17:19:16.585Z
sensor.shelly_plug_sg3_wk_waschmaschine_wk_waschmaschine_leistung,128.0,2026-05-27T17:19:17.614Z
sensor.shelly_plug_sg3_wk_waschmaschine_wk_waschmaschine_leistung,115.6,2026-05-27T17:19:20.689Z
sensor.shelly_plug_sg3_wk_waschmaschine_wk_waschmaschine_leistung,123.8,2026-05-27T17:19:21.715Z
sensor.shelly_plug_sg3_wk_waschmaschine_wk_waschmaschine_leistung,27.5,2026-05-27T17:19:22.753Z
sensor.shelly_plug_sg3_wk_waschmaschine_wk_waschmaschine_leistung,3.7,2026-05-27T17:19:23.781Z
sensor.shelly_plug_sg3_wk_waschmaschine_wk_waschmaschine_leistung,117.8,2026-05-27T17:19:28.920Z
sensor.shelly_plug_sg3_wk_waschmaschine_wk_waschmaschine_leistung,124.7,2026-05-27T17:19:35.079Z
sensor.shelly_plug_sg3_wk_waschmaschine_wk_waschmaschine_leistung,82.7,2026-05-27T17:19:38.172Z
sensor.shelly_plug_sg3_wk_waschmaschine_wk_waschmaschine_leistung,3.7,2026-05-27T17:19:39.201Z
sensor.shelly_plug_sg3_wk_waschmaschine_wk_waschmaschine_leistung,18.5,2026-05-27T17:19:43.312Z
sensor.shelly_plug_sg3_wk_waschmaschine_wk_waschmaschine_leistung,121.8,2026-05-27T17:19:44.341Z
sensor.shelly_plug_sg3_wk_waschmaschine_wk_waschmaschine_leistung,141.5,2026-05-27T17:19:45.369Z
sensor.shelly_plug_sg3_wk_waschmaschine_wk_waschmaschine_leistung,131.9,2026-05-27T17:19:46.397Z
sensor.shelly_plug_sg3_wk_waschmaschine_wk_waschmaschine_leistung,124.2,2026-05-27T17:19:48.453Z
sensor.shelly_plug_sg3_wk_waschmaschine_wk_waschmaschine_leistung,21.2,2026-05-27T17:19:53.592Z
sensor.shelly_plug_sg3_wk_waschmaschine_wk_waschmaschine_leistung,3.6,2026-05-27T17:19:54.620Z
sensor.shelly_plug_sg3_wk_waschmaschine_wk_waschmaschine_leistung,66.2,2026-05-27T17:19:59.760Z
sensor.shelly_plug_sg3_wk_waschmaschine_wk_waschmaschine_leistung,111.9,2026-05-27T17:20:00.788Z
sensor.shelly_plug_sg3_wk_waschmaschine_wk_waschmaschine_leistung,127.8,2026-05-27T17:20:01.817Z
sensor.shelly_plug_sg3_wk_waschmaschine_wk_waschmaschine_leistung,117.7,2026-05-27T17:20:06.958Z
sensor.shelly_plug_sg3_wk_waschmaschine_wk_waschmaschine_leistung,70.0,2026-05-27T17:20:09.013Z
sensor.shelly_plug_sg3_wk_waschmaschine_wk_waschmaschine_leistung,4.8,2026-05-27T17:20:10.042Z
sensor.shelly_plug_sg3_wk_waschmaschine_wk_waschmaschine_leistung,3.7,2026-05-27T17:20:11.063Z
sensor.shelly_plug_sg3_wk_waschmaschine_wk_waschmaschine_leistung,133.5,2026-05-27T17:20:15.182Z
sensor.shelly_plug_sg3_wk_waschmaschine_wk_waschmaschine_leistung,124.4,2026-05-27T17:20:18.268Z
sensor.shelly_plug_sg3_wk_waschmaschine_wk_waschmaschine_leistung,115.6,2026-05-27T17:20:21.350Z
sensor.shelly_plug_sg3_wk_waschmaschine_wk_waschmaschine_leistung,124.6,2026-05-27T17:20:22.377Z
sensor.shelly_plug_sg3_wk_waschmaschine_wk_waschmaschine_leistung,116.4,2026-05-27T17:20:24.433Z
sensor.shelly_plug_sg3_wk_waschmaschine_wk_waschmaschine_leistung,13.9,2026-05-27T17:20:25.462Z
sensor.shelly_plug_sg3_wk_waschmaschine_wk_waschmaschine_leistung,3.6,2026-05-27T17:20:26.489Z
sensor.shelly_plug_sg3_wk_waschmaschine_wk_waschmaschine_leistung,72.5,2026-05-27T17:20:30.605Z
sensor.shelly_plug_sg3_wk_waschmaschine_wk_waschmaschine_leistung,125.6,2026-05-27T17:20:31.632Z
sensor.shelly_plug_sg3_wk_waschmaschine_wk_waschmaschine_leistung,115.8,2026-05-27T17:20:32.658Z
sensor.shelly_plug_sg3_wk_waschmaschine_wk_waschmaschine_leistung,122.4,2026-05-27T17:20:33.677Z
sensor.shelly_plug_sg3_wk_waschmaschine_wk_waschmaschine_leistung,115.3,2026-05-27T17:20:34.706Z
sensor.shelly_plug_sg3_wk_waschmaschine_wk_waschmaschine_leistung,124.6,2026-05-27T17:20:38.826Z
sensor.shelly_plug_sg3_wk_waschmaschine_wk_waschmaschine_leistung,4.5,2026-05-27T17:20:40.882Z
sensor.shelly_plug_sg3_wk_waschmaschine_wk_waschmaschine_leistung,37.9,2026-05-27T17:20:46.026Z
sensor.shelly_plug_sg3_wk_waschmaschine_wk_waschmaschine_leistung,145.7,2026-05-27T17:20:47.050Z
sensor.shelly_plug_sg3_wk_waschmaschine_wk_waschmaschine_leistung,132.3,2026-05-27T17:20:49.107Z
sensor.shelly_plug_sg3_wk_waschmaschine_wk_waschmaschine_leistung,124.6,2026-05-27T17:20:53.218Z
sensor.shelly_plug_sg3_wk_waschmaschine_wk_waschmaschine_leistung,114.6,2026-05-27T17:20:55.266Z
sensor.shelly_plug_sg3_wk_waschmaschine_wk_waschmaschine_leistung,8.6,2026-05-27T17:20:56.302Z
sensor.shelly_plug_sg3_wk_waschmaschine_wk_waschmaschine_leistung,3.6,2026-05-27T17:20:57.331Z
sensor.shelly_plug_sg3_wk_waschmaschine_wk_waschmaschine_leistung,5.7,2026-05-27T17:21:01.434Z
sensor.shelly_plug_sg3_wk_waschmaschine_wk_waschmaschine_leistung,122.1,2026-05-27T17:21:02.473Z
sensor.shelly_plug_sg3_wk_waschmaschine_wk_waschmaschine_leistung,115.4,2026-05-27T17:21:05.555Z
sensor.shelly_plug_sg3_wk_waschmaschine_wk_waschmaschine_leistung,108.8,2026-05-27T17:21:10.695Z
sensor.shelly_plug_sg3_wk_waschmaschine_wk_waschmaschine_leistung,56.3,2026-05-27T17:21:11.723Z
sensor.shelly_plug_sg3_wk_waschmaschine_wk_waschmaschine_leistung,3.9,2026-05-27T17:21:12.751Z
sensor.shelly_plug_sg3_wk_waschmaschine_wk_waschmaschine_leistung,49.5,2026-05-27T17:21:16.862Z
sensor.shelly_plug_sg3_wk_waschmaschine_wk_waschmaschine_leistung,148.7,2026-05-27T17:21:17.890Z
sensor.shelly_plug_sg3_wk_waschmaschine_wk_waschmaschine_leistung,124.8,2026-05-27T17:21:18.918Z
sensor.shelly_plug_sg3_wk_waschmaschine_wk_waschmaschine_leistung,132.4,2026-05-27T17:21:22.004Z
sensor.shelly_plug_sg3_wk_waschmaschine_wk_waschmaschine_leistung,123.4,2026-05-27T17:21:23.030Z
sensor.shelly_plug_sg3_wk_waschmaschine_wk_waschmaschine_leistung,101.2,2026-05-27T17:21:27.142Z
sensor.shelly_plug_sg3_wk_waschmaschine_wk_waschmaschine_leistung,3.6,2026-05-27T17:21:28.172Z
sensor.shelly_plug_sg3_wk_waschmaschine_wk_waschmaschine_leistung,8.3,2026-05-27T17:21:32.282Z
sensor.shelly_plug_sg3_wk_waschmaschine_wk_waschmaschine_leistung,87.6,2026-05-27T17:21:33.311Z
sensor.shelly_plug_sg3_wk_waschmaschine_wk_waschmaschine_leistung,126.1,2026-05-27T17:21:34.338Z
sensor.shelly_plug_sg3_wk_waschmaschine_wk_waschmaschine_leistung,114.0,2026-05-27T17:21:35.367Z
sensor.shelly_plug_sg3_wk_waschmaschine_wk_waschmaschine_leistung,128.2,2026-05-27T17:21:36.395Z
sensor.shelly_plug_sg3_wk_waschmaschine_wk_waschmaschine_leistung,118.2,2026-05-27T17:21:37.423Z
sensor.shelly_plug_sg3_wk_waschmaschine_wk_waschmaschine_leistung,111.1,2026-05-27T17:21:40.507Z
sensor.shelly_plug_sg3_wk_waschmaschine_wk_waschmaschine_leistung,36.1,2026-05-27T17:21:42.562Z
sensor.shelly_plug_sg3_wk_waschmaschine_wk_waschmaschine_leistung,4.2,2026-05-27T17:21:43.594Z
sensor.shelly_plug_sg3_wk_waschmaschine_wk_waschmaschine_leistung,58.8,2026-05-27T17:21:48.731Z
sensor.shelly_plug_sg3_wk_waschmaschine_wk_waschmaschine_leistung,132.2,2026-05-27T17:21:49.761Z
sensor.shelly_plug_sg3_wk_waschmaschine_wk_waschmaschine_leistung,123.2,2026-05-27T17:21:54.899Z
sensor.shelly_plug_sg3_wk_waschmaschine_wk_waschmaschine_leistung,129.7,2026-05-27T17:21:55.918Z
sensor.shelly_plug_sg3_wk_waschmaschine_wk_waschmaschine_leistung,87.6,2026-05-27T17:21:57.983Z
sensor.shelly_plug_sg3_wk_waschmaschine_wk_waschmaschine_leistung,5.0,2026-05-27T17:21:59.011Z
sensor.shelly_plug_sg3_wk_waschmaschine_wk_waschmaschine_leistung,3.6,2026-05-27T17:22:00.059Z
sensor.shelly_plug_sg3_wk_waschmaschine_wk_waschmaschine_leistung,104.4,2026-05-27T17:22:04.170Z
sensor.shelly_plug_sg3_wk_waschmaschine_wk_waschmaschine_leistung,118.1,2026-05-27T17:22:05.197Z
sensor.shelly_plug_sg3_wk_waschmaschine_wk_waschmaschine_leistung,124.4,2026-05-27T17:22:07.247Z
sensor.shelly_plug_sg3_wk_waschmaschine_wk_waschmaschine_leistung,116.0,2026-05-27T17:22:08.273Z
sensor.shelly_plug_sg3_wk_waschmaschine_wk_waschmaschine_leistung,109.8,2026-05-27T17:22:09.311Z
sensor.shelly_plug_sg3_wk_waschmaschine_wk_waschmaschine_leistung,121.3,2026-05-27T17:22:12.395Z
sensor.shelly_plug_sg3_wk_waschmaschine_wk_waschmaschine_leistung,127.8,2026-05-27T17:22:13.414Z
sensor.shelly_plug_sg3_wk_waschmaschine_wk_waschmaschine_leistung,25.8,2026-05-27T17:22:14.453Z
sensor.shelly_plug_sg3_wk_waschmaschine_wk_waschmaschine_leistung,3.6,2026-05-27T17:22:15.478Z
sensor.shelly_plug_sg3_wk_waschmaschine_wk_waschmaschine_leistung,68.7,2026-05-27T17:22:19.590Z
sensor.shelly_plug_sg3_wk_waschmaschine_wk_waschmaschine_leistung,147.4,2026-05-27T17:22:20.619Z
sensor.shelly_plug_sg3_wk_waschmaschine_wk_waschmaschine_leistung,131.9,2026-05-27T17:22:21.649Z
sensor.shelly_plug_sg3_wk_waschmaschine_wk_waschmaschine_leistung,124.0,2026-05-27T17:22:25.750Z
sensor.shelly_plug_sg3_wk_waschmaschine_wk_waschmaschine_leistung,134.1,2026-05-27T17:22:26.788Z
sensor.shelly_plug_sg3_wk_waschmaschine_wk_waschmaschine_leistung,4.6,2026-05-27T17:22:29.872Z
sensor.shelly_plug_sg3_wk_waschmaschine_wk_waschmaschine_leistung,3.6,2026-05-27T17:22:32.947Z
sensor.shelly_plug_sg3_wk_waschmaschine_wk_waschmaschine_leistung,21.0,2026-05-27T17:22:35.014Z
sensor.shelly_plug_sg3_wk_waschmaschine_wk_waschmaschine_leistung,103.9,2026-05-27T17:22:36.040Z
sensor.shelly_plug_sg3_wk_waschmaschine_wk_waschmaschine_leistung,117.6,2026-05-27T17:22:37.068Z
sensor.shelly_plug_sg3_wk_waschmaschine_wk_waschmaschine_leistung,127.3,2026-05-27T17:22:39.125Z
sensor.shelly_plug_sg3_wk_waschmaschine_wk_waschmaschine_leistung,114.8,2026-05-27T17:22:40.156Z
sensor.shelly_plug_sg3_wk_waschmaschine_wk_waschmaschine_leistung,16.0,2026-05-27T17:22:45.292Z
sensor.shelly_plug_sg3_wk_waschmaschine_wk_waschmaschine_leistung,4.0,2026-05-27T17:22:46.320Z
sensor.shelly_plug_sg3_wk_waschmaschine_wk_waschmaschine_leistung,148.5,2026-05-27T17:22:51.463Z
sensor.shelly_plug_sg3_wk_waschmaschine_wk_waschmaschine_leistung,128.0,2026-05-27T17:22:52.488Z
sensor.shelly_plug_sg3_wk_waschmaschine_wk_waschmaschine_leistung,138.6,2026-05-27T17:22:54.544Z
sensor.shelly_plug_sg3_wk_waschmaschine_wk_waschmaschine_leistung,125.1,2026-05-27T17:22:55.572Z
sensor.shelly_plug_sg3_wk_waschmaschine_wk_waschmaschine_leistung,133.8,2026-05-27T17:22:56.600Z
sensor.shelly_plug_sg3_wk_waschmaschine_wk_waschmaschine_leistung,124.4,2026-05-27T17:22:58.657Z
sensor.shelly_plug_sg3_wk_waschmaschine_wk_waschmaschine_leistung,123.1,2026-05-27T17:23:00.013Z
sensor.shelly_plug_sg3_wk_waschmaschine_wk_waschmaschine_leistung,70.6,2026-05-27T17:23:00.713Z
sensor.shelly_plug_sg3_wk_waschmaschine_wk_waschmaschine_leistung,3.5,2026-05-27T17:23:01.741Z
sensor.shelly_plug_sg3_wk_waschmaschine_wk_waschmaschine_leistung,28.8,2026-05-27T17:23:05.853Z
sensor.shelly_plug_sg3_wk_waschmaschine_wk_waschmaschine_leistung,100.0,2026-05-27T17:23:06.882Z
sensor.shelly_plug_sg3_wk_waschmaschine_wk_waschmaschine_leistung,117.0,2026-05-27T17:23:07.911Z
sensor.shelly_plug_sg3_wk_waschmaschine_wk_waschmaschine_leistung,126.7,2026-05-27T17:23:09.964Z
sensor.shelly_plug_sg3_wk_waschmaschine_wk_waschmaschine_leistung,119.0,2026-05-27T17:23:10.994Z
sensor.shelly_plug_sg3_wk_waschmaschine_wk_waschmaschine_leistung,112.6,2026-05-27T17:23:14.078Z
sensor.shelly_plug_sg3_wk_waschmaschine_wk_waschmaschine_leistung,3.6,2026-05-27T17:23:17.161Z
sensor.shelly_plug_sg3_wk_waschmaschine_wk_waschmaschine_leistung,4.7,2026-05-27T17:23:21.264Z
sensor.shelly_plug_sg3_wk_waschmaschine_wk_waschmaschine_leistung,90.2,2026-05-27T17:23:22.301Z
sensor.shelly_plug_sg3_wk_waschmaschine_wk_waschmaschine_leistung,147.9,2026-05-27T17:23:23.331Z
sensor.shelly_plug_sg3_wk_waschmaschine_wk_waschmaschine_leistung,124.8,2026-05-27T17:23:24.357Z
sensor.shelly_plug_sg3_wk_waschmaschine_wk_waschmaschine_leistung,134.1,2026-05-27T17:23:27.443Z
sensor.shelly_plug_sg3_wk_waschmaschine_wk_waschmaschine_leistung,126.8,2026-05-27T17:23:28.469Z
sensor.shelly_plug_sg3_wk_waschmaschine_wk_waschmaschine_leistung,59.9,2026-05-27T17:23:31.553Z
sensor.shelly_plug_sg3_wk_waschmaschine_wk_waschmaschine_leistung,3.9,2026-05-27T17:23:32.581Z
sensor.shelly_plug_sg3_wk_waschmaschine_wk_waschmaschine_leistung,38.7,2026-05-27T17:23:37.721Z
sensor.shelly_plug_sg3_wk_waschmaschine_wk_waschmaschine_leistung,119.3,2026-05-27T17:23:38.757Z
sensor.shelly_plug_sg3_wk_waschmaschine_wk_waschmaschine_leistung,126.6,2026-05-27T17:23:39.780Z
sensor.shelly_plug_sg3_wk_waschmaschine_wk_waschmaschine_leistung,119.4,2026-05-27T17:23:44.918Z
sensor.shelly_plug_sg3_wk_waschmaschine_wk_waschmaschine_leistung,109.2,2026-05-27T17:23:46.965Z
sensor.shelly_plug_sg3_wk_waschmaschine_wk_waschmaschine_leistung,8.4,2026-05-27T17:23:48.002Z
sensor.shelly_plug_sg3_wk_waschmaschine_wk_waschmaschine_leistung,3.6,2026-05-27T17:23:49.033Z
sensor.shelly_plug_sg3_wk_waschmaschine_wk_waschmaschine_leistung,106.9,2026-05-27T17:23:53.142Z
sensor.shelly_plug_sg3_wk_waschmaschine_wk_waschmaschine_leistung,148.1,2026-05-27T17:23:54.170Z
sensor.shelly_plug_sg3_wk_waschmaschine_wk_waschmaschine_leistung,128.6,2026-05-27T17:23:55.201Z
sensor.shelly_plug_sg3_wk_waschmaschine_wk_waschmaschine_leistung,135.7,2026-05-27T17:23:56.227Z
sensor.shelly_plug_sg3_wk_waschmaschine_wk_waschmaschine_leistung,126.7,2026-05-27T17:23:57.256Z
sensor.shelly_plug_sg3_wk_waschmaschine_wk_waschmaschine_leistung,137.7,2026-05-27T17:23:58.283Z
sensor.shelly_plug_sg3_wk_waschmaschine_wk_waschmaschine_leistung,129.6,2026-05-27T17:23:59.314Z
sensor.shelly_plug_sg3_wk_waschmaschine_wk_waschmaschine_leistung,121.1,2026-05-27T17:24:01.367Z
sensor.shelly_plug_sg3_wk_waschmaschine_wk_waschmaschine_leistung,129.9,2026-05-27T17:24:02.395Z
sensor.shelly_plug_sg3_wk_waschmaschine_wk_waschmaschine_leistung,3.8,2026-05-27T17:24:03.423Z
sensor.shelly_plug_sg3_wk_waschmaschine_wk_waschmaschine_leistung,43.7,2026-05-27T17:24:08.566Z
sensor.shelly_plug_sg3_wk_waschmaschine_wk_waschmaschine_leistung,116.0,2026-05-27T17:24:09.592Z
sensor.shelly_plug_sg3_wk_waschmaschine_wk_waschmaschine_leistung,126.1,2026-05-27T17:24:10.622Z
sensor.shelly_plug_sg3_wk_waschmaschine_wk_waschmaschine_leistung,114.6,2026-05-27T17:24:11.650Z
sensor.shelly_plug_sg3_wk_waschmaschine_wk_waschmaschine_leistung,123.0,2026-05-27T17:24:12.677Z
sensor.shelly_plug_sg3_wk_waschmaschine_wk_waschmaschine_leistung,129.7,2026-05-27T17:24:13.696Z
sensor.shelly_plug_sg3_wk_waschmaschine_wk_waschmaschine_leistung,120.0,2026-05-27T17:24:14.724Z
sensor.shelly_plug_sg3_wk_waschmaschine_wk_waschmaschine_leistung,112.8,2026-05-27T17:24:16.789Z
sensor.shelly_plug_sg3_wk_waschmaschine_wk_waschmaschine_leistung,90.9,2026-05-27T17:24:17.817Z
sensor.shelly_plug_sg3_wk_waschmaschine_wk_waschmaschine_leistung,6.1,2026-05-27T17:24:18.845Z
sensor.shelly_plug_sg3_wk_waschmaschine_wk_waschmaschine_leistung,3.8,2026-05-27T17:24:19.874Z
sensor.shelly_plug_sg3_wk_waschmaschine_wk_waschmaschine_leistung,10.0,2026-05-27T17:24:23.988Z
sensor.shelly_plug_sg3_wk_waschmaschine_wk_waschmaschine_leistung,136.8,2026-05-27T17:24:25.014Z
sensor.shelly_plug_sg3_wk_waschmaschine_wk_waschmaschine_leistung,127.1,2026-05-27T17:24:28.088Z
sensor.shelly_plug_sg3_wk_waschmaschine_wk_waschmaschine_leistung,36.2,2026-05-27T17:24:34.265Z
sensor.shelly_plug_sg3_wk_waschmaschine_wk_waschmaschine_leistung,3.7,2026-05-27T17:24:35.293Z
sensor.shelly_plug_sg3_wk_waschmaschine_wk_waschmaschine_leistung,118.2,2026-05-27T17:24:40.433Z
sensor.shelly_plug_sg3_wk_waschmaschine_wk_waschmaschine_leistung,15.8,2026-05-27T17:24:49.685Z
sensor.shelly_plug_sg3_wk_waschmaschine_wk_waschmaschine_leistung,116.8,2026-05-27T17:24:50.712Z
sensor.shelly_plug_sg3_wk_waschmaschine_wk_waschmaschine_leistung,137.7,2026-05-27T17:24:51.740Z
sensor.shelly_plug_sg3_wk_waschmaschine_wk_waschmaschine_leistung,129.8,2026-05-27T17:24:52.769Z
sensor.shelly_plug_sg3_wk_waschmaschine_wk_waschmaschine_leistung,137.3,2026-05-27T17:24:54.825Z
sensor.shelly_plug_sg3_wk_waschmaschine_wk_waschmaschine_leistung,129.9,2026-05-27T17:24:55.853Z
sensor.shelly_plug_sg3_wk_waschmaschine_wk_waschmaschine_leistung,118.9,2026-05-27T17:24:56.882Z
sensor.shelly_plug_sg3_wk_waschmaschine_wk_waschmaschine_leistung,126.1,2026-05-27T17:24:57.910Z
sensor.shelly_plug_sg3_wk_waschmaschine_wk_waschmaschine_leistung,115.8,2026-05-27T17:24:58.929Z
sensor.shelly_plug_sg3_wk_waschmaschine_wk_waschmaschine_leistung,9.5,2026-05-27T17:24:59.976Z
sensor.shelly_plug_sg3_wk_waschmaschine_wk_waschmaschine_leistung,3.6,2026-05-27T17:25:00.994Z
sensor.shelly_plug_sg3_wk_waschmaschine_wk_waschmaschine_leistung,82.9,2026-05-27T17:25:05.106Z
sensor.shelly_plug_sg3_wk_waschmaschine_wk_waschmaschine_leistung,121.1,2026-05-27T17:25:06.135Z
sensor.shelly_plug_sg3_wk_waschmaschine_wk_waschmaschine_leistung,112.8,2026-05-27T17:25:09.218Z
sensor.shelly_plug_sg3_wk_waschmaschine_wk_waschmaschine_leistung,125.5,2026-05-27T17:25:10.246Z
sensor.shelly_plug_sg3_wk_waschmaschine_wk_waschmaschine_leistung,118.2,2026-05-27T17:25:12.302Z
sensor.shelly_plug_sg3_wk_waschmaschine_wk_waschmaschine_leistung,124.4,2026-05-27T17:25:13.334Z
sensor.shelly_plug_sg3_wk_waschmaschine_wk_waschmaschine_leistung,116.4,2026-05-27T17:25:14.359Z
sensor.shelly_plug_sg3_wk_waschmaschine_wk_waschmaschine_leistung,50.3,2026-05-27T17:25:15.386Z
sensor.shelly_plug_sg3_wk_waschmaschine_wk_waschmaschine_leistung,3.6,2026-05-27T17:25:16.418Z
sensor.shelly_plug_sg3_wk_waschmaschine_wk_waschmaschine_leistung,51.3,2026-05-27T17:25:20.530Z
sensor.shelly_plug_sg3_wk_waschmaschine_wk_waschmaschine_leistung,146.7,2026-05-27T17:25:21.555Z
sensor.shelly_plug_sg3_wk_waschmaschine_wk_waschmaschine_leistung,129.5,2026-05-27T17:25:22.586Z
sensor.shelly_plug_sg3_wk_waschmaschine_wk_waschmaschine_leistung,138.8,2026-05-27T17:25:27.723Z
sensor.shelly_plug_sg3_wk_waschmaschine_wk_waschmaschine_leistung,126.9,2026-05-27T17:25:28.751Z
sensor.shelly_plug_sg3_wk_waschmaschine_wk_waschmaschine_leistung,5.7,2026-05-27T17:25:30.807Z
sensor.shelly_plug_sg3_wk_waschmaschine_wk_waschmaschine_leistung,3.6,2026-05-27T17:25:31.835Z
sensor.shelly_plug_sg3_wk_waschmaschine_wk_waschmaschine_leistung,8.9,2026-05-27T17:25:35.949Z
sensor.shelly_plug_sg3_wk_waschmaschine_wk_waschmaschine_leistung,95.8,2026-05-27T17:25:36.977Z
sensor.shelly_plug_sg3_wk_waschmaschine_wk_waschmaschine_leistung,114.4,2026-05-27T17:25:38.004Z
sensor.shelly_plug_sg3_wk_waschmaschine_wk_waschmaschine_leistung,123.6,2026-05-27T17:25:39.032Z
sensor.shelly_plug_sg3_wk_waschmaschine_wk_waschmaschine_leistung,32.6,2026-05-27T17:25:46.230Z
sensor.shelly_plug_sg3_wk_waschmaschine_wk_waschmaschine_leistung,4.2,2026-05-27T17:25:47.256Z
sensor.shelly_plug_sg3_wk_waschmaschine_wk_waschmaschine_leistung,145.2,2026-05-27T17:25:52.397Z
sensor.shelly_plug_sg3_wk_waschmaschine_wk_waschmaschine_leistung,133.3,2026-05-27T17:25:53.427Z
sensor.shelly_plug_sg3_wk_waschmaschine_wk_waschmaschine_leistung,132.8,2026-05-27T17:26:00.003Z
sensor.shelly_plug_sg3_wk_waschmaschine_wk_waschmaschine_leistung,80.9,2026-05-27T17:26:01.649Z
sensor.shelly_plug_sg3_wk_waschmaschine_wk_waschmaschine_leistung,5.0,2026-05-27T17:26:02.677Z
sensor.shelly_plug_sg3_wk_waschmaschine_wk_waschmaschine_leistung,3.6,2026-05-27T17:26:03.705Z
sensor.shelly_plug_sg3_wk_waschmaschine_wk_waschmaschine_leistung,14.3,2026-05-27T17:26:06.788Z
sensor.shelly_plug_sg3_wk_waschmaschine_wk_waschmaschine_leistung,99.1,2026-05-27T17:26:07.816Z
sensor.shelly_plug_sg3_wk_waschmaschine_wk_waschmaschine_leistung,119.5,2026-05-27T17:26:08.845Z
sensor.shelly_plug_sg3_wk_waschmaschine_wk_waschmaschine_leistung,109.2,2026-05-27T17:26:11.928Z
sensor.shelly_plug_sg3_wk_waschmaschine_wk_waschmaschine_leistung,118.7,2026-05-27T17:26:12.957Z
sensor.shelly_plug_sg3_wk_waschmaschine_wk_waschmaschine_leistung,125.2,2026-05-27T17:26:17.060Z
sensor.shelly_plug_sg3_wk_waschmaschine_wk_waschmaschine_leistung,3.6,2026-05-27T17:26:18.100Z
sensor.shelly_plug_sg3_wk_waschmaschine_wk_waschmaschine_leistung,72.5,2026-05-27T17:26:23.236Z
sensor.shelly_plug_sg3_wk_waschmaschine_wk_waschmaschine_leistung,157.7,2026-05-27T17:26:24.265Z
sensor.shelly_plug_sg3_wk_waschmaschine_wk_waschmaschine_leistung,139.4,2026-05-27T17:26:25.293Z
sensor.shelly_plug_sg3_wk_waschmaschine_wk_waschmaschine_leistung,126.0,2026-05-27T17:26:26.323Z
sensor.shelly_plug_sg3_wk_waschmaschine_wk_waschmaschine_leistung,132.4,2026-05-27T17:26:27.342Z
sensor.shelly_plug_sg3_wk_waschmaschine_wk_waschmaschine_leistung,82.5,2026-05-27T17:26:32.493Z
sensor.shelly_plug_sg3_wk_waschmaschine_wk_waschmaschine_leistung,4.5,2026-05-27T17:26:33.517Z
sensor.shelly_plug_sg3_wk_waschmaschine_wk_waschmaschine_leistung,21.9,2026-05-27T17:26:38.657Z
sensor.shelly_plug_sg3_wk_waschmaschine_wk_waschmaschine_leistung,122.4,2026-05-27T17:26:39.687Z
sensor.shelly_plug_sg3_wk_waschmaschine_wk_waschmaschine_leistung,115.7,2026-05-27T17:26:40.717Z
sensor.shelly_plug_sg3_wk_waschmaschine_wk_waschmaschine_leistung,123.5,2026-05-27T17:26:42.769Z
sensor.shelly_plug_sg3_wk_waschmaschine_wk_waschmaschine_leistung,111.7,2026-05-27T17:26:45.899Z
sensor.shelly_plug_sg3_wk_waschmaschine_wk_waschmaschine_leistung,24.3,2026-05-27T17:26:48.942Z
sensor.shelly_plug_sg3_wk_waschmaschine_wk_waschmaschine_leistung,22.6,2026-05-27T17:26:50.996Z
sensor.shelly_plug_sg3_wk_waschmaschine_wk_waschmaschine_leistung,97.7,2026-05-27T17:26:54.082Z
sensor.shelly_plug_sg3_wk_waschmaschine_wk_waschmaschine_leistung,158.9,2026-05-27T17:26:55.105Z
sensor.shelly_plug_sg3_wk_waschmaschine_wk_waschmaschine_leistung,145.7,2026-05-27T17:26:57.162Z
sensor.shelly_plug_sg3_wk_waschmaschine_wk_waschmaschine_leistung,138.1,2026-05-27T17:26:59.218Z
sensor.shelly_plug_sg3_wk_waschmaschine_wk_waschmaschine_leistung,87.8,2026-05-27T17:27:04.361Z
sensor.shelly_plug_sg3_wk_waschmaschine_wk_waschmaschine_leistung,25.3,2026-05-27T17:27:05.386Z
sensor.shelly_plug_sg3_wk_waschmaschine_wk_waschmaschine_leistung,23.3,2026-05-27T17:27:08.466Z
sensor.shelly_plug_sg3_wk_waschmaschine_wk_waschmaschine_leistung,46.2,2026-05-27T17:27:09.500Z
sensor.shelly_plug_sg3_wk_waschmaschine_wk_waschmaschine_leistung,108.9,2026-05-27T17:27:10.526Z
sensor.shelly_plug_sg3_wk_waschmaschine_wk_waschmaschine_leistung,119.9,2026-05-27T17:27:11.554Z
sensor.shelly_plug_sg3_wk_waschmaschine_wk_waschmaschine_leistung,129.6,2026-05-27T17:27:13.611Z
sensor.shelly_plug_sg3_wk_waschmaschine_wk_waschmaschine_leistung,240.4,2026-05-27T17:27:14.638Z
sensor.shelly_plug_sg3_wk_waschmaschine_wk_waschmaschine_leistung,253.0,2026-05-27T17:27:17.712Z
sensor.shelly_plug_sg3_wk_waschmaschine_wk_waschmaschine_leistung,238.8,2026-05-27T17:27:27.992Z
sensor.shelly_plug_sg3_wk_waschmaschine_wk_waschmaschine_leistung,195.7,2026-05-27T17:27:39.306Z
sensor.shelly_plug_sg3_wk_waschmaschine_wk_waschmaschine_leistung,93.7,2026-05-27T17:27:40.340Z
sensor.shelly_plug_sg3_wk_waschmaschine_wk_waschmaschine_leistung,122.4,2026-05-27T17:27:41.362Z
sensor.shelly_plug_sg3_wk_waschmaschine_wk_waschmaschine_leistung,138.2,2026-05-27T17:27:42.393Z
sensor.shelly_plug_sg3_wk_waschmaschine_wk_waschmaschine_leistung,126.3,2026-05-27T17:27:44.452Z
sensor.shelly_plug_sg3_wk_waschmaschine_wk_waschmaschine_leistung,107.5,2026-05-27T17:27:45.475Z
sensor.shelly_plug_sg3_wk_waschmaschine_wk_waschmaschine_leistung,93.1,2026-05-27T17:27:46.503Z
sensor.shelly_plug_sg3_wk_waschmaschine_wk_waschmaschine_leistung,84.4,2026-05-27T17:27:47.531Z
sensor.shelly_plug_sg3_wk_waschmaschine_wk_waschmaschine_leistung,66.0,2026-05-27T17:27:48.559Z
sensor.shelly_plug_sg3_wk_waschmaschine_wk_waschmaschine_leistung,62.5,2026-05-27T17:27:49.580Z
sensor.shelly_plug_sg3_wk_waschmaschine_wk_waschmaschine_leistung,53.9,2026-05-27T17:27:51.643Z
sensor.shelly_plug_sg3_wk_waschmaschine_wk_waschmaschine_leistung,51.2,2026-05-27T17:27:52.664Z
sensor.shelly_plug_sg3_wk_waschmaschine_wk_waschmaschine_leistung,48.1,2026-05-27T17:27:53.703Z
sensor.shelly_plug_sg3_wk_waschmaschine_wk_waschmaschine_leistung,45.1,2026-05-27T17:27:56.774Z
sensor.shelly_plug_sg3_wk_waschmaschine_wk_waschmaschine_leistung,21.8,2026-05-27T17:27:57.811Z
sensor.shelly_plug_sg3_wk_waschmaschine_wk_waschmaschine_leistung,19.4,2026-05-27T17:27:58.830Z
sensor.shelly_plug_sg3_wk_waschmaschine_wk_waschmaschine_leistung,18.6,2026-05-27T17:28:00.003Z
sensor.shelly_plug_sg3_wk_waschmaschine_wk_waschmaschine_leistung,4.5,2026-05-27T17:28:00.895Z
sensor.shelly_plug_sg3_wk_waschmaschine_wk_waschmaschine_leistung,3.5,2026-05-27T17:28:05.083Z
sensor.shelly_plug_sg3_wk_waschmaschine_wk_waschmaschine_leistung,31.0,2026-05-27T17:28:14.342Z
sensor.shelly_plug_sg3_wk_waschmaschine_wk_waschmaschine_leistung,68.3,2026-05-27T17:28:15.370Z
sensor.shelly_plug_sg3_wk_waschmaschine_wk_waschmaschine_leistung,77.7,2026-05-27T17:28:16.399Z
sensor.shelly_plug_sg3_wk_waschmaschine_wk_waschmaschine_leistung,11.3,2026-05-27T17:28:17.426Z
sensor.shelly_plug_sg3_wk_waschmaschine_wk_waschmaschine_leistung,4.0,2026-05-27T17:28:18.454Z
sensor.shelly_plug_sg3_wk_waschmaschine_wk_waschmaschine_leistung,51.9,2026-05-27T17:28:23.595Z
sensor.shelly_plug_sg3_wk_waschmaschine_wk_waschmaschine_leistung,90.2,2026-05-27T17:28:24.623Z
sensor.shelly_plug_sg3_wk_waschmaschine_wk_waschmaschine_leistung,70.2,2026-05-27T17:28:25.651Z
sensor.shelly_plug_sg3_wk_waschmaschine_wk_waschmaschine_leistung,5.2,2026-05-27T17:28:26.679Z
sensor.shelly_plug_sg3_wk_waschmaschine_wk_waschmaschine_leistung,3.6,2026-05-27T17:28:27.708Z
sensor.shelly_plug_sg3_wk_waschmaschine_wk_waschmaschine_leistung,57.9,2026-05-27T17:28:31.821Z
sensor.shelly_plug_sg3_wk_waschmaschine_wk_waschmaschine_leistung,79.0,2026-05-27T17:28:32.849Z
sensor.shelly_plug_sg3_wk_waschmaschine_wk_waschmaschine_leistung,3.9,2026-05-27T17:28:34.907Z
sensor.shelly_plug_sg3_wk_waschmaschine_wk_waschmaschine_leistung,59.4,2026-05-27T17:28:35.932Z
sensor.shelly_plug_sg3_wk_waschmaschine_wk_waschmaschine_leistung,118.4,2026-05-27T17:28:36.960Z
sensor.shelly_plug_sg3_wk_waschmaschine_wk_waschmaschine_leistung,107.7,2026-05-27T17:28:37.988Z
sensor.shelly_plug_sg3_wk_waschmaschine_wk_waschmaschine_leistung,127.4,2026-05-27T17:28:39.019Z
sensor.shelly_plug_sg3_wk_waschmaschine_wk_waschmaschine_leistung,98.3,2026-05-27T17:28:40.046Z
sensor.shelly_plug_sg3_wk_waschmaschine_wk_waschmaschine_leistung,90.6,2026-05-27T17:28:42.092Z
sensor.shelly_plug_sg3_wk_waschmaschine_wk_waschmaschine_leistung,85.1,2026-05-27T17:28:43.129Z
sensor.shelly_plug_sg3_wk_waschmaschine_wk_waschmaschine_leistung,74.1,2026-05-27T17:28:44.157Z
sensor.shelly_plug_sg3_wk_waschmaschine_wk_waschmaschine_leistung,55.6,2026-05-27T17:28:45.187Z
sensor.shelly_plug_sg3_wk_waschmaschine_wk_waschmaschine_leistung,48.4,2026-05-27T17:28:46.214Z
sensor.shelly_plug_sg3_wk_waschmaschine_wk_waschmaschine_leistung,43.1,2026-05-27T17:28:48.260Z
sensor.shelly_plug_sg3_wk_waschmaschine_wk_waschmaschine_leistung,46.1,2026-05-27T17:28:51.346Z
sensor.shelly_plug_sg3_wk_waschmaschine_wk_waschmaschine_leistung,19.5,2026-05-27T17:28:53.412Z
sensor.shelly_plug_sg3_wk_waschmaschine_wk_waschmaschine_leistung,10.4,2026-05-27T17:28:56.499Z
sensor.shelly_plug_sg3_wk_waschmaschine_wk_waschmaschine_leistung,3.6,2026-05-27T17:28:57.526Z
sensor.shelly_plug_sg3_wk_waschmaschine_wk_waschmaschine_leistung,67.5,2026-05-27T17:29:11.912Z
sensor.shelly_plug_sg3_wk_waschmaschine_wk_waschmaschine_leistung,78.1,2026-05-27T17:29:13.968Z
sensor.shelly_plug_sg3_wk_waschmaschine_wk_waschmaschine_leistung,3.8,2026-05-27T17:29:14.996Z
sensor.shelly_plug_sg3_wk_waschmaschine_wk_waschmaschine_leistung,32.0,2026-05-27T17:29:20.137Z
sensor.shelly_plug_sg3_wk_waschmaschine_wk_waschmaschine_leistung,88.5,2026-05-27T17:29:21.167Z
sensor.shelly_plug_sg3_wk_waschmaschine_wk_waschmaschine_leistung,83.2,2026-05-27T17:29:22.194Z
sensor.shelly_plug_sg3_wk_waschmaschine_wk_waschmaschine_leistung,13.7,2026-05-27T17:29:23.222Z
sensor.shelly_plug_sg3_wk_waschmaschine_wk_waschmaschine_leistung,3.6,2026-05-27T17:29:24.250Z
sensor.shelly_plug_sg3_wk_waschmaschine_wk_waschmaschine_leistung,83.3,2026-05-27T17:29:29.390Z
sensor.shelly_plug_sg3_wk_waschmaschine_wk_waschmaschine_leistung,73.5,2026-05-27T17:29:30.420Z
sensor.shelly_plug_sg3_wk_waschmaschine_wk_waschmaschine_leistung,61.9,2026-05-27T17:29:31.446Z
sensor.shelly_plug_sg3_wk_waschmaschine_wk_waschmaschine_leistung,5.5,2026-05-27T17:29:32.474Z
sensor.shelly_plug_sg3_wk_waschmaschine_wk_waschmaschine_leistung,3.5,2026-05-27T17:29:33.503Z
sensor.shelly_plug_sg3_wk_waschmaschine_wk_waschmaschine_leistung,7.8,2026-05-27T17:29:36.587Z
sensor.shelly_plug_sg3_wk_waschmaschine_wk_waschmaschine_leistung,69.8,2026-05-27T17:29:37.615Z
sensor.shelly_plug_sg3_wk_waschmaschine_wk_waschmaschine_leistung,88.1,2026-05-27T17:29:38.644Z
sensor.shelly_plug_sg3_wk_waschmaschine_wk_waschmaschine_leistung,3.9,2026-05-27T17:29:40.700Z
sensor.shelly_plug_sg3_wk_waschmaschine_wk_waschmaschine_leistung,19.7,2026-05-27T17:29:45.840Z
sensor.shelly_plug_sg3_wk_waschmaschine_wk_waschmaschine_leistung,71.1,2026-05-27T17:29:46.868Z
sensor.shelly_plug_sg3_wk_waschmaschine_wk_waschmaschine_leistung,76.3,2026-05-27T17:29:47.887Z
sensor.shelly_plug_sg3_wk_waschmaschine_wk_waschmaschine_leistung,25.6,2026-05-27T17:29:48.924Z
sensor.shelly_plug_sg3_wk_waschmaschine_wk_waschmaschine_leistung,3.6,2026-05-27T17:29:49.952Z
sensor.shelly_plug_sg3_wk_waschmaschine_wk_waschmaschine_leistung,79.4,2026-05-27T17:29:50.982Z
sensor.shelly_plug_sg3_wk_waschmaschine_wk_waschmaschine_leistung,109.8,2026-05-27T17:29:52.009Z
sensor.shelly_plug_sg3_wk_waschmaschine_wk_waschmaschine_leistung,116.8,2026-05-27T17:29:54.055Z
sensor.shelly_plug_sg3_wk_waschmaschine_wk_waschmaschine_leistung,101.9,2026-05-27T17:29:55.093Z
sensor.shelly_plug_sg3_wk_waschmaschine_wk_waschmaschine_leistung,93.8,2026-05-27T17:29:57.148Z
sensor.shelly_plug_sg3_wk_waschmaschine_wk_waschmaschine_leistung,62.0,2026-05-27T17:29:58.176Z
sensor.shelly_plug_sg3_wk_waschmaschine_wk_waschmaschine_leistung,49.1,2026-05-27T17:29:59.204Z
sensor.shelly_plug_sg3_wk_waschmaschine_wk_waschmaschine_leistung,43.9,2026-05-27T17:30:02.279Z
sensor.shelly_plug_sg3_wk_waschmaschine_wk_waschmaschine_leistung,41.3,2026-05-27T17:30:04.335Z
sensor.shelly_plug_sg3_wk_waschmaschine_wk_waschmaschine_leistung,32.0,2026-05-27T17:30:08.457Z
sensor.shelly_plug_sg3_wk_waschmaschine_wk_waschmaschine_leistung,18.4,2026-05-27T17:30:09.488Z
sensor.shelly_plug_sg3_wk_waschmaschine_wk_waschmaschine_leistung,12.1,2026-05-27T17:30:11.542Z
sensor.shelly_plug_sg3_wk_waschmaschine_wk_waschmaschine_leistung,3.7,2026-05-27T17:30:12.568Z
sensor.shelly_plug_sg3_wk_waschmaschine_wk_waschmaschine_leistung,5.9,2026-05-27T17:30:27.977Z
sensor.shelly_plug_sg3_wk_waschmaschine_wk_waschmaschine_leistung,48.9,2026-05-27T17:30:29.015Z
sensor.shelly_plug_sg3_wk_waschmaschine_wk_waschmaschine_leistung,73.3,2026-05-27T17:30:30.042Z
sensor.shelly_plug_sg3_wk_waschmaschine_wk_waschmaschine_leistung,46.8,2026-05-27T17:30:31.071Z
sensor.shelly_plug_sg3_wk_waschmaschine_wk_waschmaschine_leistung,4.7,2026-05-27T17:30:32.099Z
sensor.shelly_plug_sg3_wk_waschmaschine_wk_waschmaschine_leistung,3.7,2026-05-27T17:30:33.118Z
sensor.shelly_plug_sg3_wk_waschmaschine_wk_waschmaschine_leistung,15.2,2026-05-27T17:30:37.240Z
sensor.shelly_plug_sg3_wk_waschmaschine_wk_waschmaschine_leistung,86.8,2026-05-27T17:30:38.268Z
sensor.shelly_plug_sg3_wk_waschmaschine_wk_waschmaschine_leistung,76.3,2026-05-27T17:30:39.296Z
sensor.shelly_plug_sg3_wk_waschmaschine_wk_waschmaschine_leistung,31.7,2026-05-27T17:30:40.325Z
sensor.shelly_plug_sg3_wk_waschmaschine_wk_waschmaschine_leistung,3.7,2026-05-27T17:30:41.351Z
sensor.shelly_plug_sg3_wk_waschmaschine_wk_waschmaschine_leistung,28.1,2026-05-27T17:30:45.463Z
sensor.shelly_plug_sg3_wk_waschmaschine_wk_waschmaschine_leistung,59.3,2026-05-27T17:30:46.491Z
sensor.shelly_plug_sg3_wk_waschmaschine_wk_waschmaschine_leistung,71.6,2026-05-27T17:30:47.522Z
sensor.shelly_plug_sg3_wk_waschmaschine_wk_waschmaschine_leistung,4.0,2026-05-27T17:30:49.575Z
sensor.shelly_plug_sg3_wk_waschmaschine_wk_waschmaschine_leistung,48.8,2026-05-27T17:30:54.718Z
sensor.shelly_plug_sg3_wk_waschmaschine_wk_waschmaschine_leistung,97.2,2026-05-27T17:30:55.745Z
sensor.shelly_plug_sg3_wk_waschmaschine_wk_waschmaschine_leistung,71.6,2026-05-27T17:30:56.771Z
sensor.shelly_plug_sg3_wk_waschmaschine_wk_waschmaschine_leistung,5.0,2026-05-27T17:30:57.802Z
sensor.shelly_plug_sg3_wk_waschmaschine_wk_waschmaschine_leistung,3.6,2026-05-27T17:30:58.819Z
sensor.shelly_plug_sg3_wk_waschmaschine_wk_waschmaschine_leistung,8.4,2026-05-27T17:31:02.930Z
sensor.shelly_plug_sg3_wk_waschmaschine_wk_waschmaschine_leistung,75.0,2026-05-27T17:31:03.968Z
sensor.shelly_plug_sg3_wk_waschmaschine_wk_waschmaschine_leistung,42.2,2026-05-27T17:31:06.024Z
sensor.shelly_plug_sg3_wk_waschmaschine_wk_waschmaschine_leistung,3.6,2026-05-27T17:31:07.053Z
sensor.shelly_plug_sg3_wk_waschmaschine_wk_waschmaschine_leistung,21.5,2026-05-27T17:31:11.166Z
sensor.shelly_plug_sg3_wk_waschmaschine_wk_waschmaschine_leistung,84.5,2026-05-27T17:31:12.193Z
sensor.shelly_plug_sg3_wk_waschmaschine_wk_waschmaschine_leistung,76.1,2026-05-27T17:31:13.222Z
sensor.shelly_plug_sg3_wk_waschmaschine_wk_waschmaschine_leistung,3.7,2026-05-27T17:31:14.250Z
sensor.shelly_plug_sg3_wk_waschmaschine_wk_waschmaschine_leistung,72.9,2026-05-27T17:31:15.282Z
sensor.shelly_plug_sg3_wk_waschmaschine_wk_waschmaschine_leistung,97.7,2026-05-27T17:31:16.306Z
sensor.shelly_plug_sg3_wk_waschmaschine_wk_waschmaschine_leistung,85.5,2026-05-27T17:31:17.337Z
sensor.shelly_plug_sg3_wk_waschmaschine_wk_waschmaschine_leistung,118.6,2026-05-27T17:31:18.363Z
sensor.shelly_plug_sg3_wk_waschmaschine_wk_waschmaschine_leistung,104.1,2026-05-27T17:31:19.391Z
sensor.shelly_plug_sg3_wk_waschmaschine_wk_waschmaschine_leistung,96.7,2026-05-27T17:31:20.422Z
sensor.shelly_plug_sg3_wk_waschmaschine_wk_waschmaschine_leistung,90.8,2026-05-27T17:31:23.503Z
sensor.shelly_plug_sg3_wk_waschmaschine_wk_waschmaschine_leistung,67.1,2026-05-27T17:31:24.534Z
sensor.shelly_plug_sg3_wk_waschmaschine_wk_waschmaschine_leistung,47.2,2026-05-27T17:31:25.560Z
sensor.shelly_plug_sg3_wk_waschmaschine_wk_waschmaschine_leistung,51.1,2026-05-27T17:31:26.579Z
sensor.shelly_plug_sg3_wk_waschmaschine_wk_waschmaschine_leistung,40.7,2026-05-27T17:31:28.644Z
sensor.shelly_plug_sg3_wk_waschmaschine_wk_waschmaschine_leistung,42.8,2026-05-27T17:31:31.722Z
sensor.shelly_plug_sg3_wk_waschmaschine_wk_waschmaschine_leistung,18.5,2026-05-27T17:31:32.759Z
sensor.shelly_plug_sg3_wk_waschmaschine_wk_waschmaschine_leistung,13.6,2026-05-27T17:31:35.840Z
sensor.shelly_plug_sg3_wk_waschmaschine_wk_waschmaschine_leistung,3.6,2026-05-27T17:31:36.868Z
sensor.shelly_plug_sg3_wk_waschmaschine_wk_waschmaschine_leistung,56.9,2026-05-27T17:31:42.036Z
sensor.shelly_plug_sg3_wk_waschmaschine_wk_waschmaschine_leistung,87.3,2026-05-27T17:31:43.036Z
sensor.shelly_plug_sg3_wk_waschmaschine_wk_waschmaschine_leistung,72.9,2026-05-27T17:31:44.068Z
sensor.shelly_plug_sg3_wk_waschmaschine_wk_waschmaschine_leistung,77.0,2026-05-27T17:31:45.085Z
sensor.shelly_plug_sg3_wk_waschmaschine_wk_waschmaschine_leistung,4.0,2026-05-27T17:31:47.148Z
sensor.shelly_plug_sg3_wk_waschmaschine_wk_waschmaschine_leistung,26.6,2026-05-27T17:31:50.234Z
sensor.shelly_plug_sg3_wk_waschmaschine_wk_waschmaschine_leistung,92.9,2026-05-27T17:31:51.261Z
sensor.shelly_plug_sg3_wk_waschmaschine_wk_waschmaschine_leistung,86.8,2026-05-27T17:31:52.289Z
sensor.shelly_plug_sg3_wk_waschmaschine_wk_waschmaschine_leistung,66.7,2026-05-27T17:31:54.346Z
sensor.shelly_plug_sg3_wk_waschmaschine_wk_waschmaschine_leistung,4.8,2026-05-27T17:31:55.374Z
sensor.shelly_plug_sg3_wk_waschmaschine_wk_waschmaschine_leistung,3.6,2026-05-27T17:31:56.393Z
sensor.shelly_plug_sg3_wk_waschmaschine_wk_waschmaschine_leistung,66.6,2026-05-27T17:31:58.457Z
sensor.shelly_plug_sg3_wk_waschmaschine_wk_waschmaschine_leistung,99.1,2026-05-27T17:31:59.486Z
sensor.shelly_plug_sg3_wk_waschmaschine_wk_waschmaschine_leistung,111.4,2026-05-27T17:32:01.542Z
sensor.shelly_plug_sg3_wk_waschmaschine_wk_waschmaschine_leistung,104.7,2026-05-27T17:32:03.600Z
sensor.shelly_plug_sg3_wk_waschmaschine_wk_waschmaschine_leistung,79.7,2026-05-27T17:32:05.654Z
sensor.shelly_plug_sg3_wk_waschmaschine_wk_waschmaschine_leistung,65.0,2026-05-27T17:32:06.684Z
sensor.shelly_plug_sg3_wk_waschmaschine_wk_waschmaschine_leistung,57.0,2026-05-27T17:32:07.712Z
sensor.shelly_plug_sg3_wk_waschmaschine_wk_waschmaschine_leistung,50.8,2026-05-27T17:32:08.739Z
sensor.shelly_plug_sg3_wk_waschmaschine_wk_waschmaschine_leistung,43.2,2026-05-27T17:32:09.767Z
sensor.shelly_plug_sg3_wk_waschmaschine_wk_waschmaschine_leistung,40.8,2026-05-27T17:32:14.907Z
sensor.shelly_plug_sg3_wk_waschmaschine_wk_waschmaschine_leistung,18.2,2026-05-27T17:32:15.946Z
sensor.shelly_plug_sg3_wk_waschmaschine_wk_waschmaschine_leistung,9.9,2026-05-27T17:32:19.028Z
sensor.shelly_plug_sg3_wk_waschmaschine_wk_waschmaschine_leistung,3.6,2026-05-27T17:32:20.057Z
sensor.shelly_plug_sg3_wk_waschmaschine_wk_waschmaschine_leistung,77.1,2026-05-27T17:32:25.195Z
sensor.shelly_plug_sg3_wk_waschmaschine_wk_waschmaschine_leistung,71.3,2026-05-27T17:32:28.280Z
sensor.shelly_plug_sg3_wk_waschmaschine_wk_waschmaschine_leistung,77.1,2026-05-27T17:32:29.308Z
sensor.shelly_plug_sg3_wk_waschmaschine_wk_waschmaschine_leistung,3.7,2026-05-27T17:32:30.336Z
sensor.shelly_plug_sg3_wk_waschmaschine_wk_waschmaschine_leistung,62.2,2026-05-27T17:32:33.423Z
sensor.shelly_plug_sg3_wk_waschmaschine_wk_waschmaschine_leistung,89.7,2026-05-27T17:32:34.448Z
sensor.shelly_plug_sg3_wk_waschmaschine_wk_waschmaschine_leistung,82.4,2026-05-27T17:32:36.505Z
sensor.shelly_plug_sg3_wk_waschmaschine_wk_waschmaschine_leistung,3.6,2026-05-27T17:32:38.560Z
sensor.shelly_plug_sg3_wk_waschmaschine_wk_waschmaschine_leistung,16.2,2026-05-27T17:32:41.646Z
sensor.shelly_plug_sg3_wk_waschmaschine_wk_waschmaschine_leistung,108.0,2026-05-27T17:32:42.676Z
sensor.shelly_plug_sg3_wk_waschmaschine_wk_waschmaschine_leistung,92.8,2026-05-27T17:32:43.701Z
sensor.shelly_plug_sg3_wk_waschmaschine_wk_waschmaschine_leistung,107.6,2026-05-27T17:32:44.742Z
sensor.shelly_plug_sg3_wk_waschmaschine_wk_waschmaschine_leistung,91.3,2026-05-27T17:32:47.815Z
sensor.shelly_plug_sg3_wk_waschmaschine_wk_waschmaschine_leistung,83.2,2026-05-27T17:32:49.872Z
sensor.shelly_plug_sg3_wk_waschmaschine_wk_waschmaschine_leistung,64.8,2026-05-27T17:32:51.926Z
sensor.shelly_plug_sg3_wk_waschmaschine_wk_waschmaschine_leistung,55.5,2026-05-27T17:32:52.954Z
sensor.shelly_plug_sg3_wk_waschmaschine_wk_waschmaschine_leistung,50.6,2026-05-27T17:32:53.982Z
sensor.shelly_plug_sg3_wk_waschmaschine_wk_waschmaschine_leistung,46.8,2026-05-27T17:32:55.002Z
sensor.shelly_plug_sg3_wk_waschmaschine_wk_waschmaschine_leistung,44.5,2026-05-27T17:32:56.038Z
sensor.shelly_plug_sg3_wk_waschmaschine_wk_waschmaschine_leistung,42.4,2026-05-27T17:33:00.046Z
sensor.shelly_plug_sg3_wk_waschmaschine_wk_waschmaschine_leistung,433.4,2026-05-27T17:33:00.153Z
sensor.shelly_plug_sg3_wk_waschmaschine_wk_waschmaschine_leistung,602.8,2026-05-27T17:33:01.179Z
sensor.shelly_plug_sg3_wk_waschmaschine_wk_waschmaschine_leistung,688.6,2026-05-27T17:33:02.209Z
sensor.shelly_plug_sg3_wk_waschmaschine_wk_waschmaschine_leistung,767.3,2026-05-27T17:33:03.235Z
sensor.shelly_plug_sg3_wk_waschmaschine_wk_waschmaschine_leistung,806.6,2026-05-27T17:33:05.282Z
sensor.shelly_plug_sg3_wk_waschmaschine_wk_waschmaschine_leistung,397.2,2026-05-27T17:33:11.459Z
sensor.shelly_plug_sg3_wk_waschmaschine_wk_waschmaschine_leistung,20.6,2026-05-27T17:33:12.487Z
sensor.shelly_plug_sg3_wk_waschmaschine_wk_waschmaschine_leistung,21.8,2026-05-27T17:33:14.535Z
sensor.shelly_plug_sg3_wk_waschmaschine_wk_waschmaschine_leistung,19.0,2026-05-27T17:33:16.598Z
sensor.shelly_plug_sg3_wk_waschmaschine_wk_waschmaschine_leistung,20.8,2026-05-27T17:33:17.617Z
sensor.shelly_plug_sg3_wk_waschmaschine_wk_waschmaschine_leistung,19.3,2026-05-27T17:33:18.645Z
sensor.shelly_plug_sg3_wk_waschmaschine_wk_waschmaschine_leistung,18.1,2026-05-27T17:33:19.673Z
sensor.shelly_plug_sg3_wk_waschmaschine_wk_waschmaschine_leistung,20.8,2026-05-27T17:33:21.729Z
sensor.shelly_plug_sg3_wk_waschmaschine_wk_waschmaschine_leistung,19.4,2026-05-27T17:33:25.844Z
sensor.shelly_plug_sg3_wk_waschmaschine_wk_waschmaschine_leistung,21.1,2026-05-27T17:33:26.873Z
sensor.shelly_plug_sg3_wk_waschmaschine_wk_waschmaschine_leistung,19.8,2026-05-27T17:33:27.898Z
sensor.shelly_plug_sg3_wk_waschmaschine_wk_waschmaschine_leistung,18.4,2026-05-27T17:33:35.095Z
sensor.shelly_plug_sg3_wk_waschmaschine_wk_waschmaschine_leistung,19.7,2026-05-27T17:33:37.151Z
sensor.shelly_plug_sg3_wk_waschmaschine_wk_waschmaschine_leistung,20.7,2026-05-27T17:33:38.190Z
sensor.shelly_plug_sg3_wk_waschmaschine_wk_waschmaschine_leistung,23.5,2026-05-27T17:33:40.236Z
sensor.shelly_plug_sg3_wk_waschmaschine_wk_waschmaschine_leistung,21.8,2026-05-27T17:33:41.263Z
sensor.shelly_plug_sg3_wk_waschmaschine_wk_waschmaschine_leistung,24.6,2026-05-27T17:33:42.303Z
sensor.shelly_plug_sg3_wk_waschmaschine_wk_waschmaschine_leistung,17.9,2026-05-27T17:33:50.526Z
sensor.shelly_plug_sg3_wk_waschmaschine_wk_waschmaschine_leistung,16.7,2026-05-27T17:33:55.664Z
sensor.shelly_plug_sg3_wk_waschmaschine_wk_waschmaschine_leistung,16.8,2026-05-27T17:34:00.046Z
sensor.shelly_plug_sg3_wk_waschmaschine_wk_waschmaschine_leistung,18.5,2026-05-27T17:34:07.999Z
sensor.shelly_plug_sg3_wk_waschmaschine_wk_waschmaschine_leistung,16.7,2026-05-27T17:34:09.027Z
sensor.shelly_plug_sg3_wk_waschmaschine_wk_waschmaschine_leistung,87.5,2026-05-27T17:34:12.111Z
sensor.shelly_plug_sg3_wk_waschmaschine_wk_waschmaschine_leistung,61.4,2026-05-27T17:34:13.139Z
sensor.shelly_plug_sg3_wk_waschmaschine_wk_waschmaschine_leistung,64.5,2026-05-27T17:34:17.242Z
sensor.shelly_plug_sg3_wk_waschmaschine_wk_waschmaschine_leistung,61.2,2026-05-27T17:34:18.270Z
sensor.shelly_plug_sg3_wk_waschmaschine_wk_waschmaschine_leistung,55.4,2026-05-27T17:34:19.310Z
sensor.shelly_plug_sg3_wk_waschmaschine_wk_waschmaschine_leistung,50.6,2026-05-27T17:34:20.335Z
sensor.shelly_plug_sg3_wk_waschmaschine_wk_waschmaschine_leistung,38.8,2026-05-27T17:34:21.364Z
sensor.shelly_plug_sg3_wk_waschmaschine_wk_waschmaschine_leistung,35.2,2026-05-27T17:34:22.383Z
sensor.shelly_plug_sg3_wk_waschmaschine_wk_waschmaschine_leistung,37.1,2026-05-27T17:34:23.411Z
sensor.shelly_plug_sg3_wk_waschmaschine_wk_waschmaschine_leistung,66.1,2026-05-27T17:34:26.506Z
sensor.shelly_plug_sg3_wk_waschmaschine_wk_waschmaschine_leistung,263.0,2026-05-27T17:34:27.535Z
sensor.shelly_plug_sg3_wk_waschmaschine_wk_waschmaschine_leistung,395.2,2026-05-27T17:34:28.561Z
sensor.shelly_plug_sg3_wk_waschmaschine_wk_waschmaschine_leistung,517.6,2026-05-27T17:34:29.589Z
sensor.shelly_plug_sg3_wk_waschmaschine_wk_waschmaschine_leistung,321.7,2026-05-27T17:34:30.620Z
sensor.shelly_plug_sg3_wk_waschmaschine_wk_waschmaschine_leistung,270.5,2026-05-27T17:34:31.649Z
sensor.shelly_plug_sg3_wk_waschmaschine_wk_waschmaschine_leistung,158.1,2026-05-27T17:34:32.674Z
sensor.shelly_plug_sg3_wk_waschmaschine_wk_waschmaschine_leistung,117.4,2026-05-27T17:34:33.704Z
sensor.shelly_plug_sg3_wk_waschmaschine_wk_waschmaschine_leistung,131.4,2026-05-27T17:34:34.731Z
sensor.shelly_plug_sg3_wk_waschmaschine_wk_waschmaschine_leistung,138.9,2026-05-27T17:34:35.761Z
sensor.shelly_plug_sg3_wk_waschmaschine_wk_waschmaschine_leistung,149.3,2026-05-27T17:34:36.787Z
sensor.shelly_plug_sg3_wk_waschmaschine_wk_waschmaschine_leistung,342.2,2026-05-27T17:34:37.816Z
sensor.shelly_plug_sg3_wk_waschmaschine_wk_waschmaschine_leistung,423.4,2026-05-27T17:34:38.844Z
sensor.shelly_plug_sg3_wk_waschmaschine_wk_waschmaschine_leistung,218.7,2026-05-27T17:34:40.900Z
sensor.shelly_plug_sg3_wk_waschmaschine_wk_waschmaschine_leistung,177.2,2026-05-27T17:34:41.928Z
sensor.shelly_plug_sg3_wk_waschmaschine_wk_waschmaschine_leistung,155.6,2026-05-27T17:34:42.956Z
sensor.shelly_plug_sg3_wk_waschmaschine_wk_waschmaschine_leistung,206.5,2026-05-27T17:34:45.014Z
sensor.shelly_plug_sg3_wk_waschmaschine_wk_waschmaschine_leistung,320.1,2026-05-27T17:34:46.045Z
sensor.shelly_plug_sg3_wk_waschmaschine_wk_waschmaschine_leistung,352.6,2026-05-27T17:34:48.098Z
sensor.shelly_plug_sg3_wk_waschmaschine_wk_waschmaschine_leistung,445.0,2026-05-27T17:34:49.125Z
sensor.shelly_plug_sg3_wk_waschmaschine_wk_waschmaschine_leistung,421.2,2026-05-27T17:34:52.233Z
sensor.shelly_plug_sg3_wk_waschmaschine_wk_waschmaschine_leistung,393.5,2026-05-27T17:34:55.293Z
sensor.shelly_plug_sg3_wk_waschmaschine_wk_waschmaschine_leistung,343.4,2026-05-27T17:34:57.351Z
sensor.shelly_plug_sg3_wk_waschmaschine_wk_waschmaschine_leistung,290.1,2026-05-27T17:34:58.378Z
sensor.shelly_plug_sg3_wk_waschmaschine_wk_waschmaschine_leistung,215.5,2026-05-27T17:34:59.405Z
sensor.shelly_plug_sg3_wk_waschmaschine_wk_waschmaschine_leistung,195.0,2026-05-27T17:35:00.434Z
sensor.shelly_plug_sg3_wk_waschmaschine_wk_waschmaschine_leistung,184.3,2026-05-27T17:35:01.462Z
sensor.shelly_plug_sg3_wk_waschmaschine_wk_waschmaschine_leistung,194.3,2026-05-27T17:35:03.518Z
sensor.shelly_plug_sg3_wk_waschmaschine_wk_waschmaschine_leistung,206.1,2026-05-27T17:35:04.546Z
sensor.shelly_plug_sg3_wk_waschmaschine_wk_waschmaschine_leistung,218.6,2026-05-27T17:35:05.574Z
sensor.shelly_plug_sg3_wk_waschmaschine_wk_waschmaschine_leistung,238.5,2026-05-27T17:35:06.603Z
sensor.shelly_plug_sg3_wk_waschmaschine_wk_waschmaschine_leistung,231.8,2026-05-27T17:36:00.042Z
sensor.shelly_plug_sg3_wk_waschmaschine_wk_waschmaschine_leistung,224.1,2026-05-27T17:36:01.116Z
sensor.shelly_plug_sg3_wk_waschmaschine_wk_waschmaschine_leistung,226.2,2026-05-27T17:37:00.038Z
sensor.shelly_plug_sg3_wk_waschmaschine_wk_waschmaschine_leistung,169.1,2026-05-27T17:37:17.179Z
sensor.shelly_plug_sg3_wk_waschmaschine_wk_waschmaschine_leistung,59.0,2026-05-27T17:37:18.205Z
sensor.shelly_plug_sg3_wk_waschmaschine_wk_waschmaschine_leistung,143.1,2026-05-27T17:37:19.234Z
sensor.shelly_plug_sg3_wk_waschmaschine_wk_waschmaschine_leistung,323.7,2026-05-27T17:37:20.262Z
sensor.shelly_plug_sg3_wk_waschmaschine_wk_waschmaschine_leistung,343.1,2026-05-27T17:37:21.292Z
sensor.shelly_plug_sg3_wk_waschmaschine_wk_waschmaschine_leistung,322.6,2026-05-27T17:37:22.320Z
sensor.shelly_plug_sg3_wk_waschmaschine_wk_waschmaschine_leistung,288.3,2026-05-27T17:37:23.346Z
sensor.shelly_plug_sg3_wk_waschmaschine_wk_waschmaschine_leistung,306.7,2026-05-27T17:37:24.374Z
sensor.shelly_plug_sg3_wk_waschmaschine_wk_waschmaschine_leistung,463.8,2026-05-27T17:37:25.403Z
sensor.shelly_plug_sg3_wk_waschmaschine_wk_waschmaschine_leistung,302.3,2026-05-27T17:37:27.462Z
sensor.shelly_plug_sg3_wk_waschmaschine_wk_waschmaschine_leistung,249.7,2026-05-27T17:37:28.489Z
sensor.shelly_plug_sg3_wk_waschmaschine_wk_waschmaschine_leistung,217.8,2026-05-27T17:37:29.517Z
sensor.shelly_plug_sg3_wk_waschmaschine_wk_waschmaschine_leistung,201.9,2026-05-27T17:37:30.544Z
sensor.shelly_plug_sg3_wk_waschmaschine_wk_waschmaschine_leistung,235.9,2026-05-27T17:37:34.656Z
sensor.shelly_plug_sg3_wk_waschmaschine_wk_waschmaschine_leistung,252.3,2026-05-27T17:37:36.703Z
sensor.shelly_plug_sg3_wk_waschmaschine_wk_waschmaschine_leistung,238.4,2026-05-27T17:37:38.760Z
sensor.shelly_plug_sg3_wk_waschmaschine_wk_waschmaschine_leistung,250.5,2026-05-27T17:37:59.320Z
sensor.shelly_plug_sg3_wk_waschmaschine_wk_waschmaschine_leistung,39.6,2026-05-27T17:38:47.638Z
sensor.shelly_plug_sg3_wk_waschmaschine_wk_waschmaschine_leistung,17.1,2026-05-27T17:38:48.666Z
sensor.shelly_plug_sg3_wk_waschmaschine_wk_waschmaschine_leistung,5.4,2026-05-27T17:39:28.759Z
sensor.shelly_plug_sg3_wk_waschmaschine_wk_waschmaschine_leistung,4.1,2026-05-27T17:39:29.772Z
sensor.shelly_plug_sg3_wk_waschmaschine_wk_waschmaschine_leistung,19.2,2026-05-27T17:39:48.285Z
sensor.shelly_plug_sg3_wk_waschmaschine_wk_waschmaschine_leistung,15.1,2026-05-27T17:39:49.312Z
sensor.shelly_plug_sg3_wk_waschmaschine_wk_waschmaschine_leistung,16.2,2026-05-27T17:39:50.334Z
sensor.shelly_plug_sg3_wk_waschmaschine_wk_waschmaschine_leistung,6.2,2026-05-27T17:39:51.369Z
sensor.shelly_plug_sg3_wk_waschmaschine_wk_waschmaschine_leistung,3.9,2026-05-27T17:39:52.388Z
sensor.shelly_plug_sg3_wk_waschmaschine_wk_waschmaschine_leistung,22.5,2026-05-27T17:39:56.508Z
sensor.shelly_plug_sg3_wk_waschmaschine_wk_waschmaschine_leistung,14.9,2026-05-27T17:39:57.534Z
sensor.shelly_plug_sg3_wk_waschmaschine_wk_waschmaschine_leistung,17.8,2026-05-27T17:39:58.555Z
sensor.shelly_plug_sg3_wk_waschmaschine_wk_waschmaschine_leistung,14.1,2026-05-27T17:39:59.582Z
sensor.shelly_plug_sg3_wk_waschmaschine_wk_waschmaschine_leistung,3.6,2026-05-27T17:40:00.622Z
sensor.shelly_plug_sg3_wk_waschmaschine_wk_waschmaschine_leistung,7.1,2026-05-27T17:40:04.722Z
sensor.shelly_plug_sg3_wk_waschmaschine_wk_waschmaschine_leistung,18.7,2026-05-27T17:40:05.760Z
sensor.shelly_plug_sg3_wk_waschmaschine_wk_waschmaschine_leistung,16.8,2026-05-27T17:40:06.779Z
sensor.shelly_plug_sg3_wk_waschmaschine_wk_waschmaschine_leistung,11.4,2026-05-27T17:40:07.816Z
sensor.shelly_plug_sg3_wk_waschmaschine_wk_waschmaschine_leistung,4.1,2026-05-27T17:40:08.847Z
sensor.shelly_plug_sg3_wk_waschmaschine_wk_waschmaschine_leistung,16.5,2026-05-27T17:40:13.984Z
sensor.shelly_plug_sg3_wk_waschmaschine_wk_waschmaschine_leistung,19.2,2026-05-27T17:40:15.003Z
sensor.shelly_plug_sg3_wk_waschmaschine_wk_waschmaschine_leistung,16.3,2026-05-27T17:40:16.032Z
sensor.shelly_plug_sg3_wk_waschmaschine_wk_waschmaschine_leistung,7.8,2026-05-27T17:40:17.069Z
sensor.shelly_plug_sg3_wk_waschmaschine_wk_waschmaschine_leistung,3.6,2026-05-27T17:40:18.099Z
sensor.shelly_plug_sg3_wk_waschmaschine_wk_waschmaschine_leistung,19.9,2026-05-27T17:40:22.209Z
sensor.shelly_plug_sg3_wk_waschmaschine_wk_waschmaschine_leistung,14.3,2026-05-27T17:40:23.237Z
sensor.shelly_plug_sg3_wk_waschmaschine_wk_waschmaschine_leistung,16.5,2026-05-27T17:40:24.258Z
sensor.shelly_plug_sg3_wk_waschmaschine_wk_waschmaschine_leistung,5.2,2026-05-27T17:40:25.297Z
sensor.shelly_plug_sg3_wk_waschmaschine_wk_waschmaschine_leistung,3.7,2026-05-27T17:40:26.317Z
sensor.shelly_plug_sg3_wk_waschmaschine_wk_waschmaschine_leistung,12.4,2026-05-27T17:40:29.405Z
sensor.shelly_plug_sg3_wk_waschmaschine_wk_waschmaschine_leistung,18.9,2026-05-27T17:40:30.434Z
sensor.shelly_plug_sg3_wk_waschmaschine_wk_waschmaschine_leistung,16.0,2026-05-27T17:40:31.454Z
sensor.shelly_plug_sg3_wk_waschmaschine_wk_waschmaschine_leistung,3.5,2026-05-27T17:40:32.493Z
sensor.shelly_plug_sg3_wk_waschmaschine_wk_waschmaschine_leistung,20.8,2026-05-27T17:40:37.630Z
sensor.shelly_plug_sg3_wk_waschmaschine_wk_waschmaschine_leistung,15.3,2026-05-27T17:40:38.658Z
sensor.shelly_plug_sg3_wk_waschmaschine_wk_waschmaschine_leistung,13.9,2026-05-27T17:40:39.677Z
sensor.shelly_plug_sg3_wk_waschmaschine_wk_waschmaschine_leistung,4.4,2026-05-27T17:40:40.716Z
sensor.shelly_plug_sg3_wk_waschmaschine_wk_waschmaschine_leistung,7.0,2026-05-27T17:40:45.849Z
sensor.shelly_plug_sg3_wk_waschmaschine_wk_waschmaschine_leistung,19.0,2026-05-27T17:40:46.883Z
sensor.shelly_plug_sg3_wk_waschmaschine_wk_waschmaschine_leistung,16.7,2026-05-27T17:40:47.901Z
sensor.shelly_plug_sg3_wk_waschmaschine_wk_waschmaschine_leistung,11.3,2026-05-27T17:40:48.941Z
sensor.shelly_plug_sg3_wk_waschmaschine_wk_waschmaschine_leistung,3.6,2026-05-27T17:40:49.967Z
sensor.shelly_plug_sg3_wk_waschmaschine_wk_waschmaschine_leistung,14.9,2026-05-27T17:40:54.079Z
sensor.shelly_plug_sg3_wk_waschmaschine_wk_waschmaschine_leistung,16.9,2026-05-27T17:40:56.125Z
sensor.shelly_plug_sg3_wk_waschmaschine_wk_waschmaschine_leistung,3.8,2026-05-27T17:40:58.190Z
sensor.shelly_plug_sg3_wk_waschmaschine_wk_waschmaschine_leistung,3.5,2026-05-27T17:41:00.030Z
sensor.shelly_plug_sg3_wk_waschmaschine_wk_waschmaschine_leistung,21.3,2026-05-27T17:41:03.330Z
sensor.shelly_plug_sg3_wk_waschmaschine_wk_waschmaschine_leistung,14.7,2026-05-27T17:41:04.358Z
sensor.shelly_plug_sg3_wk_waschmaschine_wk_waschmaschine_leistung,16.1,2026-05-27T17:41:05.376Z
sensor.shelly_plug_sg3_wk_waschmaschine_wk_waschmaschine_leistung,4.5,2026-05-27T17:41:06.414Z
sensor.shelly_plug_sg3_wk_waschmaschine_wk_waschmaschine_leistung,17.1,2026-05-27T17:41:12.586Z
sensor.shelly_plug_sg3_wk_waschmaschine_wk_waschmaschine_leistung,13.4,2026-05-27T17:41:14.628Z
sensor.shelly_plug_sg3_wk_waschmaschine_wk_waschmaschine_leistung,4.4,2026-05-27T17:41:15.665Z
sensor.shelly_plug_sg3_wk_waschmaschine_wk_waschmaschine_leistung,10.1,2026-05-27T17:41:19.777Z
sensor.shelly_plug_sg3_wk_waschmaschine_wk_waschmaschine_leistung,17.9,2026-05-27T17:41:20.806Z
sensor.shelly_plug_sg3_wk_waschmaschine_wk_waschmaschine_leistung,20.0,2026-05-27T17:41:21.825Z
sensor.shelly_plug_sg3_wk_waschmaschine_wk_waschmaschine_leistung,16.6,2026-05-27T17:41:22.853Z
sensor.shelly_plug_sg3_wk_waschmaschine_wk_waschmaschine_leistung,3.6,2026-05-27T17:41:23.890Z
sensor.shelly_plug_sg3_wk_waschmaschine_wk_waschmaschine_leistung,18.3,2026-05-27T17:41:29.032Z
sensor.shelly_plug_sg3_wk_waschmaschine_wk_waschmaschine_leistung,15.3,2026-05-27T17:41:30.052Z
sensor.shelly_plug_sg3_wk_waschmaschine_wk_waschmaschine_leistung,17.0,2026-05-27T17:41:31.084Z
sensor.shelly_plug_sg3_wk_waschmaschine_wk_waschmaschine_leistung,6.5,2026-05-27T17:41:32.118Z
sensor.shelly_plug_sg3_wk_waschmaschine_wk_waschmaschine_leistung,3.9,2026-05-27T17:41:33.137Z
sensor.shelly_plug_sg3_wk_waschmaschine_wk_waschmaschine_leistung,15.9,2026-05-27T17:41:38.283Z
sensor.shelly_plug_sg3_wk_waschmaschine_wk_waschmaschine_leistung,17.6,2026-05-27T17:41:39.302Z
sensor.shelly_plug_sg3_wk_waschmaschine_wk_waschmaschine_leistung,15.5,2026-05-27T17:41:40.330Z
sensor.shelly_plug_sg3_wk_waschmaschine_wk_waschmaschine_leistung,3.5,2026-05-27T17:41:41.367Z
sensor.shelly_plug_sg3_wk_waschmaschine_wk_waschmaschine_leistung,5.8,2026-05-27T17:41:45.470Z
sensor.shelly_plug_sg3_wk_waschmaschine_wk_waschmaschine_leistung,21.4,2026-05-27T17:41:46.507Z
sensor.shelly_plug_sg3_wk_waschmaschine_wk_waschmaschine_leistung,17.1,2026-05-27T17:41:47.535Z
sensor.shelly_plug_sg3_wk_waschmaschine_wk_waschmaschine_leistung,12.0,2026-05-27T17:41:48.564Z
sensor.shelly_plug_sg3_wk_waschmaschine_wk_waschmaschine_leistung,4.2,2026-05-27T17:41:49.592Z
sensor.shelly_plug_sg3_wk_waschmaschine_wk_waschmaschine_leistung,14.1,2026-05-27T17:41:54.732Z
sensor.shelly_plug_sg3_wk_waschmaschine_wk_waschmaschine_leistung,19.8,2026-05-27T17:41:55.760Z
sensor.shelly_plug_sg3_wk_waschmaschine_wk_waschmaschine_leistung,16.7,2026-05-27T17:41:56.781Z
sensor.shelly_plug_sg3_wk_waschmaschine_wk_waschmaschine_leistung,8.8,2026-05-27T17:41:57.819Z
sensor.shelly_plug_sg3_wk_waschmaschine_wk_waschmaschine_leistung,3.6,2026-05-27T17:41:58.846Z
sensor.shelly_plug_sg3_wk_waschmaschine_wk_waschmaschine_leistung,19.2,2026-05-27T17:42:02.958Z
sensor.shelly_plug_sg3_wk_waschmaschine_wk_waschmaschine_leistung,14.7,2026-05-27T17:42:03.985Z
sensor.shelly_plug_sg3_wk_waschmaschine_wk_waschmaschine_leistung,16.7,2026-05-27T17:42:05.007Z
sensor.shelly_plug_sg3_wk_waschmaschine_wk_waschmaschine_leistung,3.7,2026-05-27T17:42:07.070Z
sensor.shelly_plug_sg3_wk_waschmaschine_wk_waschmaschine_leistung,22.0,2026-05-27T17:42:12.210Z
sensor.shelly_plug_sg3_wk_waschmaschine_wk_waschmaschine_leistung,17.5,2026-05-27T17:42:13.238Z
sensor.shelly_plug_sg3_wk_waschmaschine_wk_waschmaschine_leistung,14.5,2026-05-27T17:42:14.257Z
sensor.shelly_plug_sg3_wk_waschmaschine_wk_waschmaschine_leistung,3.8,2026-05-27T17:42:15.294Z
sensor.shelly_plug_sg3_wk_waschmaschine_wk_waschmaschine_leistung,8.2,2026-05-27T17:42:20.435Z
sensor.shelly_plug_sg3_wk_waschmaschine_wk_waschmaschine_leistung,16.8,2026-05-27T17:42:21.463Z
sensor.shelly_plug_sg3_wk_waschmaschine_wk_waschmaschine_leistung,11.0,2026-05-27T17:42:23.518Z
sensor.shelly_plug_sg3_wk_waschmaschine_wk_waschmaschine_leistung,4.1,2026-05-27T17:42:24.549Z
sensor.shelly_plug_sg3_wk_waschmaschine_wk_waschmaschine_leistung,17.8,2026-05-27T17:42:28.658Z
sensor.shelly_plug_sg3_wk_waschmaschine_wk_waschmaschine_leistung,13.6,2026-05-27T17:42:29.678Z
sensor.shelly_plug_sg3_wk_waschmaschine_wk_waschmaschine_leistung,19.6,2026-05-27T17:42:30.706Z
sensor.shelly_plug_sg3_wk_waschmaschine_wk_waschmaschine_leistung,16.5,2026-05-27T17:42:31.735Z
sensor.shelly_plug_sg3_wk_waschmaschine_wk_waschmaschine_leistung,3.6,2026-05-27T17:42:32.774Z
sensor.shelly_plug_sg3_wk_waschmaschine_wk_waschmaschine_leistung,20.3,2026-05-27T17:42:37.913Z
sensor.shelly_plug_sg3_wk_waschmaschine_wk_waschmaschine_leistung,15.7,2026-05-27T17:42:38.940Z
sensor.shelly_plug_sg3_wk_waschmaschine_wk_waschmaschine_leistung,4.9,2026-05-27T17:42:40.997Z
sensor.shelly_plug_sg3_wk_waschmaschine_wk_waschmaschine_leistung,3.7,2026-05-27T17:42:42.014Z
sensor.shelly_plug_sg3_wk_waschmaschine_wk_waschmaschine_leistung,18.5,2026-05-27T17:42:47.166Z
sensor.shelly_plug_sg3_wk_waschmaschine_wk_waschmaschine_leistung,16.6,2026-05-27T17:42:48.184Z
sensor.shelly_plug_sg3_wk_waschmaschine_wk_waschmaschine_leistung,13.2,2026-05-27T17:42:49.222Z
sensor.shelly_plug_sg3_wk_waschmaschine_wk_waschmaschine_leistung,3.5,2026-05-27T17:42:50.248Z
sensor.shelly_plug_sg3_wk_waschmaschine_wk_waschmaschine_leistung,11.5,2026-05-27T17:42:54.360Z
sensor.shelly_plug_sg3_wk_waschmaschine_wk_waschmaschine_leistung,18.7,2026-05-27T17:42:55.389Z
sensor.shelly_plug_sg3_wk_waschmaschine_wk_waschmaschine_leistung,16.7,2026-05-27T17:42:56.449Z
sensor.shelly_plug_sg3_wk_waschmaschine_wk_waschmaschine_leistung,9.9,2026-05-27T17:42:57.445Z
sensor.shelly_plug_sg3_wk_waschmaschine_wk_waschmaschine_leistung,4.0,2026-05-27T17:42:58.473Z
sensor.shelly_plug_sg3_wk_waschmaschine_wk_waschmaschine_leistung,3.5,2026-05-27T17:43:00.024Z
sensor.shelly_plug_sg3_wk_waschmaschine_wk_waschmaschine_leistung,19.6,2026-05-27T17:43:03.613Z
sensor.shelly_plug_sg3_wk_waschmaschine_wk_waschmaschine_leistung,18.5,2026-05-27T17:43:04.632Z
sensor.shelly_plug_sg3_wk_waschmaschine_wk_waschmaschine_leistung,16.9,2026-05-27T17:43:05.660Z
sensor.shelly_plug_sg3_wk_waschmaschine_wk_waschmaschine_leistung,5.5,2026-05-27T17:43:06.698Z
sensor.shelly_plug_sg3_wk_waschmaschine_wk_waschmaschine_leistung,3.6,2026-05-27T17:43:07.717Z
sensor.shelly_plug_sg3_wk_waschmaschine_wk_waschmaschine_leistung,20.6,2026-05-27T17:43:11.838Z
sensor.shelly_plug_sg3_wk_waschmaschine_wk_waschmaschine_leistung,16.8,2026-05-27T17:43:12.865Z
sensor.shelly_plug_sg3_wk_waschmaschine_wk_waschmaschine_leistung,15.1,2026-05-27T17:43:14.912Z
sensor.shelly_plug_sg3_wk_waschmaschine_wk_waschmaschine_leistung,3.6,2026-05-27T17:43:15.950Z
sensor.shelly_plug_sg3_wk_waschmaschine_wk_waschmaschine_leistung,6.5,2026-05-27T17:43:20.052Z
sensor.shelly_plug_sg3_wk_waschmaschine_wk_waschmaschine_leistung,21.0,2026-05-27T17:43:21.093Z
sensor.shelly_plug_sg3_wk_waschmaschine_wk_waschmaschine_leistung,19.1,2026-05-27T17:43:22.109Z
sensor.shelly_plug_sg3_wk_waschmaschine_wk_waschmaschine_leistung,11.6,2026-05-27T17:43:23.146Z
sensor.shelly_plug_sg3_wk_waschmaschine_wk_waschmaschine_leistung,3.6,2026-05-27T17:43:24.174Z
sensor.shelly_plug_sg3_wk_waschmaschine_wk_waschmaschine_leistung,15.1,2026-05-27T17:43:29.313Z
sensor.shelly_plug_sg3_wk_waschmaschine_wk_waschmaschine_leistung,16.8,2026-05-27T17:43:30.335Z
sensor.shelly_plug_sg3_wk_waschmaschine_wk_waschmaschine_leistung,8.6,2026-05-27T17:43:32.397Z
sensor.shelly_plug_sg3_wk_waschmaschine_wk_waschmaschine_leistung,4.0,2026-05-27T17:43:33.425Z
sensor.shelly_plug_sg3_wk_waschmaschine_wk_waschmaschine_leistung,21.3,2026-05-27T17:43:37.537Z
sensor.shelly_plug_sg3_wk_waschmaschine_wk_waschmaschine_leistung,14.6,2026-05-27T17:43:38.565Z
sensor.shelly_plug_sg3_wk_waschmaschine_wk_waschmaschine_leistung,18.1,2026-05-27T17:43:39.584Z
sensor.shelly_plug_sg3_wk_waschmaschine_wk_waschmaschine_leistung,16.4,2026-05-27T17:43:40.615Z
sensor.shelly_plug_sg3_wk_waschmaschine_wk_waschmaschine_leistung,3.5,2026-05-27T17:43:41.649Z
sensor.shelly_plug_sg3_wk_waschmaschine_wk_waschmaschine_leistung,21.3,2026-05-27T17:43:46.789Z
sensor.shelly_plug_sg3_wk_waschmaschine_wk_waschmaschine_leistung,17.9,2026-05-27T17:43:47.817Z
sensor.shelly_plug_sg3_wk_waschmaschine_wk_waschmaschine_leistung,14.4,2026-05-27T17:43:48.837Z
sensor.shelly_plug_sg3_wk_waschmaschine_wk_waschmaschine_leistung,4.4,2026-05-27T17:43:49.874Z
sensor.shelly_plug_sg3_wk_waschmaschine_wk_waschmaschine_leistung,9.6,2026-05-27T17:43:55.014Z
sensor.shelly_plug_sg3_wk_waschmaschine_wk_waschmaschine_leistung,20.0,2026-05-27T17:43:56.042Z
sensor.shelly_plug_sg3_wk_waschmaschine_wk_waschmaschine_leistung,16.6,2026-05-27T17:43:57.070Z
sensor.shelly_plug_sg3_wk_waschmaschine_wk_waschmaschine_leistung,10.1,2026-05-27T17:43:58.099Z
sensor.shelly_plug_sg3_wk_waschmaschine_wk_waschmaschine_leistung,3.6,2026-05-27T17:43:59.131Z
sensor.shelly_plug_sg3_wk_waschmaschine_wk_waschmaschine_leistung,18.1,2026-05-27T17:44:03.239Z
sensor.shelly_plug_sg3_wk_waschmaschine_wk_waschmaschine_leistung,16.9,2026-05-27T17:44:04.258Z
sensor.shelly_plug_sg3_wk_waschmaschine_wk_waschmaschine_leistung,7.0,2026-05-27T17:44:06.325Z
sensor.shelly_plug_sg3_wk_waschmaschine_wk_waschmaschine_leistung,3.9,2026-05-27T17:44:07.342Z
sensor.shelly_plug_sg3_wk_waschmaschine_wk_waschmaschine_leistung,22.1,2026-05-27T17:44:12.491Z
sensor.shelly_plug_sg3_wk_waschmaschine_wk_waschmaschine_leistung,17.6,2026-05-27T17:44:13.526Z
sensor.shelly_plug_sg3_wk_waschmaschine_wk_waschmaschine_leistung,15.7,2026-05-27T17:44:14.539Z
sensor.shelly_plug_sg3_wk_waschmaschine_wk_waschmaschine_leistung,4.1,2026-05-27T17:44:15.576Z
sensor.shelly_plug_sg3_wk_waschmaschine_wk_waschmaschine_leistung,22.4,2026-05-27T17:44:20.716Z
sensor.shelly_plug_sg3_wk_waschmaschine_wk_waschmaschine_leistung,17.3,2026-05-27T17:44:21.744Z
sensor.shelly_plug_sg3_wk_waschmaschine_wk_waschmaschine_leistung,15.9,2026-05-27T17:44:22.764Z
sensor.shelly_plug_sg3_wk_waschmaschine_wk_waschmaschine_leistung,12.8,2026-05-27T17:44:23.800Z
sensor.shelly_plug_sg3_wk_waschmaschine_wk_waschmaschine_leistung,3.5,2026-05-27T17:44:24.829Z
sensor.shelly_plug_sg3_wk_waschmaschine_wk_waschmaschine_leistung,13.6,2026-05-27T17:44:28.942Z
sensor.shelly_plug_sg3_wk_waschmaschine_wk_waschmaschine_leistung,15.6,2026-05-27T17:44:29.960Z
sensor.shelly_plug_sg3_wk_waschmaschine_wk_waschmaschine_leistung,20.2,2026-05-27T17:44:30.998Z
sensor.shelly_plug_sg3_wk_waschmaschine_wk_waschmaschine_leistung,9.0,2026-05-27T17:44:32.025Z
sensor.shelly_plug_sg3_wk_waschmaschine_wk_waschmaschine_leistung,3.6,2026-05-27T17:44:33.057Z
sensor.shelly_plug_sg3_wk_waschmaschine_wk_waschmaschine_leistung,20.2,2026-05-27T17:44:38.195Z
sensor.shelly_plug_sg3_wk_waschmaschine_wk_waschmaschine_leistung,16.0,2026-05-27T17:44:39.224Z
sensor.shelly_plug_sg3_wk_waschmaschine_wk_waschmaschine_leistung,17.5,2026-05-27T17:44:40.242Z
sensor.shelly_plug_sg3_wk_waschmaschine_wk_waschmaschine_leistung,5.6,2026-05-27T17:44:41.277Z
sensor.shelly_plug_sg3_wk_waschmaschine_wk_waschmaschine_leistung,3.7,2026-05-27T17:44:42.302Z
sensor.shelly_plug_sg3_wk_waschmaschine_wk_waschmaschine_leistung,22.0,2026-05-27T17:44:46.418Z
sensor.shelly_plug_sg3_wk_waschmaschine_wk_waschmaschine_leistung,16.6,2026-05-27T17:44:47.445Z
sensor.shelly_plug_sg3_wk_waschmaschine_wk_waschmaschine_leistung,19.7,2026-05-27T17:44:48.465Z
sensor.shelly_plug_sg3_wk_waschmaschine_wk_waschmaschine_leistung,13.9,2026-05-27T17:44:49.493Z
sensor.shelly_plug_sg3_wk_waschmaschine_wk_waschmaschine_leistung,3.5,2026-05-27T17:44:50.530Z
sensor.shelly_plug_sg3_wk_waschmaschine_wk_waschmaschine_leistung,7.7,2026-05-27T17:44:54.642Z
sensor.shelly_plug_sg3_wk_waschmaschine_wk_waschmaschine_leistung,18.6,2026-05-27T17:44:55.671Z
sensor.shelly_plug_sg3_wk_waschmaschine_wk_waschmaschine_leistung,17.6,2026-05-27T17:44:56.690Z
sensor.shelly_plug_sg3_wk_waschmaschine_wk_waschmaschine_leistung,10.3,2026-05-27T17:44:57.729Z
sensor.shelly_plug_sg3_wk_waschmaschine_wk_waschmaschine_leistung,4.1,2026-05-27T17:44:58.757Z
sensor.shelly_plug_sg3_wk_waschmaschine_wk_waschmaschine_leistung,3.6,2026-05-27T17:45:00.020Z
sensor.shelly_plug_sg3_wk_waschmaschine_wk_waschmaschine_leistung,17.3,2026-05-27T17:45:03.895Z
sensor.shelly_plug_sg3_wk_waschmaschine_wk_waschmaschine_leistung,19.6,2026-05-27T17:45:04.914Z
sensor.shelly_plug_sg3_wk_waschmaschine_wk_waschmaschine_leistung,17.2,2026-05-27T17:45:05.944Z
sensor.shelly_plug_sg3_wk_waschmaschine_wk_waschmaschine_leistung,7.3,2026-05-27T17:45:06.979Z
sensor.shelly_plug_sg3_wk_waschmaschine_wk_waschmaschine_leistung,3.6,2026-05-27T17:45:08.010Z
sensor.shelly_plug_sg3_wk_waschmaschine_wk_waschmaschine_leistung,19.4,2026-05-27T17:45:12.120Z
sensor.shelly_plug_sg3_wk_waschmaschine_wk_waschmaschine_leistung,15.1,2026-05-27T17:45:13.148Z
sensor.shelly_plug_sg3_wk_waschmaschine_wk_waschmaschine_leistung,16.9,2026-05-27T17:45:14.170Z
sensor.shelly_plug_sg3_wk_waschmaschine_wk_waschmaschine_leistung,4.9,2026-05-27T17:45:15.203Z
sensor.shelly_plug_sg3_wk_waschmaschine_wk_waschmaschine_leistung,3.6,2026-05-27T17:45:16.223Z
sensor.shelly_plug_sg3_wk_waschmaschine_wk_waschmaschine_leistung,21.6,2026-05-27T17:45:21.372Z
sensor.shelly_plug_sg3_wk_waschmaschine_wk_waschmaschine_leistung,18.7,2026-05-27T17:45:22.400Z
sensor.shelly_plug_sg3_wk_waschmaschine_wk_waschmaschine_leistung,12.8,2026-05-27T17:45:23.428Z
sensor.shelly_plug_sg3_wk_waschmaschine_wk_waschmaschine_leistung,3.6,2026-05-27T17:45:24.459Z
sensor.shelly_plug_sg3_wk_waschmaschine_wk_waschmaschine_leistung,13.6,2026-05-27T17:45:29.598Z
sensor.shelly_plug_sg3_wk_waschmaschine_wk_waschmaschine_leistung,16.5,2026-05-27T17:45:30.616Z
sensor.shelly_plug_sg3_wk_waschmaschine_wk_waschmaschine_leistung,15.2,2026-05-27T17:45:31.643Z
sensor.shelly_plug_sg3_wk_waschmaschine_wk_waschmaschine_leistung,9.6,2026-05-27T17:45:32.680Z
sensor.shelly_plug_sg3_wk_waschmaschine_wk_waschmaschine_leistung,3.5,2026-05-27T17:45:33.708Z
sensor.shelly_plug_sg3_wk_waschmaschine_wk_waschmaschine_leistung,10.4,2026-05-27T17:46:06.602Z
sensor.shelly_plug_sg3_wk_waschmaschine_wk_waschmaschine_leistung,17.4,2026-05-27T17:46:07.632Z
sensor.shelly_plug_sg3_wk_waschmaschine_wk_waschmaschine_leistung,7.2,2026-05-27T17:46:09.686Z
sensor.shelly_plug_sg3_wk_waschmaschine_wk_waschmaschine_leistung,3.5,2026-05-27T17:46:10.705Z
sensor.shelly_plug_sg3_wk_waschmaschine_wk_waschmaschine_leistung,12.7,2026-05-27T17:46:44.633Z
sensor.shelly_plug_sg3_wk_waschmaschine_wk_waschmaschine_leistung,16.0,2026-05-27T17:46:45.651Z
sensor.shelly_plug_sg3_wk_waschmaschine_wk_waschmaschine_leistung,6.9,2026-05-27T17:46:47.716Z
sensor.shelly_plug_sg3_wk_waschmaschine_wk_waschmaschine_leistung,3.6,2026-05-27T17:46:48.737Z
sensor.shelly_plug_sg3_wk_waschmaschine_wk_waschmaschine_leistung,3.5,2026-05-27T17:47:00.017Z
sensor.shelly_plug_sg3_wk_waschmaschine_wk_waschmaschine_leistung,15.0,2026-05-27T17:47:22.676Z
sensor.shelly_plug_sg3_wk_waschmaschine_wk_waschmaschine_leistung,16.8,2026-05-27T17:47:23.693Z
sensor.shelly_plug_sg3_wk_waschmaschine_wk_waschmaschine_leistung,3.5,2026-05-27T17:47:25.759Z
sensor.shelly_plug_sg3_wk_waschmaschine_wk_waschmaschine_leistung,16.6,2026-05-27T17:47:59.679Z
sensor.shelly_plug_sg3_wk_waschmaschine_wk_waschmaschine_leistung,13.5,2026-05-27T17:48:00.698Z
sensor.shelly_plug_sg3_wk_waschmaschine_wk_waschmaschine_leistung,15.3,2026-05-27T17:48:01.726Z
sensor.shelly_plug_sg3_wk_waschmaschine_wk_waschmaschine_leistung,4.7,2026-05-27T17:48:02.764Z
sensor.shelly_plug_sg3_wk_waschmaschine_wk_waschmaschine_leistung,3.6,2026-05-27T17:48:03.785Z
sensor.shelly_plug_sg3_wk_waschmaschine_wk_waschmaschine_leistung,18.4,2026-05-27T17:48:37.713Z
sensor.shelly_plug_sg3_wk_waschmaschine_wk_waschmaschine_leistung,16.5,2026-05-27T17:48:38.733Z
sensor.shelly_plug_sg3_wk_waschmaschine_wk_waschmaschine_leistung,14.1,2026-05-27T17:48:39.775Z
sensor.shelly_plug_sg3_wk_waschmaschine_wk_waschmaschine_leistung,3.8,2026-05-27T17:48:40.798Z
sensor.shelly_plug_sg3_wk_waschmaschine_wk_waschmaschine_leistung,3.6,2026-05-27T17:49:00.011Z
sensor.shelly_plug_sg3_wk_waschmaschine_wk_waschmaschine_leistung,16.5,2026-05-27T17:49:14.717Z
sensor.shelly_plug_sg3_wk_waschmaschine_wk_waschmaschine_leistung,15.1,2026-05-27T17:49:16.764Z
sensor.shelly_plug_sg3_wk_waschmaschine_wk_waschmaschine_leistung,4.0,2026-05-27T17:49:17.801Z
sensor.shelly_plug_sg3_wk_waschmaschine_wk_waschmaschine_leistung,5.3,2026-05-27T17:49:51.715Z
sensor.shelly_plug_sg3_wk_waschmaschine_wk_waschmaschine_leistung,18.7,2026-05-27T17:49:52.750Z
sensor.shelly_plug_sg3_wk_waschmaschine_wk_waschmaschine_leistung,17.7,2026-05-27T17:49:53.768Z
sensor.shelly_plug_sg3_wk_waschmaschine_wk_waschmaschine_leistung,11.9,2026-05-27T17:49:54.805Z
sensor.shelly_plug_sg3_wk_waschmaschine_wk_waschmaschine_leistung,3.7,2026-05-27T17:49:55.834Z
sensor.shelly_plug_sg3_wk_waschmaschine_wk_waschmaschine_leistung,3.5,2026-05-27T17:50:00.010Z
sensor.shelly_plug_sg3_wk_waschmaschine_wk_waschmaschine_leistung,2.4,2026-05-27T17:50:26.660Z
sensor.shelly_plug_sg3_wk_waschmaschine_wk_waschmaschine_leistung,6.0,2026-05-27T17:50:29.744Z
sensor.shelly_plug_sg3_wk_waschmaschine_wk_waschmaschine_leistung,15.6,2026-05-27T17:50:30.782Z
sensor.shelly_plug_sg3_wk_waschmaschine_wk_waschmaschine_leistung,9.7,2026-05-27T17:50:32.839Z
sensor.shelly_plug_sg3_wk_waschmaschine_wk_waschmaschine_leistung,2.7,2026-05-27T17:50:33.866Z
sensor.shelly_plug_sg3_wk_waschmaschine_wk_waschmaschine_leistung,2.4,2026-05-27T17:51:00.004Z
sensor.shelly_plug_sg3_wk_waschmaschine_wk_waschmaschine_leistung,7.9,2026-05-27T17:51:06.758Z
sensor.shelly_plug_sg3_wk_waschmaschine_wk_waschmaschine_leistung,15.7,2026-05-27T17:51:07.788Z
sensor.shelly_plug_sg3_wk_waschmaschine_wk_waschmaschine_leistung,2.5,2026-05-27T17:51:10.872Z
sensor.shelly_plug_sg3_wk_waschmaschine_wk_waschmaschine_leistung,10.4,2026-05-27T17:51:44.789Z
sensor.shelly_plug_sg3_wk_waschmaschine_wk_waschmaschine_leistung,12.3,2026-05-27T17:51:45.808Z
sensor.shelly_plug_sg3_wk_waschmaschine_wk_waschmaschine_leistung,14.5,2026-05-27T17:51:46.838Z
sensor.shelly_plug_sg3_wk_waschmaschine_wk_waschmaschine_leistung,6.6,2026-05-27T17:51:47.873Z
sensor.shelly_plug_sg3_wk_waschmaschine_wk_waschmaschine_leistung,2.6,2026-05-27T17:51:48.902Z
sensor.shelly_plug_sg3_wk_waschmaschine_wk_waschmaschine_leistung,2.4,2026-05-27T17:52:00.003Z
sensor.shelly_plug_sg3_wk_waschmaschine_wk_waschmaschine_leistung,14.8,2026-05-27T17:52:22.821Z
sensor.shelly_plug_sg3_wk_waschmaschine_wk_waschmaschine_leistung,17.8,2026-05-27T17:52:23.842Z
sensor.shelly_plug_sg3_wk_waschmaschine_wk_waschmaschine_leistung,14.9,2026-05-27T17:52:24.869Z
sensor.shelly_plug_sg3_wk_waschmaschine_wk_waschmaschine_leistung,4.4,2026-05-27T17:52:25.908Z
sensor.shelly_plug_sg3_wk_waschmaschine_wk_waschmaschine_leistung,2.5,2026-05-27T17:52:26.925Z
sensor.shelly_plug_sg3_wk_waschmaschine_wk_waschmaschine_leistung,14.3,2026-05-27T17:52:59.828Z
sensor.shelly_plug_sg3_wk_waschmaschine_wk_waschmaschine_leistung,12.3,2026-05-27T17:53:00.845Z
sensor.shelly_plug_sg3_wk_waschmaschine_wk_waschmaschine_leistung,14.7,2026-05-27T17:53:01.873Z
sensor.shelly_plug_sg3_wk_waschmaschine_wk_waschmaschine_leistung,4.1,2026-05-27T17:53:02.913Z
sensor.shelly_plug_sg3_wk_waschmaschine_wk_waschmaschine_leistung,2.4,2026-05-27T17:53:03.931Z
sensor.shelly_plug_sg3_wk_waschmaschine_wk_waschmaschine_leistung,17.4,2026-05-27T17:53:37.859Z
sensor.shelly_plug_sg3_wk_waschmaschine_wk_waschmaschine_leistung,14.6,2026-05-27T17:53:38.888Z
sensor.shelly_plug_sg3_wk_waschmaschine_wk_waschmaschine_leistung,2.9,2026-05-27T17:53:40.945Z
sensor.shelly_plug_sg3_wk_waschmaschine_wk_waschmaschine_leistung,2.5,2026-05-27T17:53:59.997Z
sensor.shelly_plug_sg3_wk_waschmaschine_wk_waschmaschine_leistung,13.5,2026-05-27T17:54:15.891Z
sensor.shelly_plug_sg3_wk_waschmaschine_wk_waschmaschine_leistung,12.3,2026-05-27T17:54:17.937Z
sensor.shelly_plug_sg3_wk_waschmaschine_wk_waschmaschine_leistung,2.5,2026-05-27T17:54:18.974Z
sensor.shelly_plug_sg3_wk_waschmaschine_wk_waschmaschine_leistung,3.6,2026-05-27T17:54:51.857Z
sensor.shelly_plug_sg3_wk_waschmaschine_wk_waschmaschine_leistung,18.1,2026-05-27T17:54:52.894Z
sensor.shelly_plug_sg3_wk_waschmaschine_wk_waschmaschine_leistung,15.8,2026-05-27T17:54:53.913Z
sensor.shelly_plug_sg3_wk_waschmaschine_wk_waschmaschine_leistung,14.6,2026-05-27T17:54:54.952Z
sensor.shelly_plug_sg3_wk_waschmaschine_wk_waschmaschine_leistung,2.6,2026-05-27T17:54:55.978Z
sensor.shelly_plug_sg3_wk_waschmaschine_wk_waschmaschine_leistung,2.5,2026-05-27T17:54:59.997Z
sensor.shelly_plug_sg3_wk_waschmaschine_wk_waschmaschine_leistung,5.1,2026-05-27T17:55:29.891Z
sensor.shelly_plug_sg3_wk_waschmaschine_wk_waschmaschine_leistung,15.0,2026-05-27T17:55:30.929Z
sensor.shelly_plug_sg3_wk_waschmaschine_wk_waschmaschine_leistung,10.5,2026-05-27T17:55:32.982Z
sensor.shelly_plug_sg3_wk_waschmaschine_wk_waschmaschine_leistung,2.7,2026-05-27T17:55:34.010Z
sensor.shelly_plug_sg3_wk_waschmaschine_wk_waschmaschine_leistung,2.4,2026-05-27T17:55:59.992Z
sensor.shelly_plug_sg3_wk_waschmaschine_wk_waschmaschine_leistung,18.6,2026-05-27T17:56:07.930Z
sensor.shelly_plug_sg3_wk_waschmaschine_wk_waschmaschine_leistung,14.4,2026-05-27T17:56:08.961Z
sensor.shelly_plug_sg3_wk_waschmaschine_wk_waschmaschine_leistung,15.9,2026-05-27T17:56:09.976Z
sensor.shelly_plug_sg3_wk_waschmaschine_wk_waschmaschine_leistung,7.7,2026-05-27T17:56:11.014Z
sensor.shelly_plug_sg3_wk_waschmaschine_wk_waschmaschine_leistung,2.5,2026-05-27T17:56:12.042Z
sensor.shelly_plug_sg3_wk_waschmaschine_wk_waschmaschine_leistung,9.2,2026-05-27T17:56:44.935Z
sensor.shelly_plug_sg3_wk_waschmaschine_wk_waschmaschine_leistung,12.5,2026-05-27T17:56:45.954Z
sensor.shelly_plug_sg3_wk_waschmaschine_wk_waschmaschine_leistung,15.3,2026-05-27T17:56:46.989Z
sensor.shelly_plug_sg3_wk_waschmaschine_wk_waschmaschine_leistung,7.1,2026-05-27T17:56:48.021Z
sensor.shelly_plug_sg3_wk_waschmaschine_wk_waschmaschine_leistung,2.5,2026-05-27T17:56:49.048Z
sensor.shelly_plug_sg3_wk_waschmaschine_wk_waschmaschine_leistung,2.4,2026-05-27T17:56:59.992Z
sensor.shelly_plug_sg3_wk_waschmaschine_wk_waschmaschine_leistung,11.4,2026-05-27T17:57:22.967Z
sensor.shelly_plug_sg3_wk_waschmaschine_wk_waschmaschine_leistung,15.3,2026-05-27T17:57:23.987Z
sensor.shelly_plug_sg3_wk_waschmaschine_wk_waschmaschine_leistung,4.9,2026-05-27T17:57:26.051Z
sensor.shelly_plug_sg3_wk_waschmaschine_wk_waschmaschine_leistung,2.4,2026-05-27T17:57:27.070Z
sensor.shelly_plug_sg3_wk_waschmaschine_wk_waschmaschine_leistung,13.7,2026-05-27T17:57:59.978Z
sensor.shelly_plug_sg3_wk_waschmaschine_wk_waschmaschine_leistung,12.2,2026-05-27T17:58:00.989Z
sensor.shelly_plug_sg3_wk_waschmaschine_wk_waschmaschine_leistung,14.5,2026-05-27T17:58:02.018Z
sensor.shelly_plug_sg3_wk_waschmaschine_wk_waschmaschine_leistung,2.5,2026-05-27T17:58:04.082Z
sensor.shelly_plug_sg3_wk_waschmaschine_wk_waschmaschine_leistung,15.6,2026-05-27T17:58:38.004Z
sensor.shelly_plug_sg3_wk_waschmaschine_wk_waschmaschine_leistung,13.0,2026-05-27T17:58:39.022Z
sensor.shelly_plug_sg3_wk_waschmaschine_wk_waschmaschine_leistung,15.7,2026-05-27T17:58:40.049Z
sensor.shelly_plug_sg3_wk_waschmaschine_wk_waschmaschine_leistung,3.1,2026-05-27T17:58:41.086Z
sensor.shelly_plug_sg3_wk_waschmaschine_wk_waschmaschine_leistung,2.4,2026-05-27T17:58:59.987Z
sensor.shelly_plug_sg3_wk_waschmaschine_wk_waschmaschine_leistung,12.7,2026-05-27T17:59:16.035Z
sensor.shelly_plug_sg3_wk_waschmaschine_wk_waschmaschine_leistung,3.4,2026-05-27T17:59:19.118Z
sensor.shelly_plug_sg3_wk_waschmaschine_wk_waschmaschine_leistung,18.1,2026-05-27T17:59:53.035Z
sensor.shelly_plug_sg3_wk_waschmaschine_wk_waschmaschine_leistung,14.9,2026-05-27T17:59:54.064Z
sensor.shelly_plug_sg3_wk_waschmaschine_wk_waschmaschine_leistung,2.7,2026-05-27T17:59:56.119Z
sensor.shelly_plug_sg3_wk_waschmaschine_wk_waschmaschine_leistung,2.4,2026-05-27T17:59:59.986Z
sensor.shelly_plug_sg3_wk_waschmaschine_wk_waschmaschine_leistung,4.2,2026-05-27T18:00:30.032Z
sensor.shelly_plug_sg3_wk_waschmaschine_wk_waschmaschine_leistung,15.2,2026-05-27T18:00:31.068Z
sensor.shelly_plug_sg3_wk_waschmaschine_wk_waschmaschine_leistung,10.7,2026-05-27T18:00:33.133Z
sensor.shelly_plug_sg3_wk_waschmaschine_wk_waschmaschine_leistung,3.0,2026-05-27T18:00:34.151Z
sensor.shelly_plug_sg3_wk_waschmaschine_wk_waschmaschine_leistung,2.5,2026-05-27T18:00:59.988Z
sensor.shelly_plug_sg3_wk_waschmaschine_wk_waschmaschine_leistung,5.6,2026-05-27T18:01:08.062Z
sensor.shelly_plug_sg3_wk_waschmaschine_wk_waschmaschine_leistung,16.7,2026-05-27T18:01:09.102Z
sensor.shelly_plug_sg3_wk_waschmaschine_wk_waschmaschine_leistung,14.6,2026-05-27T18:01:10.118Z
sensor.shelly_plug_sg3_wk_waschmaschine_wk_waschmaschine_leistung,9.5,2026-05-27T18:01:11.156Z
sensor.shelly_plug_sg3_wk_waschmaschine_wk_waschmaschine_leistung,2.4,2026-05-27T18:01:12.184Z
sensor.shelly_plug_sg3_wk_waschmaschine_wk_waschmaschine_leistung,7.8,2026-05-27T18:01:45.072Z
sensor.shelly_plug_sg3_wk_waschmaschine_wk_waschmaschine_leistung,13.1,2026-05-27T18:01:46.101Z
sensor.shelly_plug_sg3_wk_waschmaschine_wk_waschmaschine_leistung,15.1,2026-05-27T18:01:47.120Z
sensor.shelly_plug_sg3_wk_waschmaschine_wk_waschmaschine_leistung,14.1,2026-05-27T18:01:48.150Z
sensor.shelly_plug_sg3_wk_waschmaschine_wk_waschmaschine_leistung,2.7,2026-05-27T18:01:49.185Z
sensor.shelly_plug_sg3_wk_waschmaschine_wk_waschmaschine_leistung,2.5,2026-05-27T18:01:59.980Z
sensor.shelly_plug_sg3_wk_waschmaschine_wk_waschmaschine_leistung,9.8,2026-05-27T18:02:23.104Z
sensor.shelly_plug_sg3_wk_waschmaschine_wk_waschmaschine_leistung,15.3,2026-05-27T18:02:24.132Z
sensor.shelly_plug_sg3_wk_waschmaschine_wk_waschmaschine_leistung,5.7,2026-05-27T18:02:26.188Z
sensor.shelly_plug_sg3_wk_waschmaschine_wk_waschmaschine_leistung,2.5,2026-05-27T18:02:27.210Z
sensor.shelly_plug_sg3_wk_waschmaschine_wk_waschmaschine_leistung,12.3,2026-05-27T18:03:01.134Z
sensor.shelly_plug_sg3_wk_waschmaschine_wk_waschmaschine_leistung,14.6,2026-05-27T18:03:02.155Z
sensor.shelly_plug_sg3_wk_waschmaschine_wk_waschmaschine_leistung,5.4,2026-05-27T18:03:04.223Z
sensor.shelly_plug_sg3_wk_waschmaschine_wk_waschmaschine_leistung,2.5,2026-05-27T18:03:05.240Z
sensor.shelly_plug_sg3_wk_waschmaschine_wk_waschmaschine_leistung,14.6,2026-05-27T18:03:38.136Z
sensor.shelly_plug_sg3_wk_waschmaschine_wk_waschmaschine_leistung,3.5,2026-05-27T18:03:41.227Z
sensor.shelly_plug_sg3_wk_waschmaschine_wk_waschmaschine_leistung,2.4,2026-05-27T18:03:48.406Z
sensor.shelly_plug_sg3_wk_waschmaschine_wk_waschmaschine_leistung,2.5,2026-05-27T18:03:59.975Z
sensor.shelly_plug_sg3_wk_waschmaschine_wk_waschmaschine_leistung,15.3,2026-05-27T18:04:16.168Z
sensor.shelly_plug_sg3_wk_waschmaschine_wk_waschmaschine_leistung,14.0,2026-05-27T18:04:17.188Z
sensor.shelly_plug_sg3_wk_waschmaschine_wk_waschmaschine_leistung,3.6,2026-05-27T18:04:19.252Z
sensor.shelly_plug_sg3_wk_waschmaschine_wk_waschmaschine_leistung,2.5,2026-05-27T18:04:20.271Z
sensor.shelly_plug_sg3_wk_waschmaschine_wk_waschmaschine_leistung,17.9,2026-05-27T18:04:53.162Z
sensor.shelly_plug_sg3_wk_waschmaschine_wk_waschmaschine_leistung,14.2,2026-05-27T18:04:54.200Z
sensor.shelly_plug_sg3_wk_waschmaschine_wk_waschmaschine_leistung,2.5,2026-05-27T18:04:57.285Z
sensor.shelly_plug_sg3_wk_waschmaschine_wk_waschmaschine_leistung,16.4,2026-05-27T18:05:31.203Z
sensor.shelly_plug_sg3_wk_waschmaschine_wk_waschmaschine_leistung,13.9,2026-05-27T18:05:32.222Z
sensor.shelly_plug_sg3_wk_waschmaschine_wk_waschmaschine_leistung,11.7,2026-05-27T18:05:33.259Z
sensor.shelly_plug_sg3_wk_waschmaschine_wk_waschmaschine_leistung,3.1,2026-05-27T18:05:34.287Z
sensor.shelly_plug_sg3_wk_waschmaschine_wk_waschmaschine_leistung,2.5,2026-05-27T18:06:00.051Z
sensor.shelly_plug_sg3_wk_waschmaschine_wk_waschmaschine_leistung,4.6,2026-05-27T18:06:08.196Z
sensor.shelly_plug_sg3_wk_waschmaschine_wk_waschmaschine_leistung,18.3,2026-05-27T18:06:09.233Z
sensor.shelly_plug_sg3_wk_waschmaschine_wk_waschmaschine_leistung,14.2,2026-05-27T18:06:10.263Z
sensor.shelly_plug_sg3_wk_waschmaschine_wk_waschmaschine_leistung,11.0,2026-05-27T18:06:11.282Z
sensor.shelly_plug_sg3_wk_waschmaschine_wk_waschmaschine_leistung,2.6,2026-05-27T18:06:12.318Z
sensor.shelly_plug_sg3_wk_waschmaschine_wk_waschmaschine_leistung,14.6,2026-05-27T18:06:46.237Z
sensor.shelly_plug_sg3_wk_waschmaschine_wk_waschmaschine_leistung,2.8,2026-05-27T18:06:49.321Z
sensor.shelly_plug_sg3_wk_waschmaschine_wk_waschmaschine_leistung,2.5,2026-05-27T18:07:00.048Z
sensor.shelly_plug_sg3_wk_waschmaschine_wk_waschmaschine_leistung,8.4,2026-05-27T18:07:23.242Z
sensor.shelly_plug_sg3_wk_waschmaschine_wk_waschmaschine_leistung,16.4,2026-05-27T18:07:24.272Z
sensor.shelly_plug_sg3_wk_waschmaschine_wk_waschmaschine_leistung,7.3,2026-05-27T18:07:26.326Z
sensor.shelly_plug_sg3_wk_waschmaschine_wk_waschmaschine_leistung,2.5,2026-05-27T18:07:27.355Z
sensor.shelly_plug_sg3_wk_waschmaschine_wk_waschmaschine_leistung,10.9,2026-05-27T18:08:01.278Z
sensor.shelly_plug_sg3_wk_waschmaschine_wk_waschmaschine_leistung,15.1,2026-05-27T18:08:02.293Z
sensor.shelly_plug_sg3_wk_waschmaschine_wk_waschmaschine_leistung,6.4,2026-05-27T18:08:04.357Z
sensor.shelly_plug_sg3_wk_waschmaschine_wk_waschmaschine_leistung,2.5,2026-05-27T18:08:05.387Z
sensor.shelly_plug_sg3_wk_waschmaschine_wk_waschmaschine_leistung,13.2,2026-05-27T18:08:38.277Z
sensor.shelly_plug_sg3_wk_waschmaschine_wk_waschmaschine_leistung,14.4,2026-05-27T18:08:39.298Z
sensor.shelly_plug_sg3_wk_waschmaschine_wk_waschmaschine_leistung,16.3,2026-05-27T18:08:40.326Z
sensor.shelly_plug_sg3_wk_waschmaschine_wk_waschmaschine_leistung,2.4,2026-05-27T18:08:42.389Z
sensor.shelly_plug_sg3_wk_waschmaschine_wk_waschmaschine_leistung,2.5,2026-05-27T18:09:00.043Z
sensor.shelly_plug_sg3_wk_waschmaschine_wk_waschmaschine_leistung,14.9,2026-05-27T18:09:16.308Z
sensor.shelly_plug_sg3_wk_waschmaschine_wk_waschmaschine_leistung,12.4,2026-05-27T18:09:17.327Z
sensor.shelly_plug_sg3_wk_waschmaschine_wk_waschmaschine_leistung,14.1,2026-05-27T18:09:18.388Z
sensor.shelly_plug_sg3_wk_waschmaschine_wk_waschmaschine_leistung,4.0,2026-05-27T18:09:19.392Z
sensor.shelly_plug_sg3_wk_waschmaschine_wk_waschmaschine_leistung,2.5,2026-05-27T18:09:20.411Z
sensor.shelly_plug_sg3_wk_waschmaschine_wk_waschmaschine_leistung,14.5,2026-05-27T18:09:54.338Z
sensor.shelly_plug_sg3_wk_waschmaschine_wk_waschmaschine_leistung,2.8,2026-05-27T18:09:57.422Z
sensor.shelly_plug_sg3_wk_waschmaschine_wk_waschmaschine_leistung,2.4,2026-05-27T18:10:00.041Z
sensor.shelly_plug_sg3_wk_waschmaschine_wk_waschmaschine_leistung,4.1,2026-05-27T18:10:26.190Z
sensor.shelly_plug_sg3_wk_waschmaschine_wk_waschmaschine_leistung,7.6,2026-05-27T18:10:27.222Z
sensor.shelly_plug_sg3_wk_waschmaschine_wk_waschmaschine_leistung,4.9,2026-05-27T18:10:38.525Z
sensor.shelly_plug_sg3_wk_waschmaschine_wk_waschmaschine_leistung,3.5,2026-05-27T18:10:39.553Z
sensor.shelly_plug_sg3_wk_waschmaschine_wk_waschmaschine_leistung,3.6,2026-05-27T18:12:00.043Z
sensor.shelly_plug_sg3_wk_waschmaschine_wk_waschmaschine_leistung,3.5,2026-05-27T18:14:00.032Z
sensor.shelly_plug_sg3_wk_waschmaschine_wk_waschmaschine_leistung,2.4,2026-05-27T18:20:26.452Z
sensor.shelly_plug_sg3_wk_waschmaschine_wk_waschmaschine_leistung,2.5,2026-05-27T18:21:00.020Z
sensor.shelly_plug_sg3_wk_waschmaschine_wk_waschmaschine_leistung,2.4,2026-05-27T18:25:00.007Z
sensor.shelly_plug_sg3_wk_waschmaschine_wk_waschmaschine_leistung,0.0,2026-05-27T18:25:24.533Z
